solid ASCII
  facet normal 0.000000e+00 0.000000e+00 -1.000000e+00
    outer loop
      vertex   -6.500000e-02 -6.500000e-02 -2.500000e-01
      vertex   1.778000e-03 -5.997365e-02 -2.500000e-01
      vertex   6.500000e-02 -6.500000e-02 -2.500000e-01
    endloop
  endfacet
  facet normal 0.000000e+00 0.000000e+00 -1.000000e+00
    outer loop
      vertex   6.500000e-02 -6.500000e-02 -2.500000e-01
      vertex   1.778000e-03 -5.997365e-02 -2.500000e-01
      vertex   5.327754e-03 -5.976299e-02 -2.500000e-01
    endloop
  endfacet
  facet normal 0.000000e+00 0.000000e+00 -1.000000e+00
    outer loop
      vertex   6.500000e-02 -6.500000e-02 -2.500000e-01
      vertex   5.327754e-03 -5.976299e-02 -2.500000e-01
      vertex   8.858794e-03 -5.934241e-02 -2.500000e-01
    endloop
  endfacet
  facet normal 0.000000e+00 0.000000e+00 -1.000000e+00
    outer loop
      vertex   -6.500000e-02 6.500000e-02 -2.500000e-01
      vertex   -6.000000e-02 0.000000e+00 -2.500000e-01
      vertex   -6.500000e-02 -6.500000e-02 -2.500000e-01
    endloop
  endfacet
  facet normal 0.000000e+00 0.000000e+00 -1.000000e+00
    outer loop
      vertex   -6.500000e-02 -6.500000e-02 -2.500000e-01
      vertex   -6.000000e-02 0.000000e+00 -2.500000e-01
      vertex   -5.989462e-02 -3.554438e-03 -2.500000e-01
    endloop
  endfacet
  facet normal 0.000000e+00 0.000000e+00 -1.000000e+00
    outer loop
      vertex   -6.500000e-02 -6.500000e-02 -2.500000e-01
      vertex   -5.989462e-02 -3.554438e-03 -2.500000e-01
      vertex   -5.957887e-02 -7.096390e-03 -2.500000e-01
    endloop
  endfacet
  facet normal -0.000000e+00 0.000000e+00 -1.000000e+00
    outer loop
      vertex   6.500000e-02 6.500000e-02 -2.500000e-01
      vertex   -1.778000e-03 5.997365e-02 -2.500000e-01
      vertex   -6.500000e-02 6.500000e-02 -2.500000e-01
    endloop
  endfacet
  facet normal 0.000000e+00 0.000000e+00 -1.000000e+00
    outer loop
      vertex   -6.500000e-02 6.500000e-02 -2.500000e-01
      vertex   -1.778000e-03 5.997365e-02 -2.500000e-01
      vertex   -5.327754e-03 5.976299e-02 -2.500000e-01
    endloop
  endfacet
  facet normal 0.000000e+00 0.000000e+00 -1.000000e+00
    outer loop
      vertex   -6.500000e-02 6.500000e-02 -2.500000e-01
      vertex   -5.327754e-03 5.976299e-02 -2.500000e-01
      vertex   -8.858794e-03 5.934241e-02 -2.500000e-01
    endloop
  endfacet
  facet normal 0.000000e+00 0.000000e+00 -1.000000e+00
    outer loop
      vertex   6.500000e-02 -6.500000e-02 -2.500000e-01
      vertex   6.000000e-02 8.881784e-18 -2.500000e-01
      vertex   6.500000e-02 6.500000e-02 -2.500000e-01
    endloop
  endfacet
  facet normal 0.000000e+00 0.000000e+00 -1.000000e+00
    outer loop
      vertex   6.500000e-02 6.500000e-02 -2.500000e-01
      vertex   6.000000e-02 8.881784e-18 -2.500000e-01
      vertex   5.989462e-02 3.554438e-03 -2.500000e-01
    endloop
  endfacet
  facet normal 0.000000e+00 0.000000e+00 -1.000000e+00
    outer loop
      vertex   6.500000e-02 6.500000e-02 -2.500000e-01
      vertex   5.989462e-02 3.554438e-03 -2.500000e-01
      vertex   5.957887e-02 7.096390e-03 -2.500000e-01
    endloop
  endfacet
  facet normal 0.000000e+00 0.000000e+00 -1.000000e+00
    outer loop
      vertex   5.957887e-02 7.096390e-03 -2.500000e-01
      vertex   5.905383e-02 1.061342e-02 -2.500000e-01
      vertex   6.500000e-02 6.500000e-02 -2.500000e-01
    endloop
  endfacet
  facet normal 0.000000e+00 0.000000e+00 -1.000000e+00
    outer loop
      vertex   6.500000e-02 6.500000e-02 -2.500000e-01
      vertex   5.905383e-02 1.061342e-02 -2.500000e-01
      vertex   5.832137e-02 1.409316e-02 -2.500000e-01
    endloop
  endfacet
  facet normal 0.000000e+00 0.000000e+00 -1.000000e+00
    outer loop
      vertex   6.500000e-02 6.500000e-02 -2.500000e-01
      vertex   5.832137e-02 1.409316e-02 -2.500000e-01
      vertex   5.738406e-02 1.752341e-02 -2.500000e-01
    endloop
  endfacet
  facet normal 0.000000e+00 0.000000e+00 -1.000000e+00
    outer loop
      vertex   5.738406e-02 1.752341e-02 -2.500000e-01
      vertex   5.624518e-02 2.089210e-02 -2.500000e-01
      vertex   6.500000e-02 6.500000e-02 -2.500000e-01
    endloop
  endfacet
  facet normal 0.000000e+00 0.000000e+00 -1.000000e+00
    outer loop
      vertex   6.500000e-02 6.500000e-02 -2.500000e-01
      vertex   5.624518e-02 2.089210e-02 -2.500000e-01
      vertex   5.490874e-02 2.418741e-02 -2.500000e-01
    endloop
  endfacet
  facet normal 0.000000e+00 0.000000e+00 -1.000000e+00
    outer loop
      vertex   6.500000e-02 6.500000e-02 -2.500000e-01
      vertex   5.490874e-02 2.418741e-02 -2.500000e-01
      vertex   5.337943e-02 2.739775e-02 -2.500000e-01
    endloop
  endfacet
  facet normal 0.000000e+00 0.000000e+00 -1.000000e+00
    outer loop
      vertex   5.337943e-02 2.739775e-02 -2.500000e-01
      vertex   5.166262e-02 3.051187e-02 -2.500000e-01
      vertex   6.500000e-02 6.500000e-02 -2.500000e-01
    endloop
  endfacet
  facet normal 0.000000e+00 0.000000e+00 -1.000000e+00
    outer loop
      vertex   6.500000e-02 6.500000e-02 -2.500000e-01
      vertex   5.166262e-02 3.051187e-02 -2.500000e-01
      vertex   4.976434e-02 3.351881e-02 -2.500000e-01
    endloop
  endfacet
  facet normal 0.000000e+00 0.000000e+00 -1.000000e+00
    outer loop
      vertex   6.500000e-02 6.500000e-02 -2.500000e-01
      vertex   4.976434e-02 3.351881e-02 -2.500000e-01
      vertex   4.769127e-02 3.640801e-02 -2.500000e-01
    endloop
  endfacet
  facet normal 0.000000e+00 0.000000e+00 -1.000000e+00
    outer loop
      vertex   4.769127e-02 3.640801e-02 -2.500000e-01
      vertex   4.545067e-02 3.916933e-02 -2.500000e-01
      vertex   6.500000e-02 6.500000e-02 -2.500000e-01
    endloop
  endfacet
  facet normal 0.000000e+00 0.000000e+00 -1.000000e+00
    outer loop
      vertex   6.500000e-02 6.500000e-02 -2.500000e-01
      vertex   4.545067e-02 3.916933e-02 -2.500000e-01
      vertex   4.305044e-02 4.179306e-02 -2.500000e-01
    endloop
  endfacet
  facet normal 0.000000e+00 0.000000e+00 -1.000000e+00
    outer loop
      vertex   6.500000e-02 6.500000e-02 -2.500000e-01
      vertex   4.305044e-02 4.179306e-02 -2.500000e-01
      vertex   4.049898e-02 4.427000e-02 -2.500000e-01
    endloop
  endfacet
  facet normal 0.000000e+00 0.000000e+00 -1.000000e+00
    outer loop
      vertex   4.049898e-02 4.427000e-02 -2.500000e-01
      vertex   3.780527e-02 4.659143e-02 -2.500000e-01
      vertex   6.500000e-02 6.500000e-02 -2.500000e-01
    endloop
  endfacet
  facet normal 0.000000e+00 0.000000e+00 -1.000000e+00
    outer loop
      vertex   6.500000e-02 6.500000e-02 -2.500000e-01
      vertex   3.780527e-02 4.659143e-02 -2.500000e-01
      vertex   3.497877e-02 4.874921e-02 -2.500000e-01
    endloop
  endfacet
  facet normal 0.000000e+00 0.000000e+00 -1.000000e+00
    outer loop
      vertex   6.500000e-02 6.500000e-02 -2.500000e-01
      vertex   3.497877e-02 4.874921e-02 -2.500000e-01
      vertex   3.202940e-02 5.073576e-02 -2.500000e-01
    endloop
  endfacet
  facet normal 0.000000e+00 0.000000e+00 -1.000000e+00
    outer loop
      vertex   3.202940e-02 5.073576e-02 -2.500000e-01
      vertex   2.896753e-02 5.254410e-02 -2.500000e-01
      vertex   6.500000e-02 6.500000e-02 -2.500000e-01
    endloop
  endfacet
  facet normal 0.000000e+00 0.000000e+00 -1.000000e+00
    outer loop
      vertex   6.500000e-02 6.500000e-02 -2.500000e-01
      vertex   2.896753e-02 5.254410e-02 -2.500000e-01
      vertex   2.580391e-02 5.416787e-02 -2.500000e-01
    endloop
  endfacet
  facet normal 0.000000e+00 0.000000e+00 -1.000000e+00
    outer loop
      vertex   6.500000e-02 6.500000e-02 -2.500000e-01
      vertex   2.580391e-02 5.416787e-02 -2.500000e-01
      vertex   2.254965e-02 5.560138e-02 -2.500000e-01
    endloop
  endfacet
  facet normal 0.000000e+00 0.000000e+00 -1.000000e+00
    outer loop
      vertex   2.254965e-02 5.560138e-02 -2.500000e-01
      vertex   1.921619e-02 5.683958e-02 -2.500000e-01
      vertex   6.500000e-02 6.500000e-02 -2.500000e-01
    endloop
  endfacet
  facet normal 0.000000e+00 0.000000e+00 -1.000000e+00
    outer loop
      vertex   6.500000e-02 6.500000e-02 -2.500000e-01
      vertex   1.921619e-02 5.683958e-02 -2.500000e-01
      vertex   1.581523e-02 5.787813e-02 -2.500000e-01
    endloop
  endfacet
  facet normal 0.000000e+00 0.000000e+00 -1.000000e+00
    outer loop
      vertex   6.500000e-02 6.500000e-02 -2.500000e-01
      vertex   1.581523e-02 5.787813e-02 -2.500000e-01
      vertex   1.235872e-02 5.871339e-02 -2.500000e-01
    endloop
  endfacet
  facet normal 0.000000e+00 0.000000e+00 -1.000000e+00
    outer loop
      vertex   1.235872e-02 5.871339e-02 -2.500000e-01
      vertex   8.858794e-03 5.934241e-02 -2.500000e-01
      vertex   6.500000e-02 6.500000e-02 -2.500000e-01
    endloop
  endfacet
  facet normal 0.000000e+00 0.000000e+00 -1.000000e+00
    outer loop
      vertex   6.500000e-02 6.500000e-02 -2.500000e-01
      vertex   8.858794e-03 5.934241e-02 -2.500000e-01
      vertex   5.327754e-03 5.976299e-02 -2.500000e-01
    endloop
  endfacet
  facet normal 0.000000e+00 0.000000e+00 -1.000000e+00
    outer loop
      vertex   6.500000e-02 6.500000e-02 -2.500000e-01
      vertex   5.327754e-03 5.976299e-02 -2.500000e-01
      vertex   1.778000e-03 5.997365e-02 -2.500000e-01
    endloop
  endfacet
  facet normal 0.000000e+00 0.000000e+00 -1.000000e+00
    outer loop
      vertex   1.778000e-03 5.997365e-02 -2.500000e-01
      vertex   -1.778000e-03 5.997365e-02 -2.500000e-01
      vertex   6.500000e-02 6.500000e-02 -2.500000e-01
    endloop
  endfacet
  facet normal -0.000000e+00 0.000000e+00 -1.000000e+00
    outer loop
      vertex   -8.858794e-03 5.934241e-02 -2.500000e-01
      vertex   -1.235872e-02 5.871339e-02 -2.500000e-01
      vertex   -6.500000e-02 6.500000e-02 -2.500000e-01
    endloop
  endfacet
  facet normal 0.000000e+00 0.000000e+00 -1.000000e+00
    outer loop
      vertex   -6.500000e-02 6.500000e-02 -2.500000e-01
      vertex   -1.235872e-02 5.871339e-02 -2.500000e-01
      vertex   -1.581523e-02 5.787813e-02 -2.500000e-01
    endloop
  endfacet
  facet normal 0.000000e+00 0.000000e+00 -1.000000e+00
    outer loop
      vertex   -6.500000e-02 6.500000e-02 -2.500000e-01
      vertex   -1.581523e-02 5.787813e-02 -2.500000e-01
      vertex   -1.921619e-02 5.683958e-02 -2.500000e-01
    endloop
  endfacet
  facet normal -0.000000e+00 0.000000e+00 -1.000000e+00
    outer loop
      vertex   -1.921619e-02 5.683958e-02 -2.500000e-01
      vertex   -2.254965e-02 5.560138e-02 -2.500000e-01
      vertex   -6.500000e-02 6.500000e-02 -2.500000e-01
    endloop
  endfacet
  facet normal 0.000000e+00 0.000000e+00 -1.000000e+00
    outer loop
      vertex   -6.500000e-02 6.500000e-02 -2.500000e-01
      vertex   -2.254965e-02 5.560138e-02 -2.500000e-01
      vertex   -2.580391e-02 5.416787e-02 -2.500000e-01
    endloop
  endfacet
  facet normal 0.000000e+00 0.000000e+00 -1.000000e+00
    outer loop
      vertex   -6.500000e-02 6.500000e-02 -2.500000e-01
      vertex   -2.580391e-02 5.416787e-02 -2.500000e-01
      vertex   -2.896753e-02 5.254410e-02 -2.500000e-01
    endloop
  endfacet
  facet normal -0.000000e+00 0.000000e+00 -1.000000e+00
    outer loop
      vertex   -2.896753e-02 5.254410e-02 -2.500000e-01
      vertex   -3.202940e-02 5.073576e-02 -2.500000e-01
      vertex   -6.500000e-02 6.500000e-02 -2.500000e-01
    endloop
  endfacet
  facet normal 0.000000e+00 0.000000e+00 -1.000000e+00
    outer loop
      vertex   -6.500000e-02 6.500000e-02 -2.500000e-01
      vertex   -3.202940e-02 5.073576e-02 -2.500000e-01
      vertex   -3.497877e-02 4.874921e-02 -2.500000e-01
    endloop
  endfacet
  facet normal 0.000000e+00 0.000000e+00 -1.000000e+00
    outer loop
      vertex   -6.500000e-02 6.500000e-02 -2.500000e-01
      vertex   -3.497877e-02 4.874921e-02 -2.500000e-01
      vertex   -3.780527e-02 4.659143e-02 -2.500000e-01
    endloop
  endfacet
  facet normal -0.000000e+00 0.000000e+00 -1.000000e+00
    outer loop
      vertex   -3.780527e-02 4.659143e-02 -2.500000e-01
      vertex   -4.049898e-02 4.427000e-02 -2.500000e-01
      vertex   -6.500000e-02 6.500000e-02 -2.500000e-01
    endloop
  endfacet
  facet normal 0.000000e+00 0.000000e+00 -1.000000e+00
    outer loop
      vertex   -6.500000e-02 6.500000e-02 -2.500000e-01
      vertex   -4.049898e-02 4.427000e-02 -2.500000e-01
      vertex   -4.305044e-02 4.179306e-02 -2.500000e-01
    endloop
  endfacet
  facet normal 0.000000e+00 0.000000e+00 -1.000000e+00
    outer loop
      vertex   -6.500000e-02 6.500000e-02 -2.500000e-01
      vertex   -4.305044e-02 4.179306e-02 -2.500000e-01
      vertex   -4.545067e-02 3.916933e-02 -2.500000e-01
    endloop
  endfacet
  facet normal -0.000000e+00 0.000000e+00 -1.000000e+00
    outer loop
      vertex   -4.545067e-02 3.916933e-02 -2.500000e-01
      vertex   -4.769127e-02 3.640801e-02 -2.500000e-01
      vertex   -6.500000e-02 6.500000e-02 -2.500000e-01
    endloop
  endfacet
  facet normal 0.000000e+00 0.000000e+00 -1.000000e+00
    outer loop
      vertex   -6.500000e-02 6.500000e-02 -2.500000e-01
      vertex   -4.769127e-02 3.640801e-02 -2.500000e-01
      vertex   -4.976434e-02 3.351881e-02 -2.500000e-01
    endloop
  endfacet
  facet normal 0.000000e+00 0.000000e+00 -1.000000e+00
    outer loop
      vertex   -6.500000e-02 6.500000e-02 -2.500000e-01
      vertex   -4.976434e-02 3.351881e-02 -2.500000e-01
      vertex   -5.166262e-02 3.051187e-02 -2.500000e-01
    endloop
  endfacet
  facet normal -0.000000e+00 0.000000e+00 -1.000000e+00
    outer loop
      vertex   -5.166262e-02 3.051187e-02 -2.500000e-01
      vertex   -5.337943e-02 2.739775e-02 -2.500000e-01
      vertex   -6.500000e-02 6.500000e-02 -2.500000e-01
    endloop
  endfacet
  facet normal 0.000000e+00 0.000000e+00 -1.000000e+00
    outer loop
      vertex   -6.500000e-02 6.500000e-02 -2.500000e-01
      vertex   -5.337943e-02 2.739775e-02 -2.500000e-01
      vertex   -5.490874e-02 2.418741e-02 -2.500000e-01
    endloop
  endfacet
  facet normal 0.000000e+00 0.000000e+00 -1.000000e+00
    outer loop
      vertex   -6.500000e-02 6.500000e-02 -2.500000e-01
      vertex   -5.490874e-02 2.418741e-02 -2.500000e-01
      vertex   -5.624518e-02 2.089210e-02 -2.500000e-01
    endloop
  endfacet
  facet normal -0.000000e+00 0.000000e+00 -1.000000e+00
    outer loop
      vertex   -5.624518e-02 2.089210e-02 -2.500000e-01
      vertex   -5.738406e-02 1.752341e-02 -2.500000e-01
      vertex   -6.500000e-02 6.500000e-02 -2.500000e-01
    endloop
  endfacet
  facet normal 0.000000e+00 0.000000e+00 -1.000000e+00
    outer loop
      vertex   -6.500000e-02 6.500000e-02 -2.500000e-01
      vertex   -5.738406e-02 1.752341e-02 -2.500000e-01
      vertex   -5.832137e-02 1.409316e-02 -2.500000e-01
    endloop
  endfacet
  facet normal 0.000000e+00 0.000000e+00 -1.000000e+00
    outer loop
      vertex   -6.500000e-02 6.500000e-02 -2.500000e-01
      vertex   -5.832137e-02 1.409316e-02 -2.500000e-01
      vertex   -5.905383e-02 1.061342e-02 -2.500000e-01
    endloop
  endfacet
  facet normal -0.000000e+00 0.000000e+00 -1.000000e+00
    outer loop
      vertex   -5.905383e-02 1.061342e-02 -2.500000e-01
      vertex   -5.957887e-02 7.096390e-03 -2.500000e-01
      vertex   -6.500000e-02 6.500000e-02 -2.500000e-01
    endloop
  endfacet
  facet normal 0.000000e+00 0.000000e+00 -1.000000e+00
    outer loop
      vertex   -6.500000e-02 6.500000e-02 -2.500000e-01
      vertex   -5.957887e-02 7.096390e-03 -2.500000e-01
      vertex   -5.989462e-02 3.554438e-03 -2.500000e-01
    endloop
  endfacet
  facet normal 0.000000e+00 0.000000e+00 -1.000000e+00
    outer loop
      vertex   -6.500000e-02 6.500000e-02 -2.500000e-01
      vertex   -5.989462e-02 3.554438e-03 -2.500000e-01
      vertex   -6.000000e-02 0.000000e+00 -2.500000e-01
    endloop
  endfacet
  facet normal 0.000000e+00 -0.000000e+00 -1.000000e+00
    outer loop
      vertex   -5.957887e-02 -7.096390e-03 -2.500000e-01
      vertex   -5.905383e-02 -1.061342e-02 -2.500000e-01
      vertex   -6.500000e-02 -6.500000e-02 -2.500000e-01
    endloop
  endfacet
  facet normal 0.000000e+00 0.000000e+00 -1.000000e+00
    outer loop
      vertex   -6.500000e-02 -6.500000e-02 -2.500000e-01
      vertex   -5.905383e-02 -1.061342e-02 -2.500000e-01
      vertex   -5.832137e-02 -1.409316e-02 -2.500000e-01
    endloop
  endfacet
  facet normal 0.000000e+00 0.000000e+00 -1.000000e+00
    outer loop
      vertex   -6.500000e-02 -6.500000e-02 -2.500000e-01
      vertex   -5.832137e-02 -1.409316e-02 -2.500000e-01
      vertex   -5.738406e-02 -1.752341e-02 -2.500000e-01
    endloop
  endfacet
  facet normal 0.000000e+00 -0.000000e+00 -1.000000e+00
    outer loop
      vertex   -5.738406e-02 -1.752341e-02 -2.500000e-01
      vertex   -5.624518e-02 -2.089210e-02 -2.500000e-01
      vertex   -6.500000e-02 -6.500000e-02 -2.500000e-01
    endloop
  endfacet
  facet normal 0.000000e+00 0.000000e+00 -1.000000e+00
    outer loop
      vertex   -6.500000e-02 -6.500000e-02 -2.500000e-01
      vertex   -5.624518e-02 -2.089210e-02 -2.500000e-01
      vertex   -5.490874e-02 -2.418741e-02 -2.500000e-01
    endloop
  endfacet
  facet normal 0.000000e+00 0.000000e+00 -1.000000e+00
    outer loop
      vertex   -6.500000e-02 -6.500000e-02 -2.500000e-01
      vertex   -5.490874e-02 -2.418741e-02 -2.500000e-01
      vertex   -5.337943e-02 -2.739775e-02 -2.500000e-01
    endloop
  endfacet
  facet normal 0.000000e+00 -0.000000e+00 -1.000000e+00
    outer loop
      vertex   -5.337943e-02 -2.739775e-02 -2.500000e-01
      vertex   -5.166262e-02 -3.051187e-02 -2.500000e-01
      vertex   -6.500000e-02 -6.500000e-02 -2.500000e-01
    endloop
  endfacet
  facet normal 0.000000e+00 0.000000e+00 -1.000000e+00
    outer loop
      vertex   -6.500000e-02 -6.500000e-02 -2.500000e-01
      vertex   -5.166262e-02 -3.051187e-02 -2.500000e-01
      vertex   -4.976434e-02 -3.351881e-02 -2.500000e-01
    endloop
  endfacet
  facet normal 0.000000e+00 0.000000e+00 -1.000000e+00
    outer loop
      vertex   -6.500000e-02 -6.500000e-02 -2.500000e-01
      vertex   -4.976434e-02 -3.351881e-02 -2.500000e-01
      vertex   -4.769127e-02 -3.640801e-02 -2.500000e-01
    endloop
  endfacet
  facet normal 0.000000e+00 -0.000000e+00 -1.000000e+00
    outer loop
      vertex   -4.769127e-02 -3.640801e-02 -2.500000e-01
      vertex   -4.545067e-02 -3.916933e-02 -2.500000e-01
      vertex   -6.500000e-02 -6.500000e-02 -2.500000e-01
    endloop
  endfacet
  facet normal 0.000000e+00 0.000000e+00 -1.000000e+00
    outer loop
      vertex   -6.500000e-02 -6.500000e-02 -2.500000e-01
      vertex   -4.545067e-02 -3.916933e-02 -2.500000e-01
      vertex   -4.305044e-02 -4.179306e-02 -2.500000e-01
    endloop
  endfacet
  facet normal 0.000000e+00 0.000000e+00 -1.000000e+00
    outer loop
      vertex   -6.500000e-02 -6.500000e-02 -2.500000e-01
      vertex   -4.305044e-02 -4.179306e-02 -2.500000e-01
      vertex   -4.049898e-02 -4.427000e-02 -2.500000e-01
    endloop
  endfacet
  facet normal 0.000000e+00 -0.000000e+00 -1.000000e+00
    outer loop
      vertex   -4.049898e-02 -4.427000e-02 -2.500000e-01
      vertex   -3.780527e-02 -4.659143e-02 -2.500000e-01
      vertex   -6.500000e-02 -6.500000e-02 -2.500000e-01
    endloop
  endfacet
  facet normal 0.000000e+00 0.000000e+00 -1.000000e+00
    outer loop
      vertex   -6.500000e-02 -6.500000e-02 -2.500000e-01
      vertex   -3.780527e-02 -4.659143e-02 -2.500000e-01
      vertex   -3.497877e-02 -4.874921e-02 -2.500000e-01
    endloop
  endfacet
  facet normal 0.000000e+00 0.000000e+00 -1.000000e+00
    outer loop
      vertex   -6.500000e-02 -6.500000e-02 -2.500000e-01
      vertex   -3.497877e-02 -4.874921e-02 -2.500000e-01
      vertex   -3.202940e-02 -5.073576e-02 -2.500000e-01
    endloop
  endfacet
  facet normal 0.000000e+00 -0.000000e+00 -1.000000e+00
    outer loop
      vertex   -3.202940e-02 -5.073576e-02 -2.500000e-01
      vertex   -2.896753e-02 -5.254410e-02 -2.500000e-01
      vertex   -6.500000e-02 -6.500000e-02 -2.500000e-01
    endloop
  endfacet
  facet normal 0.000000e+00 0.000000e+00 -1.000000e+00
    outer loop
      vertex   -6.500000e-02 -6.500000e-02 -2.500000e-01
      vertex   -2.896753e-02 -5.254410e-02 -2.500000e-01
      vertex   -2.580391e-02 -5.416787e-02 -2.500000e-01
    endloop
  endfacet
  facet normal 0.000000e+00 0.000000e+00 -1.000000e+00
    outer loop
      vertex   -6.500000e-02 -6.500000e-02 -2.500000e-01
      vertex   -2.580391e-02 -5.416787e-02 -2.500000e-01
      vertex   -2.254965e-02 -5.560138e-02 -2.500000e-01
    endloop
  endfacet
  facet normal 0.000000e+00 -0.000000e+00 -1.000000e+00
    outer loop
      vertex   -2.254965e-02 -5.560138e-02 -2.500000e-01
      vertex   -1.921619e-02 -5.683958e-02 -2.500000e-01
      vertex   -6.500000e-02 -6.500000e-02 -2.500000e-01
    endloop
  endfacet
  facet normal 0.000000e+00 0.000000e+00 -1.000000e+00
    outer loop
      vertex   -6.500000e-02 -6.500000e-02 -2.500000e-01
      vertex   -1.921619e-02 -5.683958e-02 -2.500000e-01
      vertex   -1.581523e-02 -5.787813e-02 -2.500000e-01
    endloop
  endfacet
  facet normal 0.000000e+00 0.000000e+00 -1.000000e+00
    outer loop
      vertex   -6.500000e-02 -6.500000e-02 -2.500000e-01
      vertex   -1.581523e-02 -5.787813e-02 -2.500000e-01
      vertex   -1.235872e-02 -5.871339e-02 -2.500000e-01
    endloop
  endfacet
  facet normal 0.000000e+00 -0.000000e+00 -1.000000e+00
    outer loop
      vertex   -1.235872e-02 -5.871339e-02 -2.500000e-01
      vertex   -8.858794e-03 -5.934241e-02 -2.500000e-01
      vertex   -6.500000e-02 -6.500000e-02 -2.500000e-01
    endloop
  endfacet
  facet normal 0.000000e+00 0.000000e+00 -1.000000e+00
    outer loop
      vertex   -6.500000e-02 -6.500000e-02 -2.500000e-01
      vertex   -8.858794e-03 -5.934241e-02 -2.500000e-01
      vertex   -5.327754e-03 -5.976299e-02 -2.500000e-01
    endloop
  endfacet
  facet normal 0.000000e+00 0.000000e+00 -1.000000e+00
    outer loop
      vertex   -6.500000e-02 -6.500000e-02 -2.500000e-01
      vertex   -5.327754e-03 -5.976299e-02 -2.500000e-01
      vertex   -1.778000e-03 -5.997365e-02 -2.500000e-01
    endloop
  endfacet
  facet normal 0.000000e+00 -0.000000e+00 -1.000000e+00
    outer loop
      vertex   -1.778000e-03 -5.997365e-02 -2.500000e-01
      vertex   1.778000e-03 -5.997365e-02 -2.500000e-01
      vertex   -6.500000e-02 -6.500000e-02 -2.500000e-01
    endloop
  endfacet
  facet normal 0.000000e+00 0.000000e+00 -1.000000e+00
    outer loop
      vertex   8.858794e-03 -5.934241e-02 -2.500000e-01
      vertex   1.235872e-02 -5.871339e-02 -2.500000e-01
      vertex   6.500000e-02 -6.500000e-02 -2.500000e-01
    endloop
  endfacet
  facet normal 0.000000e+00 0.000000e+00 -1.000000e+00
    outer loop
      vertex   6.500000e-02 -6.500000e-02 -2.500000e-01
      vertex   1.235872e-02 -5.871339e-02 -2.500000e-01
      vertex   1.581523e-02 -5.787813e-02 -2.500000e-01
    endloop
  endfacet
  facet normal 0.000000e+00 0.000000e+00 -1.000000e+00
    outer loop
      vertex   6.500000e-02 -6.500000e-02 -2.500000e-01
      vertex   1.581523e-02 -5.787813e-02 -2.500000e-01
      vertex   1.921619e-02 -5.683958e-02 -2.500000e-01
    endloop
  endfacet
  facet normal 0.000000e+00 0.000000e+00 -1.000000e+00
    outer loop
      vertex   1.921619e-02 -5.683958e-02 -2.500000e-01
      vertex   2.254965e-02 -5.560138e-02 -2.500000e-01
      vertex   6.500000e-02 -6.500000e-02 -2.500000e-01
    endloop
  endfacet
  facet normal 0.000000e+00 0.000000e+00 -1.000000e+00
    outer loop
      vertex   6.500000e-02 -6.500000e-02 -2.500000e-01
      vertex   2.254965e-02 -5.560138e-02 -2.500000e-01
      vertex   2.580391e-02 -5.416787e-02 -2.500000e-01
    endloop
  endfacet
  facet normal 0.000000e+00 0.000000e+00 -1.000000e+00
    outer loop
      vertex   6.500000e-02 -6.500000e-02 -2.500000e-01
      vertex   2.580391e-02 -5.416787e-02 -2.500000e-01
      vertex   2.896753e-02 -5.254410e-02 -2.500000e-01
    endloop
  endfacet
  facet normal 0.000000e+00 0.000000e+00 -1.000000e+00
    outer loop
      vertex   2.896753e-02 -5.254410e-02 -2.500000e-01
      vertex   3.202940e-02 -5.073576e-02 -2.500000e-01
      vertex   6.500000e-02 -6.500000e-02 -2.500000e-01
    endloop
  endfacet
  facet normal 0.000000e+00 0.000000e+00 -1.000000e+00
    outer loop
      vertex   6.500000e-02 -6.500000e-02 -2.500000e-01
      vertex   3.202940e-02 -5.073576e-02 -2.500000e-01
      vertex   3.497877e-02 -4.874921e-02 -2.500000e-01
    endloop
  endfacet
  facet normal 0.000000e+00 0.000000e+00 -1.000000e+00
    outer loop
      vertex   6.500000e-02 -6.500000e-02 -2.500000e-01
      vertex   3.497877e-02 -4.874921e-02 -2.500000e-01
      vertex   3.780527e-02 -4.659143e-02 -2.500000e-01
    endloop
  endfacet
  facet normal 0.000000e+00 0.000000e+00 -1.000000e+00
    outer loop
      vertex   3.780527e-02 -4.659143e-02 -2.500000e-01
      vertex   4.049898e-02 -4.427000e-02 -2.500000e-01
      vertex   6.500000e-02 -6.500000e-02 -2.500000e-01
    endloop
  endfacet
  facet normal 0.000000e+00 0.000000e+00 -1.000000e+00
    outer loop
      vertex   6.500000e-02 -6.500000e-02 -2.500000e-01
      vertex   4.049898e-02 -4.427000e-02 -2.500000e-01
      vertex   4.305044e-02 -4.179306e-02 -2.500000e-01
    endloop
  endfacet
  facet normal 0.000000e+00 0.000000e+00 -1.000000e+00
    outer loop
      vertex   6.500000e-02 -6.500000e-02 -2.500000e-01
      vertex   4.305044e-02 -4.179306e-02 -2.500000e-01
      vertex   4.545067e-02 -3.916933e-02 -2.500000e-01
    endloop
  endfacet
  facet normal 0.000000e+00 0.000000e+00 -1.000000e+00
    outer loop
      vertex   4.545067e-02 -3.916933e-02 -2.500000e-01
      vertex   4.769127e-02 -3.640801e-02 -2.500000e-01
      vertex   6.500000e-02 -6.500000e-02 -2.500000e-01
    endloop
  endfacet
  facet normal 0.000000e+00 0.000000e+00 -1.000000e+00
    outer loop
      vertex   6.500000e-02 -6.500000e-02 -2.500000e-01
      vertex   4.769127e-02 -3.640801e-02 -2.500000e-01
      vertex   4.976434e-02 -3.351881e-02 -2.500000e-01
    endloop
  endfacet
  facet normal 0.000000e+00 0.000000e+00 -1.000000e+00
    outer loop
      vertex   6.500000e-02 -6.500000e-02 -2.500000e-01
      vertex   4.976434e-02 -3.351881e-02 -2.500000e-01
      vertex   5.166262e-02 -3.051187e-02 -2.500000e-01
    endloop
  endfacet
  facet normal 0.000000e+00 0.000000e+00 -1.000000e+00
    outer loop
      vertex   5.166262e-02 -3.051187e-02 -2.500000e-01
      vertex   5.337943e-02 -2.739775e-02 -2.500000e-01
      vertex   6.500000e-02 -6.500000e-02 -2.500000e-01
    endloop
  endfacet
  facet normal 0.000000e+00 0.000000e+00 -1.000000e+00
    outer loop
      vertex   6.500000e-02 -6.500000e-02 -2.500000e-01
      vertex   5.337943e-02 -2.739775e-02 -2.500000e-01
      vertex   5.490874e-02 -2.418741e-02 -2.500000e-01
    endloop
  endfacet
  facet normal 0.000000e+00 0.000000e+00 -1.000000e+00
    outer loop
      vertex   6.500000e-02 -6.500000e-02 -2.500000e-01
      vertex   5.490874e-02 -2.418741e-02 -2.500000e-01
      vertex   5.624518e-02 -2.089210e-02 -2.500000e-01
    endloop
  endfacet
  facet normal 0.000000e+00 0.000000e+00 -1.000000e+00
    outer loop
      vertex   5.624518e-02 -2.089210e-02 -2.500000e-01
      vertex   5.738406e-02 -1.752341e-02 -2.500000e-01
      vertex   6.500000e-02 -6.500000e-02 -2.500000e-01
    endloop
  endfacet
  facet normal 0.000000e+00 0.000000e+00 -1.000000e+00
    outer loop
      vertex   6.500000e-02 -6.500000e-02 -2.500000e-01
      vertex   5.738406e-02 -1.752341e-02 -2.500000e-01
      vertex   5.832137e-02 -1.409316e-02 -2.500000e-01
    endloop
  endfacet
  facet normal 0.000000e+00 0.000000e+00 -1.000000e+00
    outer loop
      vertex   6.500000e-02 -6.500000e-02 -2.500000e-01
      vertex   5.832137e-02 -1.409316e-02 -2.500000e-01
      vertex   5.905383e-02 -1.061342e-02 -2.500000e-01
    endloop
  endfacet
  facet normal 0.000000e+00 0.000000e+00 -1.000000e+00
    outer loop
      vertex   5.905383e-02 -1.061342e-02 -2.500000e-01
      vertex   5.957887e-02 -7.096390e-03 -2.500000e-01
      vertex   6.500000e-02 -6.500000e-02 -2.500000e-01
    endloop
  endfacet
  facet normal 0.000000e+00 0.000000e+00 -1.000000e+00
    outer loop
      vertex   6.500000e-02 -6.500000e-02 -2.500000e-01
      vertex   5.957887e-02 -7.096390e-03 -2.500000e-01
      vertex   5.989462e-02 -3.554438e-03 -2.500000e-01
    endloop
  endfacet
  facet normal 0.000000e+00 0.000000e+00 -1.000000e+00
    outer loop
      vertex   6.500000e-02 -6.500000e-02 -2.500000e-01
      vertex   5.989462e-02 -3.554438e-03 -2.500000e-01
      vertex   6.000000e-02 8.881784e-18 -2.500000e-01
    endloop
  endfacet
  facet normal -9.995608e-01 2.963333e-02 0.000000e+00
    outer loop
      vertex   5.989462e-02 -3.554438e-03 -2.500000e-01
      vertex   5.989462e-02 -3.554438e-03 -1.785714e-01
      vertex   6.000000e-02 8.881784e-18 -2.500000e-01
    endloop
  endfacet
  facet normal -9.995608e-01 2.963333e-02 6.363653e-19
    outer loop
      vertex   6.000000e-02 8.881784e-18 -2.500000e-01
      vertex   5.989462e-02 -3.554438e-03 -1.785714e-01
      vertex   6.000000e-02 7.347881e-18 -1.785714e-01
    endloop
  endfacet
  facet normal -9.995608e-01 -2.963333e-02 -6.363653e-19
    outer loop
      vertex   6.000000e-02 8.881784e-18 -2.500000e-01
      vertex   6.000000e-02 7.347881e-18 -1.785714e-01
      vertex   5.989462e-02 3.554438e-03 -2.500000e-01
    endloop
  endfacet
  facet normal -9.995608e-01 -2.963333e-02 0.000000e+00
    outer loop
      vertex   5.989462e-02 3.554438e-03 -2.500000e-01
      vertex   6.000000e-02 7.347881e-18 -1.785714e-01
      vertex   5.989462e-02 3.554438e-03 -1.785714e-01
    endloop
  endfacet
  facet normal -9.960498e-01 -8.879590e-02 0.000000e+00
    outer loop
      vertex   5.989462e-02 3.554438e-03 -2.500000e-01
      vertex   5.989462e-02 3.554438e-03 -1.785714e-01
      vertex   5.957887e-02 7.096390e-03 -2.500000e-01
    endloop
  endfacet
  facet normal -9.960498e-01 -8.879590e-02 0.000000e+00
    outer loop
      vertex   5.957887e-02 7.096390e-03 -2.500000e-01
      vertex   5.989462e-02 3.554438e-03 -1.785714e-01
      vertex   5.957887e-02 7.096390e-03 -1.785714e-01
    endloop
  endfacet
  facet normal -9.890402e-01 -1.476466e-01 0.000000e+00
    outer loop
      vertex   5.957887e-02 7.096390e-03 -2.500000e-01
      vertex   5.957887e-02 7.096390e-03 -1.785714e-01
      vertex   5.905383e-02 1.061342e-02 -2.500000e-01
    endloop
  endfacet
  facet normal -9.890402e-01 -1.476466e-01 0.000000e+00
    outer loop
      vertex   5.905383e-02 1.061342e-02 -2.500000e-01
      vertex   5.957887e-02 7.096390e-03 -1.785714e-01
      vertex   5.905383e-02 1.061342e-02 -1.785714e-01
    endloop
  endfacet
  facet normal -9.785565e-01 -2.059786e-01 0.000000e+00
    outer loop
      vertex   5.905383e-02 1.061342e-02 -2.500000e-01
      vertex   5.905383e-02 1.061342e-02 -1.785714e-01
      vertex   5.832137e-02 1.409316e-02 -2.500000e-01
    endloop
  endfacet
  facet normal -9.785565e-01 -2.059786e-01 0.000000e+00
    outer loop
      vertex   5.832137e-02 1.409316e-02 -2.500000e-01
      vertex   5.905383e-02 1.061342e-02 -1.785714e-01
      vertex   5.832137e-02 1.409316e-02 -1.785714e-01
    endloop
  endfacet
  facet normal -9.646356e-01 -2.635872e-01 0.000000e+00
    outer loop
      vertex   5.832137e-02 1.409316e-02 -2.500000e-01
      vertex   5.832137e-02 1.409316e-02 -1.785714e-01
      vertex   5.738406e-02 1.752341e-02 -2.500000e-01
    endloop
  endfacet
  facet normal -9.646356e-01 -2.635872e-01 0.000000e+00
    outer loop
      vertex   5.738406e-02 1.752341e-02 -2.500000e-01
      vertex   5.832137e-02 1.409316e-02 -1.785714e-01
      vertex   5.738406e-02 1.752341e-02 -1.785714e-01
    endloop
  endfacet
  facet normal -9.473264e-01 -3.202699e-01 0.000000e+00
    outer loop
      vertex   5.738406e-02 1.752341e-02 -2.500000e-01
      vertex   5.738406e-02 1.752341e-02 -1.785714e-01
      vertex   5.624518e-02 2.089210e-02 -2.500000e-01
    endloop
  endfacet
  facet normal -9.473264e-01 -3.202699e-01 0.000000e+00
    outer loop
      vertex   5.624518e-02 2.089210e-02 -2.500000e-01
      vertex   5.738406e-02 1.752341e-02 -1.785714e-01
      vertex   5.624518e-02 2.089210e-02 -1.785714e-01
    endloop
  endfacet
  facet normal -9.266896e-01 -3.758276e-01 0.000000e+00
    outer loop
      vertex   5.624518e-02 2.089210e-02 -2.500000e-01
      vertex   5.624518e-02 2.089210e-02 -1.785714e-01
      vertex   5.490874e-02 2.418741e-02 -2.500000e-01
    endloop
  endfacet
  facet normal -9.266896e-01 -3.758276e-01 0.000000e+00
    outer loop
      vertex   5.490874e-02 2.418741e-02 -2.500000e-01
      vertex   5.624518e-02 2.089210e-02 -1.785714e-01
      vertex   5.490874e-02 2.418741e-02 -1.785714e-01
    endloop
  endfacet
  facet normal -9.027978e-01 -4.300652e-01 0.000000e+00
    outer loop
      vertex   5.490874e-02 2.418741e-02 -2.500000e-01
      vertex   5.490874e-02 2.418741e-02 -1.785714e-01
      vertex   5.337943e-02 2.739775e-02 -2.500000e-01
    endloop
  endfacet
  facet normal -9.027978e-01 -4.300652e-01 0.000000e+00
    outer loop
      vertex   5.337943e-02 2.739775e-02 -2.500000e-01
      vertex   5.490874e-02 2.418741e-02 -1.785714e-01
      vertex   5.337943e-02 2.739775e-02 -1.785714e-01
    endloop
  endfacet
  facet normal -8.757349e-01 -4.827922e-01 0.000000e+00
    outer loop
      vertex   5.337943e-02 2.739775e-02 -2.500000e-01
      vertex   5.337943e-02 2.739775e-02 -1.785714e-01
      vertex   5.166262e-02 3.051187e-02 -2.500000e-01
    endloop
  endfacet
  facet normal -8.757349e-01 -4.827922e-01 0.000000e+00
    outer loop
      vertex   5.166262e-02 3.051187e-02 -2.500000e-01
      vertex   5.337943e-02 2.739775e-02 -1.785714e-01
      vertex   5.166262e-02 3.051187e-02 -1.785714e-01
    endloop
  endfacet
  facet normal -8.455960e-01 -5.338234e-01 0.000000e+00
    outer loop
      vertex   5.166262e-02 3.051187e-02 -2.500000e-01
      vertex   5.166262e-02 3.051187e-02 -1.785714e-01
      vertex   4.976434e-02 3.351881e-02 -2.500000e-01
    endloop
  endfacet
  facet normal -8.455960e-01 -5.338234e-01 0.000000e+00
    outer loop
      vertex   4.976434e-02 3.351881e-02 -2.500000e-01
      vertex   5.166262e-02 3.051187e-02 -1.785714e-01
      vertex   4.976434e-02 3.351881e-02 -1.785714e-01
    endloop
  endfacet
  facet normal -8.124869e-01 -5.829795e-01 0.000000e+00
    outer loop
      vertex   4.976434e-02 3.351881e-02 -2.500000e-01
      vertex   4.976434e-02 3.351881e-02 -1.785714e-01
      vertex   4.769127e-02 3.640801e-02 -2.500000e-01
    endloop
  endfacet
  facet normal -8.124869e-01 -5.829795e-01 0.000000e+00
    outer loop
      vertex   4.769127e-02 3.640801e-02 -2.500000e-01
      vertex   4.976434e-02 3.351881e-02 -1.785714e-01
      vertex   4.769127e-02 3.640801e-02 -1.785714e-01
    endloop
  endfacet
  facet normal -7.765239e-01 -6.300878e-01 0.000000e+00
    outer loop
      vertex   4.769127e-02 3.640801e-02 -2.500000e-01
      vertex   4.769127e-02 3.640801e-02 -1.785714e-01
      vertex   4.545067e-02 3.916933e-02 -2.500000e-01
    endloop
  endfacet
  facet normal -7.765239e-01 -6.300878e-01 0.000000e+00
    outer loop
      vertex   4.545067e-02 3.916933e-02 -2.500000e-01
      vertex   4.769127e-02 3.640801e-02 -1.785714e-01
      vertex   4.545067e-02 3.916933e-02 -1.785714e-01
    endloop
  endfacet
  facet normal -7.378333e-01 -6.749830e-01 0.000000e+00
    outer loop
      vertex   4.545067e-02 3.916933e-02 -2.500000e-01
      vertex   4.545067e-02 3.916933e-02 -1.785714e-01
      vertex   4.305044e-02 4.179306e-02 -2.500000e-01
    endloop
  endfacet
  facet normal -7.378333e-01 -6.749830e-01 0.000000e+00
    outer loop
      vertex   4.305044e-02 4.179306e-02 -2.500000e-01
      vertex   4.545067e-02 3.916933e-02 -1.785714e-01
      vertex   4.305044e-02 4.179306e-02 -1.785714e-01
    endloop
  endfacet
  facet normal -6.965510e-01 -7.175073e-01 0.000000e+00
    outer loop
      vertex   4.305044e-02 4.179306e-02 -2.500000e-01
      vertex   4.305044e-02 4.179306e-02 -1.785714e-01
      vertex   4.049898e-02 4.427000e-02 -2.500000e-01
    endloop
  endfacet
  facet normal -6.965510e-01 -7.175073e-01 0.000000e+00
    outer loop
      vertex   4.049898e-02 4.427000e-02 -2.500000e-01
      vertex   4.305044e-02 4.179306e-02 -1.785714e-01
      vertex   4.049898e-02 4.427000e-02 -1.785714e-01
    endloop
  endfacet
  facet normal -6.528221e-01 -7.575112e-01 0.000000e+00
    outer loop
      vertex   4.049898e-02 4.427000e-02 -2.500000e-01
      vertex   4.049898e-02 4.427000e-02 -1.785714e-01
      vertex   3.780527e-02 4.659143e-02 -2.500000e-01
    endloop
  endfacet
  facet normal -6.528221e-01 -7.575112e-01 0.000000e+00
    outer loop
      vertex   3.780527e-02 4.659143e-02 -2.500000e-01
      vertex   4.049898e-02 4.427000e-02 -1.785714e-01
      vertex   3.780527e-02 4.659143e-02 -1.785714e-01
    endloop
  endfacet
  facet normal -6.068001e-01 -7.948544e-01 0.000000e+00
    outer loop
      vertex   3.780527e-02 4.659143e-02 -2.500000e-01
      vertex   3.780527e-02 4.659143e-02 -1.785714e-01
      vertex   3.497877e-02 4.874921e-02 -2.500000e-01
    endloop
  endfacet
  facet normal -6.068001e-01 -7.948544e-01 0.000000e+00
    outer loop
      vertex   3.497877e-02 4.874921e-02 -2.500000e-01
      vertex   3.780527e-02 4.659143e-02 -1.785714e-01
      vertex   3.497877e-02 4.874921e-02 -1.785714e-01
    endloop
  endfacet
  facet normal -5.586468e-01 -8.294057e-01 0.000000e+00
    outer loop
      vertex   3.497877e-02 4.874921e-02 -2.500000e-01
      vertex   3.497877e-02 4.874921e-02 -1.785714e-01
      vertex   3.202940e-02 5.073576e-02 -2.500000e-01
    endloop
  endfacet
  facet normal -5.586468e-01 -8.294057e-01 0.000000e+00
    outer loop
      vertex   3.202940e-02 5.073576e-02 -2.500000e-01
      vertex   3.497877e-02 4.874921e-02 -1.785714e-01
      vertex   3.202940e-02 5.073576e-02 -1.785714e-01
    endloop
  endfacet
  facet normal -5.085311e-01 -8.610436e-01 0.000000e+00
    outer loop
      vertex   3.202940e-02 5.073576e-02 -2.500000e-01
      vertex   3.202940e-02 5.073576e-02 -1.785714e-01
      vertex   2.896753e-02 5.254410e-02 -2.500000e-01
    endloop
  endfacet
  facet normal -5.085311e-01 -8.610436e-01 0.000000e+00
    outer loop
      vertex   2.896753e-02 5.254410e-02 -2.500000e-01
      vertex   3.202940e-02 5.073576e-02 -1.785714e-01
      vertex   2.896753e-02 5.254410e-02 -1.785714e-01
    endloop
  endfacet
  facet normal -4.566292e-01 -8.896571e-01 0.000000e+00
    outer loop
      vertex   2.896753e-02 5.254410e-02 -2.500000e-01
      vertex   2.896753e-02 5.254410e-02 -1.785714e-01
      vertex   2.580391e-02 5.416787e-02 -2.500000e-01
    endloop
  endfacet
  facet normal -4.566292e-01 -8.896571e-01 0.000000e+00
    outer loop
      vertex   2.580391e-02 5.416787e-02 -2.500000e-01
      vertex   2.896753e-02 5.254410e-02 -1.785714e-01
      vertex   2.580391e-02 5.416787e-02 -1.785714e-01
    endloop
  endfacet
  facet normal -4.031234e-01 -9.151456e-01 0.000000e+00
    outer loop
      vertex   2.580391e-02 5.416787e-02 -2.500000e-01
      vertex   2.580391e-02 5.416787e-02 -1.785714e-01
      vertex   2.254965e-02 5.560138e-02 -2.500000e-01
    endloop
  endfacet
  facet normal -4.031234e-01 -9.151456e-01 0.000000e+00
    outer loop
      vertex   2.254965e-02 5.560138e-02 -2.500000e-01
      vertex   2.580391e-02 5.416787e-02 -1.785714e-01
      vertex   2.254965e-02 5.560138e-02 -1.785714e-01
    endloop
  endfacet
  facet normal -3.482016e-01 -9.374197e-01 0.000000e+00
    outer loop
      vertex   2.254965e-02 5.560138e-02 -2.500000e-01
      vertex   2.254965e-02 5.560138e-02 -1.785714e-01
      vertex   1.921619e-02 5.683958e-02 -2.500000e-01
    endloop
  endfacet
  facet normal -3.482016e-01 -9.374197e-01 0.000000e+00
    outer loop
      vertex   1.921619e-02 5.683958e-02 -2.500000e-01
      vertex   2.254965e-02 5.560138e-02 -1.785714e-01
      vertex   1.921619e-02 5.683958e-02 -1.785714e-01
    endloop
  endfacet
  facet normal -2.920568e-01 -9.564010e-01 0.000000e+00
    outer loop
      vertex   1.921619e-02 5.683958e-02 -2.500000e-01
      vertex   1.921619e-02 5.683958e-02 -1.785714e-01
      vertex   1.581523e-02 5.787813e-02 -2.500000e-01
    endloop
  endfacet
  facet normal -2.920568e-01 -9.564010e-01 0.000000e+00
    outer loop
      vertex   1.581523e-02 5.787813e-02 -2.500000e-01
      vertex   1.921619e-02 5.683958e-02 -1.785714e-01
      vertex   1.581523e-02 5.787813e-02 -1.785714e-01
    endloop
  endfacet
  facet normal -2.348860e-01 -9.720229e-01 0.000000e+00
    outer loop
      vertex   1.581523e-02 5.787813e-02 -2.500000e-01
      vertex   1.581523e-02 5.787813e-02 -1.785714e-01
      vertex   1.235872e-02 5.871339e-02 -2.500000e-01
    endloop
  endfacet
  facet normal -2.348860e-01 -9.720229e-01 0.000000e+00
    outer loop
      vertex   1.235872e-02 5.871339e-02 -2.500000e-01
      vertex   1.581523e-02 5.787813e-02 -1.785714e-01
      vertex   1.235872e-02 5.871339e-02 -1.785714e-01
    endloop
  endfacet
  facet normal -1.768903e-01 -9.842306e-01 0.000000e+00
    outer loop
      vertex   1.235872e-02 5.871339e-02 -2.500000e-01
      vertex   1.235872e-02 5.871339e-02 -1.785714e-01
      vertex   8.858794e-03 5.934241e-02 -2.500000e-01
    endloop
  endfacet
  facet normal -1.768903e-01 -9.842306e-01 0.000000e+00
    outer loop
      vertex   8.858794e-03 5.934241e-02 -2.500000e-01
      vertex   1.235872e-02 5.871339e-02 -1.785714e-01
      vertex   8.858794e-03 5.934241e-02 -1.785714e-01
    endloop
  endfacet
  facet normal -1.182732e-01 -9.929811e-01 0.000000e+00
    outer loop
      vertex   8.858794e-03 5.934241e-02 -2.500000e-01
      vertex   8.858794e-03 5.934241e-02 -1.785714e-01
      vertex   5.327754e-03 5.976299e-02 -2.500000e-01
    endloop
  endfacet
  facet normal -1.182732e-01 -9.929811e-01 0.000000e+00
    outer loop
      vertex   5.327754e-03 5.976299e-02 -2.500000e-01
      vertex   8.858794e-03 5.934241e-02 -1.785714e-01
      vertex   5.327754e-03 5.976299e-02 -1.785714e-01
    endloop
  endfacet
  facet normal -5.924063e-02 -9.982437e-01 0.000000e+00
    outer loop
      vertex   5.327754e-03 5.976299e-02 -2.500000e-01
      vertex   5.327754e-03 5.976299e-02 -1.785714e-01
      vertex   1.778000e-03 5.997365e-02 -2.500000e-01
    endloop
  endfacet
  facet normal -5.924063e-02 -9.982437e-01 0.000000e+00
    outer loop
      vertex   1.778000e-03 5.997365e-02 -2.500000e-01
      vertex   5.327754e-03 5.976299e-02 -1.785714e-01
      vertex   1.778000e-03 5.997365e-02 -1.785714e-01
    endloop
  endfacet
  facet normal 0.000000e+00 -1.000000e+00 0.000000e+00
    outer loop
      vertex   1.778000e-03 5.997365e-02 -2.500000e-01
      vertex   1.778000e-03 5.997365e-02 -1.785714e-01
      vertex   -1.778000e-03 5.997365e-02 -2.500000e-01
    endloop
  endfacet
  facet normal 0.000000e+00 -1.000000e+00 0.000000e+00
    outer loop
      vertex   -1.778000e-03 5.997365e-02 -2.500000e-01
      vertex   1.778000e-03 5.997365e-02 -1.785714e-01
      vertex   -1.778000e-03 5.997365e-02 -1.785714e-01
    endloop
  endfacet
  facet normal 5.924063e-02 -9.982437e-01 0.000000e+00
    outer loop
      vertex   -1.778000e-03 5.997365e-02 -2.500000e-01
      vertex   -1.778000e-03 5.997365e-02 -1.785714e-01
      vertex   -5.327754e-03 5.976299e-02 -2.500000e-01
    endloop
  endfacet
  facet normal 5.924063e-02 -9.982437e-01 0.000000e+00
    outer loop
      vertex   -5.327754e-03 5.976299e-02 -2.500000e-01
      vertex   -1.778000e-03 5.997365e-02 -1.785714e-01
      vertex   -5.327754e-03 5.976299e-02 -1.785714e-01
    endloop
  endfacet
  facet normal 1.182732e-01 -9.929811e-01 0.000000e+00
    outer loop
      vertex   -5.327754e-03 5.976299e-02 -2.500000e-01
      vertex   -5.327754e-03 5.976299e-02 -1.785714e-01
      vertex   -8.858794e-03 5.934241e-02 -2.500000e-01
    endloop
  endfacet
  facet normal 1.182732e-01 -9.929811e-01 0.000000e+00
    outer loop
      vertex   -8.858794e-03 5.934241e-02 -2.500000e-01
      vertex   -5.327754e-03 5.976299e-02 -1.785714e-01
      vertex   -8.858794e-03 5.934241e-02 -1.785714e-01
    endloop
  endfacet
  facet normal 1.768903e-01 -9.842306e-01 0.000000e+00
    outer loop
      vertex   -8.858794e-03 5.934241e-02 -2.500000e-01
      vertex   -8.858794e-03 5.934241e-02 -1.785714e-01
      vertex   -1.235872e-02 5.871339e-02 -2.500000e-01
    endloop
  endfacet
  facet normal 1.768903e-01 -9.842306e-01 0.000000e+00
    outer loop
      vertex   -1.235872e-02 5.871339e-02 -2.500000e-01
      vertex   -8.858794e-03 5.934241e-02 -1.785714e-01
      vertex   -1.235872e-02 5.871339e-02 -1.785714e-01
    endloop
  endfacet
  facet normal 2.348860e-01 -9.720229e-01 0.000000e+00
    outer loop
      vertex   -1.235872e-02 5.871339e-02 -2.500000e-01
      vertex   -1.235872e-02 5.871339e-02 -1.785714e-01
      vertex   -1.581523e-02 5.787813e-02 -2.500000e-01
    endloop
  endfacet
  facet normal 2.348860e-01 -9.720229e-01 0.000000e+00
    outer loop
      vertex   -1.581523e-02 5.787813e-02 -2.500000e-01
      vertex   -1.235872e-02 5.871339e-02 -1.785714e-01
      vertex   -1.581523e-02 5.787813e-02 -1.785714e-01
    endloop
  endfacet
  facet normal 2.920568e-01 -9.564010e-01 0.000000e+00
    outer loop
      vertex   -1.581523e-02 5.787813e-02 -2.500000e-01
      vertex   -1.581523e-02 5.787813e-02 -1.785714e-01
      vertex   -1.921619e-02 5.683958e-02 -2.500000e-01
    endloop
  endfacet
  facet normal 2.920568e-01 -9.564010e-01 0.000000e+00
    outer loop
      vertex   -1.921619e-02 5.683958e-02 -2.500000e-01
      vertex   -1.581523e-02 5.787813e-02 -1.785714e-01
      vertex   -1.921619e-02 5.683958e-02 -1.785714e-01
    endloop
  endfacet
  facet normal 3.482016e-01 -9.374197e-01 0.000000e+00
    outer loop
      vertex   -1.921619e-02 5.683958e-02 -2.500000e-01
      vertex   -1.921619e-02 5.683958e-02 -1.785714e-01
      vertex   -2.254965e-02 5.560138e-02 -2.500000e-01
    endloop
  endfacet
  facet normal 3.482016e-01 -9.374197e-01 0.000000e+00
    outer loop
      vertex   -2.254965e-02 5.560138e-02 -2.500000e-01
      vertex   -1.921619e-02 5.683958e-02 -1.785714e-01
      vertex   -2.254965e-02 5.560138e-02 -1.785714e-01
    endloop
  endfacet
  facet normal 4.031234e-01 -9.151456e-01 0.000000e+00
    outer loop
      vertex   -2.254965e-02 5.560138e-02 -2.500000e-01
      vertex   -2.254965e-02 5.560138e-02 -1.785714e-01
      vertex   -2.580391e-02 5.416787e-02 -2.500000e-01
    endloop
  endfacet
  facet normal 4.031234e-01 -9.151456e-01 0.000000e+00
    outer loop
      vertex   -2.580391e-02 5.416787e-02 -2.500000e-01
      vertex   -2.254965e-02 5.560138e-02 -1.785714e-01
      vertex   -2.580391e-02 5.416787e-02 -1.785714e-01
    endloop
  endfacet
  facet normal 4.566292e-01 -8.896571e-01 0.000000e+00
    outer loop
      vertex   -2.580391e-02 5.416787e-02 -2.500000e-01
      vertex   -2.580391e-02 5.416787e-02 -1.785714e-01
      vertex   -2.896753e-02 5.254410e-02 -2.500000e-01
    endloop
  endfacet
  facet normal 4.566292e-01 -8.896571e-01 0.000000e+00
    outer loop
      vertex   -2.896753e-02 5.254410e-02 -2.500000e-01
      vertex   -2.580391e-02 5.416787e-02 -1.785714e-01
      vertex   -2.896753e-02 5.254410e-02 -1.785714e-01
    endloop
  endfacet
  facet normal 5.085311e-01 -8.610436e-01 0.000000e+00
    outer loop
      vertex   -2.896753e-02 5.254410e-02 -2.500000e-01
      vertex   -2.896753e-02 5.254410e-02 -1.785714e-01
      vertex   -3.202940e-02 5.073576e-02 -2.500000e-01
    endloop
  endfacet
  facet normal 5.085311e-01 -8.610436e-01 0.000000e+00
    outer loop
      vertex   -3.202940e-02 5.073576e-02 -2.500000e-01
      vertex   -2.896753e-02 5.254410e-02 -1.785714e-01
      vertex   -3.202940e-02 5.073576e-02 -1.785714e-01
    endloop
  endfacet
  facet normal 5.586468e-01 -8.294057e-01 0.000000e+00
    outer loop
      vertex   -3.202940e-02 5.073576e-02 -2.500000e-01
      vertex   -3.202940e-02 5.073576e-02 -1.785714e-01
      vertex   -3.497877e-02 4.874921e-02 -2.500000e-01
    endloop
  endfacet
  facet normal 5.586468e-01 -8.294057e-01 1.068750e-16
    outer loop
      vertex   -3.497877e-02 4.874921e-02 -2.500000e-01
      vertex   -3.202940e-02 5.073576e-02 -1.785714e-01
      vertex   -3.497877e-02 4.874921e-02 -1.785714e-01
    endloop
  endfacet
  facet normal 6.068001e-01 -7.948544e-01 9.548419e-17
    outer loop
      vertex   -3.497877e-02 4.874921e-02 -2.500000e-01
      vertex   -3.497877e-02 4.874921e-02 -1.785714e-01
      vertex   -3.780527e-02 4.659143e-02 -2.500000e-01
    endloop
  endfacet
  facet normal 6.068001e-01 -7.948544e-01 -5.894731e-17
    outer loop
      vertex   -3.780527e-02 4.659143e-02 -2.500000e-01
      vertex   -3.497877e-02 4.874921e-02 -1.785714e-01
      vertex   -3.780527e-02 4.659143e-02 -1.785714e-01
    endloop
  endfacet
  facet normal 6.528221e-01 -7.575112e-01 -6.341809e-17
    outer loop
      vertex   -3.780527e-02 4.659143e-02 -2.500000e-01
      vertex   -3.780527e-02 4.659143e-02 -1.785714e-01
      vertex   -4.049898e-02 4.427000e-02 -2.500000e-01
    endloop
  endfacet
  facet normal 6.528221e-01 -7.575112e-01 1.016997e-17
    outer loop
      vertex   -4.049898e-02 4.427000e-02 -2.500000e-01
      vertex   -3.780527e-02 4.659143e-02 -1.785714e-01
      vertex   -4.049898e-02 4.427000e-02 -1.785714e-01
    endloop
  endfacet
  facet normal 6.965510e-01 -7.175073e-01 2.035783e-18
    outer loop
      vertex   -4.049898e-02 4.427000e-02 -2.500000e-01
      vertex   -4.049898e-02 4.427000e-02 -1.785714e-01
      vertex   -4.305044e-02 4.179306e-02 -2.500000e-01
    endloop
  endfacet
  facet normal 6.965510e-01 -7.175073e-01 0.000000e+00
    outer loop
      vertex   -4.305044e-02 4.179306e-02 -2.500000e-01
      vertex   -4.049898e-02 4.427000e-02 -1.785714e-01
      vertex   -4.305044e-02 4.179306e-02 -1.785714e-01
    endloop
  endfacet
  facet normal 7.378333e-01 -6.749830e-01 0.000000e+00
    outer loop
      vertex   -4.305044e-02 4.179306e-02 -2.500000e-01
      vertex   -4.305044e-02 4.179306e-02 -1.785714e-01
      vertex   -4.545067e-02 3.916933e-02 -2.500000e-01
    endloop
  endfacet
  facet normal 7.378333e-01 -6.749830e-01 6.557090e-17
    outer loop
      vertex   -4.545067e-02 3.916933e-02 -2.500000e-01
      vertex   -4.305044e-02 4.179306e-02 -1.785714e-01
      vertex   -4.545067e-02 3.916933e-02 -1.785714e-01
    endloop
  endfacet
  facet normal 7.765239e-01 -6.300878e-01 6.120958e-17
    outer loop
      vertex   -4.545067e-02 3.916933e-02 -2.500000e-01
      vertex   -4.545067e-02 3.916933e-02 -1.785714e-01
      vertex   -4.769127e-02 3.640801e-02 -2.500000e-01
    endloop
  endfacet
  facet normal 7.765239e-01 -6.300878e-01 -1.422546e-17
    outer loop
      vertex   -4.769127e-02 3.640801e-02 -2.500000e-01
      vertex   -4.545067e-02 3.916933e-02 -1.785714e-01
      vertex   -4.769127e-02 3.640801e-02 -1.785714e-01
    endloop
  endfacet
  facet normal 8.124869e-01 -5.829795e-01 -2.229538e-17
    outer loop
      vertex   -4.769127e-02 3.640801e-02 -2.500000e-01
      vertex   -4.769127e-02 3.640801e-02 -1.785714e-01
      vertex   -4.976434e-02 3.351881e-02 -2.500000e-01
    endloop
  endfacet
  facet normal 8.124869e-01 -5.829795e-01 0.000000e+00
    outer loop
      vertex   -4.976434e-02 3.351881e-02 -2.500000e-01
      vertex   -4.769127e-02 3.640801e-02 -1.785714e-01
      vertex   -4.976434e-02 3.351881e-02 -1.785714e-01
    endloop
  endfacet
  facet normal 8.455960e-01 -5.338234e-01 0.000000e+00
    outer loop
      vertex   -4.976434e-02 3.351881e-02 -2.500000e-01
      vertex   -4.976434e-02 3.351881e-02 -1.785714e-01
      vertex   -5.166262e-02 3.051187e-02 -2.500000e-01
    endloop
  endfacet
  facet normal 8.455960e-01 -5.338234e-01 0.000000e+00
    outer loop
      vertex   -5.166262e-02 3.051187e-02 -2.500000e-01
      vertex   -4.976434e-02 3.351881e-02 -1.785714e-01
      vertex   -5.166262e-02 3.051187e-02 -1.785714e-01
    endloop
  endfacet
  facet normal 8.757349e-01 -4.827922e-01 0.000000e+00
    outer loop
      vertex   -5.166262e-02 3.051187e-02 -2.500000e-01
      vertex   -5.166262e-02 3.051187e-02 -1.785714e-01
      vertex   -5.337943e-02 2.739775e-02 -2.500000e-01
    endloop
  endfacet
  facet normal 8.757349e-01 -4.827922e-01 4.690061e-17
    outer loop
      vertex   -5.337943e-02 2.739775e-02 -2.500000e-01
      vertex   -5.166262e-02 3.051187e-02 -1.785714e-01
      vertex   -5.337943e-02 2.739775e-02 -1.785714e-01
    endloop
  endfacet
  facet normal 9.027978e-01 -4.300652e-01 4.177848e-17
    outer loop
      vertex   -5.337943e-02 2.739775e-02 -2.500000e-01
      vertex   -5.337943e-02 2.739775e-02 -1.785714e-01
      vertex   -5.490874e-02 2.418741e-02 -2.500000e-01
    endloop
  endfacet
  facet normal 9.027978e-01 -4.300652e-01 0.000000e+00
    outer loop
      vertex   -5.490874e-02 2.418741e-02 -2.500000e-01
      vertex   -5.337943e-02 2.739775e-02 -1.785714e-01
      vertex   -5.490874e-02 2.418741e-02 -1.785714e-01
    endloop
  endfacet
  facet normal 9.266896e-01 -3.758276e-01 0.000000e+00
    outer loop
      vertex   -5.490874e-02 2.418741e-02 -2.500000e-01
      vertex   -5.490874e-02 2.418741e-02 -1.785714e-01
      vertex   -5.624518e-02 2.089210e-02 -2.500000e-01
    endloop
  endfacet
  facet normal 9.266896e-01 -3.758276e-01 -7.176802e-17
    outer loop
      vertex   -5.624518e-02 2.089210e-02 -2.500000e-01
      vertex   -5.490874e-02 2.418741e-02 -1.785714e-01
      vertex   -5.624518e-02 2.089210e-02 -1.785714e-01
    endloop
  endfacet
  facet normal 9.473264e-01 -3.202699e-01 -7.647133e-17
    outer loop
      vertex   -5.624518e-02 2.089210e-02 -2.500000e-01
      vertex   -5.624518e-02 2.089210e-02 -1.785714e-01
      vertex   -5.738406e-02 1.752341e-02 -2.500000e-01
    endloop
  endfacet
  facet normal 9.473264e-01 -3.202699e-01 0.000000e+00
    outer loop
      vertex   -5.738406e-02 1.752341e-02 -2.500000e-01
      vertex   -5.624518e-02 2.089210e-02 -1.785714e-01
      vertex   -5.738406e-02 1.752341e-02 -1.785714e-01
    endloop
  endfacet
  facet normal 9.646356e-01 -2.635872e-01 0.000000e+00
    outer loop
      vertex   -5.738406e-02 1.752341e-02 -2.500000e-01
      vertex   -5.738406e-02 1.752341e-02 -1.785714e-01
      vertex   -5.832137e-02 1.409316e-02 -2.500000e-01
    endloop
  endfacet
  facet normal 9.646356e-01 -2.635872e-01 6.401512e-18
    outer loop
      vertex   -5.832137e-02 1.409316e-02 -2.500000e-01
      vertex   -5.738406e-02 1.752341e-02 -1.785714e-01
      vertex   -5.832137e-02 1.409316e-02 -1.785714e-01
    endloop
  endfacet
  facet normal 9.785565e-01 -2.059786e-01 5.002423e-18
    outer loop
      vertex   -5.832137e-02 1.409316e-02 -2.500000e-01
      vertex   -5.832137e-02 1.409316e-02 -1.785714e-01
      vertex   -5.905383e-02 1.061342e-02 -2.500000e-01
    endloop
  endfacet
  facet normal 9.785565e-01 -2.059786e-01 0.000000e+00
    outer loop
      vertex   -5.905383e-02 1.061342e-02 -2.500000e-01
      vertex   -5.832137e-02 1.409316e-02 -1.785714e-01
      vertex   -5.905383e-02 1.061342e-02 -1.785714e-01
    endloop
  endfacet
  facet normal 9.890402e-01 -1.476466e-01 0.000000e+00
    outer loop
      vertex   -5.905383e-02 1.061342e-02 -2.500000e-01
      vertex   -5.905383e-02 1.061342e-02 -1.785714e-01
      vertex   -5.957887e-02 7.096390e-03 -2.500000e-01
    endloop
  endfacet
  facet normal 9.890402e-01 -1.476466e-01 -8.890830e-17
    outer loop
      vertex   -5.957887e-02 7.096390e-03 -2.500000e-01
      vertex   -5.905383e-02 1.061342e-02 -1.785714e-01
      vertex   -5.957887e-02 7.096390e-03 -1.785714e-01
    endloop
  endfacet
  facet normal 9.960498e-01 -8.879590e-02 -9.244776e-17
    outer loop
      vertex   -5.957887e-02 7.096390e-03 -2.500000e-01
      vertex   -5.957887e-02 7.096390e-03 -1.785714e-01
      vertex   -5.989462e-02 3.554438e-03 -2.500000e-01
    endloop
  endfacet
  facet normal 9.960498e-01 -8.879590e-02 4.313017e-18
    outer loop
      vertex   -5.989462e-02 3.554438e-03 -2.500000e-01
      vertex   -5.957887e-02 7.096390e-03 -1.785714e-01
      vertex   -5.989462e-02 3.554438e-03 -1.785714e-01
    endloop
  endfacet
  facet normal 9.995608e-01 -2.963333e-02 1.439358e-18
    outer loop
      vertex   -5.989462e-02 3.554438e-03 -2.500000e-01
      vertex   -5.989462e-02 3.554438e-03 -1.785714e-01
      vertex   -6.000000e-02 0.000000e+00 -2.500000e-01
    endloop
  endfacet
  facet normal 9.995608e-01 -2.963333e-02 0.000000e+00
    outer loop
      vertex   -6.000000e-02 0.000000e+00 -2.500000e-01
      vertex   -5.989462e-02 3.554438e-03 -1.785714e-01
      vertex   -6.000000e-02 0.000000e+00 -1.785714e-01
    endloop
  endfacet
  facet normal 9.995608e-01 2.963333e-02 -0.000000e+00
    outer loop
      vertex   -6.000000e-02 0.000000e+00 -2.500000e-01
      vertex   -6.000000e-02 0.000000e+00 -1.785714e-01
      vertex   -5.989462e-02 -3.554438e-03 -2.500000e-01
    endloop
  endfacet
  facet normal 9.995608e-01 2.963333e-02 -1.259438e-18
    outer loop
      vertex   -5.989462e-02 -3.554438e-03 -2.500000e-01
      vertex   -6.000000e-02 0.000000e+00 -1.785714e-01
      vertex   -5.989462e-02 -3.554438e-03 -1.785714e-01
    endloop
  endfacet
  facet normal 9.960498e-01 8.879590e-02 -3.773890e-18
    outer loop
      vertex   -5.989462e-02 -3.554438e-03 -2.500000e-01
      vertex   -5.989462e-02 -3.554438e-03 -1.785714e-01
      vertex   -5.957887e-02 -7.096390e-03 -2.500000e-01
    endloop
  endfacet
  facet normal 9.960498e-01 8.879590e-02 -4.313017e-18
    outer loop
      vertex   -5.957887e-02 -7.096390e-03 -2.500000e-01
      vertex   -5.989462e-02 -3.554438e-03 -1.785714e-01
      vertex   -5.957887e-02 -7.096390e-03 -1.785714e-01
    endloop
  endfacet
  facet normal 9.890402e-01 1.476466e-01 -7.171527e-18
    outer loop
      vertex   -5.957887e-02 -7.096390e-03 -2.500000e-01
      vertex   -5.957887e-02 -7.096390e-03 -1.785714e-01
      vertex   -5.905383e-02 -1.061342e-02 -2.500000e-01
    endloop
  endfacet
  facet normal 9.890402e-01 1.476466e-01 -0.000000e+00
    outer loop
      vertex   -5.905383e-02 -1.061342e-02 -2.500000e-01
      vertex   -5.957887e-02 -7.096390e-03 -1.785714e-01
      vertex   -5.905383e-02 -1.061342e-02 -1.785714e-01
    endloop
  endfacet
  facet normal 9.785565e-01 2.059786e-01 -0.000000e+00
    outer loop
      vertex   -5.905383e-02 -1.061342e-02 -2.500000e-01
      vertex   -5.905383e-02 -1.061342e-02 -1.785714e-01
      vertex   -5.832137e-02 -1.409316e-02 -2.500000e-01
    endloop
  endfacet
  facet normal 9.785565e-01 2.059786e-01 -5.002423e-18
    outer loop
      vertex   -5.832137e-02 -1.409316e-02 -2.500000e-01
      vertex   -5.905383e-02 -1.061342e-02 -1.785714e-01
      vertex   -5.832137e-02 -1.409316e-02 -1.785714e-01
    endloop
  endfacet
  facet normal 9.646356e-01 2.635872e-01 -6.401512e-18
    outer loop
      vertex   -5.832137e-02 -1.409316e-02 -2.500000e-01
      vertex   -5.832137e-02 -1.409316e-02 -1.785714e-01
      vertex   -5.738406e-02 -1.752341e-02 -2.500000e-01
    endloop
  endfacet
  facet normal 9.646356e-01 2.635872e-01 -0.000000e+00
    outer loop
      vertex   -5.738406e-02 -1.752341e-02 -2.500000e-01
      vertex   -5.832137e-02 -1.409316e-02 -1.785714e-01
      vertex   -5.738406e-02 -1.752341e-02 -1.785714e-01
    endloop
  endfacet
  facet normal 9.473264e-01 3.202699e-01 -0.000000e+00
    outer loop
      vertex   -5.738406e-02 -1.752341e-02 -2.500000e-01
      vertex   -5.738406e-02 -1.752341e-02 -1.785714e-01
      vertex   -5.624518e-02 -2.089210e-02 -2.500000e-01
    endloop
  endfacet
  facet normal 9.473264e-01 3.202699e-01 -0.000000e+00
    outer loop
      vertex   -5.624518e-02 -2.089210e-02 -2.500000e-01
      vertex   -5.738406e-02 -1.752341e-02 -1.785714e-01
      vertex   -5.624518e-02 -2.089210e-02 -1.785714e-01
    endloop
  endfacet
  facet normal 9.266896e-01 3.758276e-01 -0.000000e+00
    outer loop
      vertex   -5.624518e-02 -2.089210e-02 -2.500000e-01
      vertex   -5.624518e-02 -2.089210e-02 -1.785714e-01
      vertex   -5.490874e-02 -2.418741e-02 -2.500000e-01
    endloop
  endfacet
  facet normal 9.266896e-01 3.758276e-01 -1.825479e-17
    outer loop
      vertex   -5.490874e-02 -2.418741e-02 -2.500000e-01
      vertex   -5.624518e-02 -2.089210e-02 -1.785714e-01
      vertex   -5.490874e-02 -2.418741e-02 -1.785714e-01
    endloop
  endfacet
  facet normal 9.027978e-01 4.300652e-01 -2.088924e-17
    outer loop
      vertex   -5.490874e-02 -2.418741e-02 -2.500000e-01
      vertex   -5.490874e-02 -2.418741e-02 -1.785714e-01
      vertex   -5.337943e-02 -2.739775e-02 -2.500000e-01
    endloop
  endfacet
  facet normal 9.027978e-01 4.300652e-01 4.177848e-17
    outer loop
      vertex   -5.337943e-02 -2.739775e-02 -2.500000e-01
      vertex   -5.490874e-02 -2.418741e-02 -1.785714e-01
      vertex   -5.337943e-02 -2.739775e-02 -1.785714e-01
    endloop
  endfacet
  facet normal 8.757349e-01 4.827922e-01 4.690061e-17
    outer loop
      vertex   -5.337943e-02 -2.739775e-02 -2.500000e-01
      vertex   -5.337943e-02 -2.739775e-02 -1.785714e-01
      vertex   -5.166262e-02 -3.051187e-02 -2.500000e-01
    endloop
  endfacet
  facet normal 8.757349e-01 4.827922e-01 3.817223e-17
    outer loop
      vertex   -5.166262e-02 -3.051187e-02 -2.500000e-01
      vertex   -5.337943e-02 -2.739775e-02 -1.785714e-01
      vertex   -5.166262e-02 -3.051187e-02 -1.785714e-01
    endloop
  endfacet
  facet normal 8.455960e-01 5.338234e-01 3.028700e-17
    outer loop
      vertex   -5.166262e-02 -3.051187e-02 -2.500000e-01
      vertex   -5.166262e-02 -3.051187e-02 -1.785714e-01
      vertex   -4.976434e-02 -3.351881e-02 -2.500000e-01
    endloop
  endfacet
  facet normal 8.455960e-01 5.338234e-01 -0.000000e+00
    outer loop
      vertex   -4.976434e-02 -3.351881e-02 -2.500000e-01
      vertex   -5.166262e-02 -3.051187e-02 -1.785714e-01
      vertex   -4.976434e-02 -3.351881e-02 -1.785714e-01
    endloop
  endfacet
  facet normal 8.124869e-01 5.829795e-01 -0.000000e+00
    outer loop
      vertex   -4.976434e-02 -3.351881e-02 -2.500000e-01
      vertex   -4.976434e-02 -3.351881e-02 -1.785714e-01
      vertex   -4.769127e-02 -3.640801e-02 -2.500000e-01
    endloop
  endfacet
  facet normal 8.124869e-01 5.829795e-01 -5.663326e-17
    outer loop
      vertex   -4.769127e-02 -3.640801e-02 -2.500000e-01
      vertex   -4.976434e-02 -3.351881e-02 -1.785714e-01
      vertex   -4.769127e-02 -3.640801e-02 -1.785714e-01
    endloop
  endfacet
  facet normal 7.765239e-01 6.300878e-01 -6.120958e-17
    outer loop
      vertex   -4.769127e-02 -3.640801e-02 -2.500000e-01
      vertex   -4.769127e-02 -3.640801e-02 -1.785714e-01
      vertex   -4.545067e-02 -3.916933e-02 -2.500000e-01
    endloop
  endfacet
  facet normal 7.765239e-01 6.300878e-01 7.543503e-17
    outer loop
      vertex   -4.545067e-02 -3.916933e-02 -2.500000e-01
      vertex   -4.769127e-02 -3.640801e-02 -1.785714e-01
      vertex   -4.545067e-02 -3.916933e-02 -1.785714e-01
    endloop
  endfacet
  facet normal 7.378333e-01 6.749830e-01 7.167646e-17
    outer loop
      vertex   -4.545067e-02 -3.916933e-02 -2.500000e-01
      vertex   -4.545067e-02 -3.916933e-02 -1.785714e-01
      vertex   -4.305044e-02 -4.179306e-02 -2.500000e-01
    endloop
  endfacet
  facet normal 7.378333e-01 6.749830e-01 -0.000000e+00
    outer loop
      vertex   -4.305044e-02 -4.179306e-02 -2.500000e-01
      vertex   -4.545067e-02 -3.916933e-02 -1.785714e-01
      vertex   -4.305044e-02 -4.179306e-02 -1.785714e-01
    endloop
  endfacet
  facet normal 6.965510e-01 7.175073e-01 -0.000000e+00
    outer loop
      vertex   -4.305044e-02 -4.179306e-02 -2.500000e-01
      vertex   -4.305044e-02 -4.179306e-02 -1.785714e-01
      vertex   -4.049898e-02 -4.427000e-02 -2.500000e-01
    endloop
  endfacet
  facet normal 6.965510e-01 7.175073e-01 -0.000000e+00
    outer loop
      vertex   -4.049898e-02 -4.427000e-02 -2.500000e-01
      vertex   -4.305044e-02 -4.179306e-02 -1.785714e-01
      vertex   -4.049898e-02 -4.427000e-02 -1.785714e-01
    endloop
  endfacet
  facet normal 6.528221e-01 7.575112e-01 -0.000000e+00
    outer loop
      vertex   -4.049898e-02 -4.427000e-02 -2.500000e-01
      vertex   -4.049898e-02 -4.427000e-02 -1.785714e-01
      vertex   -3.780527e-02 -4.659143e-02 -2.500000e-01
    endloop
  endfacet
  facet normal 6.528221e-01 7.575112e-01 -0.000000e+00
    outer loop
      vertex   -3.780527e-02 -4.659143e-02 -2.500000e-01
      vertex   -4.049898e-02 -4.427000e-02 -1.785714e-01
      vertex   -3.780527e-02 -4.659143e-02 -1.785714e-01
    endloop
  endfacet
  facet normal 6.068001e-01 7.948544e-01 -0.000000e+00
    outer loop
      vertex   -3.780527e-02 -4.659143e-02 -2.500000e-01
      vertex   -3.780527e-02 -4.659143e-02 -1.785714e-01
      vertex   -3.497877e-02 -4.874921e-02 -2.500000e-01
    endloop
  endfacet
  facet normal 6.068001e-01 7.948544e-01 5.894731e-17
    outer loop
      vertex   -3.497877e-02 -4.874921e-02 -2.500000e-01
      vertex   -3.780527e-02 -4.659143e-02 -1.785714e-01
      vertex   -3.497877e-02 -4.874921e-02 -1.785714e-01
    endloop
  endfacet
  facet normal 5.586468e-01 8.294057e-01 5.426947e-17
    outer loop
      vertex   -3.497877e-02 -4.874921e-02 -2.500000e-01
      vertex   -3.497877e-02 -4.874921e-02 -1.785714e-01
      vertex   -3.202940e-02 -5.073576e-02 -2.500000e-01
    endloop
  endfacet
  facet normal 5.586468e-01 8.294057e-01 -0.000000e+00
    outer loop
      vertex   -3.202940e-02 -5.073576e-02 -2.500000e-01
      vertex   -3.497877e-02 -4.874921e-02 -1.785714e-01
      vertex   -3.202940e-02 -5.073576e-02 -1.785714e-01
    endloop
  endfacet
  facet normal 5.085311e-01 8.610436e-01 -0.000000e+00
    outer loop
      vertex   -3.202940e-02 -5.073576e-02 -2.500000e-01
      vertex   -3.202940e-02 -5.073576e-02 -1.785714e-01
      vertex   -2.896753e-02 -5.254410e-02 -2.500000e-01
    endloop
  endfacet
  facet normal 5.085311e-01 8.610436e-01 -0.000000e+00
    outer loop
      vertex   -2.896753e-02 -5.254410e-02 -2.500000e-01
      vertex   -3.202940e-02 -5.073576e-02 -1.785714e-01
      vertex   -2.896753e-02 -5.254410e-02 -1.785714e-01
    endloop
  endfacet
  facet normal 4.566292e-01 8.896571e-01 -0.000000e+00
    outer loop
      vertex   -2.896753e-02 -5.254410e-02 -2.500000e-01
      vertex   -2.896753e-02 -5.254410e-02 -1.785714e-01
      vertex   -2.580391e-02 -5.416787e-02 -2.500000e-01
    endloop
  endfacet
  facet normal 4.566292e-01 8.896571e-01 -0.000000e+00
    outer loop
      vertex   -2.580391e-02 -5.416787e-02 -2.500000e-01
      vertex   -2.896753e-02 -5.254410e-02 -1.785714e-01
      vertex   -2.580391e-02 -5.416787e-02 -1.785714e-01
    endloop
  endfacet
  facet normal 4.031234e-01 9.151456e-01 -0.000000e+00
    outer loop
      vertex   -2.580391e-02 -5.416787e-02 -2.500000e-01
      vertex   -2.580391e-02 -5.416787e-02 -1.785714e-01
      vertex   -2.254965e-02 -5.560138e-02 -2.500000e-01
    endloop
  endfacet
  facet normal 4.031234e-01 9.151456e-01 -0.000000e+00
    outer loop
      vertex   -2.254965e-02 -5.560138e-02 -2.500000e-01
      vertex   -2.580391e-02 -5.416787e-02 -1.785714e-01
      vertex   -2.254965e-02 -5.560138e-02 -1.785714e-01
    endloop
  endfacet
  facet normal 3.482016e-01 9.374197e-01 -0.000000e+00
    outer loop
      vertex   -2.254965e-02 -5.560138e-02 -2.500000e-01
      vertex   -2.254965e-02 -5.560138e-02 -1.785714e-01
      vertex   -1.921619e-02 -5.683958e-02 -2.500000e-01
    endloop
  endfacet
  facet normal 3.482016e-01 9.374197e-01 -0.000000e+00
    outer loop
      vertex   -1.921619e-02 -5.683958e-02 -2.500000e-01
      vertex   -2.254965e-02 -5.560138e-02 -1.785714e-01
      vertex   -1.921619e-02 -5.683958e-02 -1.785714e-01
    endloop
  endfacet
  facet normal 2.920568e-01 9.564010e-01 -0.000000e+00
    outer loop
      vertex   -1.921619e-02 -5.683958e-02 -2.500000e-01
      vertex   -1.921619e-02 -5.683958e-02 -1.785714e-01
      vertex   -1.581523e-02 -5.787813e-02 -2.500000e-01
    endloop
  endfacet
  facet normal 2.920568e-01 9.564010e-01 -0.000000e+00
    outer loop
      vertex   -1.581523e-02 -5.787813e-02 -2.500000e-01
      vertex   -1.921619e-02 -5.683958e-02 -1.785714e-01
      vertex   -1.581523e-02 -5.787813e-02 -1.785714e-01
    endloop
  endfacet
  facet normal 2.348860e-01 9.720229e-01 -0.000000e+00
    outer loop
      vertex   -1.581523e-02 -5.787813e-02 -2.500000e-01
      vertex   -1.581523e-02 -5.787813e-02 -1.785714e-01
      vertex   -1.235872e-02 -5.871339e-02 -2.500000e-01
    endloop
  endfacet
  facet normal 2.348860e-01 9.720229e-01 -0.000000e+00
    outer loop
      vertex   -1.235872e-02 -5.871339e-02 -2.500000e-01
      vertex   -1.581523e-02 -5.787813e-02 -1.785714e-01
      vertex   -1.235872e-02 -5.871339e-02 -1.785714e-01
    endloop
  endfacet
  facet normal 1.768903e-01 9.842306e-01 -0.000000e+00
    outer loop
      vertex   -1.235872e-02 -5.871339e-02 -2.500000e-01
      vertex   -1.235872e-02 -5.871339e-02 -1.785714e-01
      vertex   -8.858794e-03 -5.934241e-02 -2.500000e-01
    endloop
  endfacet
  facet normal 1.768903e-01 9.842306e-01 -0.000000e+00
    outer loop
      vertex   -8.858794e-03 -5.934241e-02 -2.500000e-01
      vertex   -1.235872e-02 -5.871339e-02 -1.785714e-01
      vertex   -8.858794e-03 -5.934241e-02 -1.785714e-01
    endloop
  endfacet
  facet normal 1.182732e-01 9.929811e-01 -0.000000e+00
    outer loop
      vertex   -8.858794e-03 -5.934241e-02 -2.500000e-01
      vertex   -8.858794e-03 -5.934241e-02 -1.785714e-01
      vertex   -5.327754e-03 -5.976299e-02 -2.500000e-01
    endloop
  endfacet
  facet normal 1.182732e-01 9.929811e-01 -0.000000e+00
    outer loop
      vertex   -5.327754e-03 -5.976299e-02 -2.500000e-01
      vertex   -8.858794e-03 -5.934241e-02 -1.785714e-01
      vertex   -5.327754e-03 -5.976299e-02 -1.785714e-01
    endloop
  endfacet
  facet normal 5.924063e-02 9.982437e-01 -0.000000e+00
    outer loop
      vertex   -5.327754e-03 -5.976299e-02 -2.500000e-01
      vertex   -5.327754e-03 -5.976299e-02 -1.785714e-01
      vertex   -1.778000e-03 -5.997365e-02 -2.500000e-01
    endloop
  endfacet
  facet normal 5.924063e-02 9.982437e-01 -0.000000e+00
    outer loop
      vertex   -1.778000e-03 -5.997365e-02 -2.500000e-01
      vertex   -5.327754e-03 -5.976299e-02 -1.785714e-01
      vertex   -1.778000e-03 -5.997365e-02 -1.785714e-01
    endloop
  endfacet
  facet normal 0.000000e+00 1.000000e+00 0.000000e+00
    outer loop
      vertex   -1.778000e-03 -5.997365e-02 -2.500000e-01
      vertex   -1.778000e-03 -5.997365e-02 -1.785714e-01
      vertex   1.778000e-03 -5.997365e-02 -2.500000e-01
    endloop
  endfacet
  facet normal 0.000000e+00 1.000000e+00 -0.000000e+00
    outer loop
      vertex   1.778000e-03 -5.997365e-02 -2.500000e-01
      vertex   -1.778000e-03 -5.997365e-02 -1.785714e-01
      vertex   1.778000e-03 -5.997365e-02 -1.785714e-01
    endloop
  endfacet
  facet normal -5.924063e-02 9.982437e-01 0.000000e+00
    outer loop
      vertex   1.778000e-03 -5.997365e-02 -2.500000e-01
      vertex   1.778000e-03 -5.997365e-02 -1.785714e-01
      vertex   5.327754e-03 -5.976299e-02 -2.500000e-01
    endloop
  endfacet
  facet normal -5.924063e-02 9.982437e-01 0.000000e+00
    outer loop
      vertex   5.327754e-03 -5.976299e-02 -2.500000e-01
      vertex   1.778000e-03 -5.997365e-02 -1.785714e-01
      vertex   5.327754e-03 -5.976299e-02 -1.785714e-01
    endloop
  endfacet
  facet normal -1.182732e-01 9.929811e-01 0.000000e+00
    outer loop
      vertex   5.327754e-03 -5.976299e-02 -2.500000e-01
      vertex   5.327754e-03 -5.976299e-02 -1.785714e-01
      vertex   8.858794e-03 -5.934241e-02 -2.500000e-01
    endloop
  endfacet
  facet normal -1.182732e-01 9.929811e-01 0.000000e+00
    outer loop
      vertex   8.858794e-03 -5.934241e-02 -2.500000e-01
      vertex   5.327754e-03 -5.976299e-02 -1.785714e-01
      vertex   8.858794e-03 -5.934241e-02 -1.785714e-01
    endloop
  endfacet
  facet normal -1.768903e-01 9.842306e-01 0.000000e+00
    outer loop
      vertex   8.858794e-03 -5.934241e-02 -2.500000e-01
      vertex   8.858794e-03 -5.934241e-02 -1.785714e-01
      vertex   1.235872e-02 -5.871339e-02 -2.500000e-01
    endloop
  endfacet
  facet normal -1.768903e-01 9.842306e-01 0.000000e+00
    outer loop
      vertex   1.235872e-02 -5.871339e-02 -2.500000e-01
      vertex   8.858794e-03 -5.934241e-02 -1.785714e-01
      vertex   1.235872e-02 -5.871339e-02 -1.785714e-01
    endloop
  endfacet
  facet normal -2.348860e-01 9.720229e-01 0.000000e+00
    outer loop
      vertex   1.235872e-02 -5.871339e-02 -2.500000e-01
      vertex   1.235872e-02 -5.871339e-02 -1.785714e-01
      vertex   1.581523e-02 -5.787813e-02 -2.500000e-01
    endloop
  endfacet
  facet normal -2.348860e-01 9.720229e-01 0.000000e+00
    outer loop
      vertex   1.581523e-02 -5.787813e-02 -2.500000e-01
      vertex   1.235872e-02 -5.871339e-02 -1.785714e-01
      vertex   1.581523e-02 -5.787813e-02 -1.785714e-01
    endloop
  endfacet
  facet normal -2.920568e-01 9.564010e-01 0.000000e+00
    outer loop
      vertex   1.581523e-02 -5.787813e-02 -2.500000e-01
      vertex   1.581523e-02 -5.787813e-02 -1.785714e-01
      vertex   1.921619e-02 -5.683958e-02 -2.500000e-01
    endloop
  endfacet
  facet normal -2.920568e-01 9.564010e-01 0.000000e+00
    outer loop
      vertex   1.921619e-02 -5.683958e-02 -2.500000e-01
      vertex   1.581523e-02 -5.787813e-02 -1.785714e-01
      vertex   1.921619e-02 -5.683958e-02 -1.785714e-01
    endloop
  endfacet
  facet normal -3.482016e-01 9.374197e-01 0.000000e+00
    outer loop
      vertex   1.921619e-02 -5.683958e-02 -2.500000e-01
      vertex   1.921619e-02 -5.683958e-02 -1.785714e-01
      vertex   2.254965e-02 -5.560138e-02 -2.500000e-01
    endloop
  endfacet
  facet normal -3.482016e-01 9.374197e-01 0.000000e+00
    outer loop
      vertex   2.254965e-02 -5.560138e-02 -2.500000e-01
      vertex   1.921619e-02 -5.683958e-02 -1.785714e-01
      vertex   2.254965e-02 -5.560138e-02 -1.785714e-01
    endloop
  endfacet
  facet normal -4.031234e-01 9.151456e-01 0.000000e+00
    outer loop
      vertex   2.254965e-02 -5.560138e-02 -2.500000e-01
      vertex   2.254965e-02 -5.560138e-02 -1.785714e-01
      vertex   2.580391e-02 -5.416787e-02 -2.500000e-01
    endloop
  endfacet
  facet normal -4.031234e-01 9.151456e-01 0.000000e+00
    outer loop
      vertex   2.580391e-02 -5.416787e-02 -2.500000e-01
      vertex   2.254965e-02 -5.560138e-02 -1.785714e-01
      vertex   2.580391e-02 -5.416787e-02 -1.785714e-01
    endloop
  endfacet
  facet normal -4.566292e-01 8.896571e-01 0.000000e+00
    outer loop
      vertex   2.580391e-02 -5.416787e-02 -2.500000e-01
      vertex   2.580391e-02 -5.416787e-02 -1.785714e-01
      vertex   2.896753e-02 -5.254410e-02 -2.500000e-01
    endloop
  endfacet
  facet normal -4.566292e-01 8.896571e-01 0.000000e+00
    outer loop
      vertex   2.896753e-02 -5.254410e-02 -2.500000e-01
      vertex   2.580391e-02 -5.416787e-02 -1.785714e-01
      vertex   2.896753e-02 -5.254410e-02 -1.785714e-01
    endloop
  endfacet
  facet normal -5.085311e-01 8.610436e-01 0.000000e+00
    outer loop
      vertex   2.896753e-02 -5.254410e-02 -2.500000e-01
      vertex   2.896753e-02 -5.254410e-02 -1.785714e-01
      vertex   3.202940e-02 -5.073576e-02 -2.500000e-01
    endloop
  endfacet
  facet normal -5.085311e-01 8.610436e-01 0.000000e+00
    outer loop
      vertex   3.202940e-02 -5.073576e-02 -2.500000e-01
      vertex   2.896753e-02 -5.254410e-02 -1.785714e-01
      vertex   3.202940e-02 -5.073576e-02 -1.785714e-01
    endloop
  endfacet
  facet normal -5.586468e-01 8.294057e-01 0.000000e+00
    outer loop
      vertex   3.202940e-02 -5.073576e-02 -2.500000e-01
      vertex   3.202940e-02 -5.073576e-02 -1.785714e-01
      vertex   3.497877e-02 -4.874921e-02 -2.500000e-01
    endloop
  endfacet
  facet normal -5.586468e-01 8.294057e-01 0.000000e+00
    outer loop
      vertex   3.497877e-02 -4.874921e-02 -2.500000e-01
      vertex   3.202940e-02 -5.073576e-02 -1.785714e-01
      vertex   3.497877e-02 -4.874921e-02 -1.785714e-01
    endloop
  endfacet
  facet normal -6.068001e-01 7.948544e-01 0.000000e+00
    outer loop
      vertex   3.497877e-02 -4.874921e-02 -2.500000e-01
      vertex   3.497877e-02 -4.874921e-02 -1.785714e-01
      vertex   3.780527e-02 -4.659143e-02 -2.500000e-01
    endloop
  endfacet
  facet normal -6.068001e-01 7.948544e-01 0.000000e+00
    outer loop
      vertex   3.780527e-02 -4.659143e-02 -2.500000e-01
      vertex   3.497877e-02 -4.874921e-02 -1.785714e-01
      vertex   3.780527e-02 -4.659143e-02 -1.785714e-01
    endloop
  endfacet
  facet normal -6.528221e-01 7.575112e-01 0.000000e+00
    outer loop
      vertex   3.780527e-02 -4.659143e-02 -2.500000e-01
      vertex   3.780527e-02 -4.659143e-02 -1.785714e-01
      vertex   4.049898e-02 -4.427000e-02 -2.500000e-01
    endloop
  endfacet
  facet normal -6.528221e-01 7.575112e-01 0.000000e+00
    outer loop
      vertex   4.049898e-02 -4.427000e-02 -2.500000e-01
      vertex   3.780527e-02 -4.659143e-02 -1.785714e-01
      vertex   4.049898e-02 -4.427000e-02 -1.785714e-01
    endloop
  endfacet
  facet normal -6.965510e-01 7.175073e-01 0.000000e+00
    outer loop
      vertex   4.049898e-02 -4.427000e-02 -2.500000e-01
      vertex   4.049898e-02 -4.427000e-02 -1.785714e-01
      vertex   4.305044e-02 -4.179306e-02 -2.500000e-01
    endloop
  endfacet
  facet normal -6.965510e-01 7.175073e-01 0.000000e+00
    outer loop
      vertex   4.305044e-02 -4.179306e-02 -2.500000e-01
      vertex   4.049898e-02 -4.427000e-02 -1.785714e-01
      vertex   4.305044e-02 -4.179306e-02 -1.785714e-01
    endloop
  endfacet
  facet normal -7.378333e-01 6.749830e-01 0.000000e+00
    outer loop
      vertex   4.305044e-02 -4.179306e-02 -2.500000e-01
      vertex   4.305044e-02 -4.179306e-02 -1.785714e-01
      vertex   4.545067e-02 -3.916933e-02 -2.500000e-01
    endloop
  endfacet
  facet normal -7.378333e-01 6.749830e-01 0.000000e+00
    outer loop
      vertex   4.545067e-02 -3.916933e-02 -2.500000e-01
      vertex   4.305044e-02 -4.179306e-02 -1.785714e-01
      vertex   4.545067e-02 -3.916933e-02 -1.785714e-01
    endloop
  endfacet
  facet normal -7.765239e-01 6.300878e-01 0.000000e+00
    outer loop
      vertex   4.545067e-02 -3.916933e-02 -2.500000e-01
      vertex   4.545067e-02 -3.916933e-02 -1.785714e-01
      vertex   4.769127e-02 -3.640801e-02 -2.500000e-01
    endloop
  endfacet
  facet normal -7.765239e-01 6.300878e-01 0.000000e+00
    outer loop
      vertex   4.769127e-02 -3.640801e-02 -2.500000e-01
      vertex   4.545067e-02 -3.916933e-02 -1.785714e-01
      vertex   4.769127e-02 -3.640801e-02 -1.785714e-01
    endloop
  endfacet
  facet normal -8.124869e-01 5.829795e-01 0.000000e+00
    outer loop
      vertex   4.769127e-02 -3.640801e-02 -2.500000e-01
      vertex   4.769127e-02 -3.640801e-02 -1.785714e-01
      vertex   4.976434e-02 -3.351881e-02 -2.500000e-01
    endloop
  endfacet
  facet normal -8.124869e-01 5.829795e-01 0.000000e+00
    outer loop
      vertex   4.976434e-02 -3.351881e-02 -2.500000e-01
      vertex   4.769127e-02 -3.640801e-02 -1.785714e-01
      vertex   4.976434e-02 -3.351881e-02 -1.785714e-01
    endloop
  endfacet
  facet normal -8.455960e-01 5.338234e-01 0.000000e+00
    outer loop
      vertex   4.976434e-02 -3.351881e-02 -2.500000e-01
      vertex   4.976434e-02 -3.351881e-02 -1.785714e-01
      vertex   5.166262e-02 -3.051187e-02 -2.500000e-01
    endloop
  endfacet
  facet normal -8.455960e-01 5.338234e-01 0.000000e+00
    outer loop
      vertex   5.166262e-02 -3.051187e-02 -2.500000e-01
      vertex   4.976434e-02 -3.351881e-02 -1.785714e-01
      vertex   5.166262e-02 -3.051187e-02 -1.785714e-01
    endloop
  endfacet
  facet normal -8.757349e-01 4.827922e-01 0.000000e+00
    outer loop
      vertex   5.166262e-02 -3.051187e-02 -2.500000e-01
      vertex   5.166262e-02 -3.051187e-02 -1.785714e-01
      vertex   5.337943e-02 -2.739775e-02 -2.500000e-01
    endloop
  endfacet
  facet normal -8.757349e-01 4.827922e-01 0.000000e+00
    outer loop
      vertex   5.337943e-02 -2.739775e-02 -2.500000e-01
      vertex   5.166262e-02 -3.051187e-02 -1.785714e-01
      vertex   5.337943e-02 -2.739775e-02 -1.785714e-01
    endloop
  endfacet
  facet normal -9.027978e-01 4.300652e-01 0.000000e+00
    outer loop
      vertex   5.337943e-02 -2.739775e-02 -2.500000e-01
      vertex   5.337943e-02 -2.739775e-02 -1.785714e-01
      vertex   5.490874e-02 -2.418741e-02 -2.500000e-01
    endloop
  endfacet
  facet normal -9.027978e-01 4.300652e-01 0.000000e+00
    outer loop
      vertex   5.490874e-02 -2.418741e-02 -2.500000e-01
      vertex   5.337943e-02 -2.739775e-02 -1.785714e-01
      vertex   5.490874e-02 -2.418741e-02 -1.785714e-01
    endloop
  endfacet
  facet normal -9.266896e-01 3.758276e-01 0.000000e+00
    outer loop
      vertex   5.490874e-02 -2.418741e-02 -2.500000e-01
      vertex   5.490874e-02 -2.418741e-02 -1.785714e-01
      vertex   5.624518e-02 -2.089210e-02 -2.500000e-01
    endloop
  endfacet
  facet normal -9.266896e-01 3.758276e-01 0.000000e+00
    outer loop
      vertex   5.624518e-02 -2.089210e-02 -2.500000e-01
      vertex   5.490874e-02 -2.418741e-02 -1.785714e-01
      vertex   5.624518e-02 -2.089210e-02 -1.785714e-01
    endloop
  endfacet
  facet normal -9.473264e-01 3.202699e-01 0.000000e+00
    outer loop
      vertex   5.624518e-02 -2.089210e-02 -2.500000e-01
      vertex   5.624518e-02 -2.089210e-02 -1.785714e-01
      vertex   5.738406e-02 -1.752341e-02 -2.500000e-01
    endloop
  endfacet
  facet normal -9.473264e-01 3.202699e-01 0.000000e+00
    outer loop
      vertex   5.738406e-02 -1.752341e-02 -2.500000e-01
      vertex   5.624518e-02 -2.089210e-02 -1.785714e-01
      vertex   5.738406e-02 -1.752341e-02 -1.785714e-01
    endloop
  endfacet
  facet normal -9.646356e-01 2.635872e-01 0.000000e+00
    outer loop
      vertex   5.738406e-02 -1.752341e-02 -2.500000e-01
      vertex   5.738406e-02 -1.752341e-02 -1.785714e-01
      vertex   5.832137e-02 -1.409316e-02 -2.500000e-01
    endloop
  endfacet
  facet normal -9.646356e-01 2.635872e-01 0.000000e+00
    outer loop
      vertex   5.832137e-02 -1.409316e-02 -2.500000e-01
      vertex   5.738406e-02 -1.752341e-02 -1.785714e-01
      vertex   5.832137e-02 -1.409316e-02 -1.785714e-01
    endloop
  endfacet
  facet normal -9.785565e-01 2.059786e-01 0.000000e+00
    outer loop
      vertex   5.832137e-02 -1.409316e-02 -2.500000e-01
      vertex   5.832137e-02 -1.409316e-02 -1.785714e-01
      vertex   5.905383e-02 -1.061342e-02 -2.500000e-01
    endloop
  endfacet
  facet normal -9.785565e-01 2.059786e-01 0.000000e+00
    outer loop
      vertex   5.905383e-02 -1.061342e-02 -2.500000e-01
      vertex   5.832137e-02 -1.409316e-02 -1.785714e-01
      vertex   5.905383e-02 -1.061342e-02 -1.785714e-01
    endloop
  endfacet
  facet normal -9.890402e-01 1.476466e-01 0.000000e+00
    outer loop
      vertex   5.905383e-02 -1.061342e-02 -2.500000e-01
      vertex   5.905383e-02 -1.061342e-02 -1.785714e-01
      vertex   5.957887e-02 -7.096390e-03 -2.500000e-01
    endloop
  endfacet
  facet normal -9.890402e-01 1.476466e-01 0.000000e+00
    outer loop
      vertex   5.957887e-02 -7.096390e-03 -2.500000e-01
      vertex   5.905383e-02 -1.061342e-02 -1.785714e-01
      vertex   5.957887e-02 -7.096390e-03 -1.785714e-01
    endloop
  endfacet
  facet normal -9.960498e-01 8.879590e-02 0.000000e+00
    outer loop
      vertex   5.957887e-02 -7.096390e-03 -2.500000e-01
      vertex   5.957887e-02 -7.096390e-03 -1.785714e-01
      vertex   5.989462e-02 -3.554438e-03 -2.500000e-01
    endloop
  endfacet
  facet normal -9.960498e-01 8.879590e-02 0.000000e+00
    outer loop
      vertex   5.989462e-02 -3.554438e-03 -2.500000e-01
      vertex   5.957887e-02 -7.096390e-03 -1.785714e-01
      vertex   5.989462e-02 -3.554438e-03 -1.785714e-01
    endloop
  endfacet
  facet normal -9.995608e-01 -2.963333e-02 8.612675e-17
    outer loop
      vertex   5.989462e-02 3.554438e-03 2.500000e-01
      vertex   5.989462e-02 3.554438e-03 1.785714e-01
      vertex   6.000000e-02 8.881784e-18 2.500000e-01
    endloop
  endfacet
  facet normal -9.995608e-01 -2.963333e-02 6.363653e-19
    outer loop
      vertex   6.000000e-02 8.881784e-18 2.500000e-01
      vertex   5.989462e-02 3.554438e-03 1.785714e-01
      vertex   6.000000e-02 7.347881e-18 1.785714e-01
    endloop
  endfacet
  facet normal -9.995608e-01 2.963333e-02 -6.363653e-19
    outer loop
      vertex   6.000000e-02 8.881784e-18 2.500000e-01
      vertex   6.000000e-02 7.347881e-18 1.785714e-01
      vertex   5.989462e-02 -3.554438e-03 2.500000e-01
    endloop
  endfacet
  facet normal -9.995608e-01 2.963333e-02 -8.612675e-17
    outer loop
      vertex   5.989462e-02 -3.554438e-03 2.500000e-01
      vertex   6.000000e-02 7.347881e-18 1.785714e-01
      vertex   5.989462e-02 -3.554438e-03 1.785714e-01
    endloop
  endfacet
  facet normal -9.960498e-01 8.879590e-02 -6.387402e-17
    outer loop
      vertex   5.989462e-02 -3.554438e-03 2.500000e-01
      vertex   5.989462e-02 -3.554438e-03 1.785714e-01
      vertex   5.957887e-02 -7.096390e-03 2.500000e-01
    endloop
  endfacet
  facet normal -9.960498e-01 8.879590e-02 -6.333490e-17
    outer loop
      vertex   5.957887e-02 -7.096390e-03 2.500000e-01
      vertex   5.989462e-02 -3.554438e-03 1.785714e-01
      vertex   5.957887e-02 -7.096390e-03 1.785714e-01
    endloop
  endfacet
  facet normal -9.890402e-01 1.476466e-01 -4.050050e-17
    outer loop
      vertex   5.957887e-02 -7.096390e-03 2.500000e-01
      vertex   5.957887e-02 -7.096390e-03 1.785714e-01
      vertex   5.905383e-02 -1.061342e-02 2.500000e-01
    endloop
  endfacet
  facet normal -9.890402e-01 1.476466e-01 0.000000e+00
    outer loop
      vertex   5.905383e-02 -1.061342e-02 2.500000e-01
      vertex   5.957887e-02 -7.096390e-03 1.785714e-01
      vertex   5.905383e-02 -1.061342e-02 1.785714e-01
    endloop
  endfacet
  facet normal -9.785565e-01 2.059786e-01 0.000000e+00
    outer loop
      vertex   5.905383e-02 -1.061342e-02 2.500000e-01
      vertex   5.905383e-02 -1.061342e-02 1.785714e-01
      vertex   5.832137e-02 -1.409316e-02 2.500000e-01
    endloop
  endfacet
  facet normal -9.785565e-01 2.059786e-01 0.000000e+00
    outer loop
      vertex   5.832137e-02 -1.409316e-02 2.500000e-01
      vertex   5.905383e-02 -1.061342e-02 1.785714e-01
      vertex   5.832137e-02 -1.409316e-02 1.785714e-01
    endloop
  endfacet
  facet normal -9.646356e-01 2.635872e-01 0.000000e+00
    outer loop
      vertex   5.832137e-02 -1.409316e-02 2.500000e-01
      vertex   5.832137e-02 -1.409316e-02 1.785714e-01
      vertex   5.738406e-02 -1.752341e-02 2.500000e-01
    endloop
  endfacet
  facet normal -9.646356e-01 2.635872e-01 -8.499392e-17
    outer loop
      vertex   5.738406e-02 -1.752341e-02 2.500000e-01
      vertex   5.832137e-02 -1.409316e-02 1.785714e-01
      vertex   5.738406e-02 -1.752341e-02 1.785714e-01
    endloop
  endfacet
  facet normal -9.473264e-01 3.202699e-01 -5.960528e-17
    outer loop
      vertex   5.738406e-02 -1.752341e-02 2.500000e-01
      vertex   5.738406e-02 -1.752341e-02 1.785714e-01
      vertex   5.624518e-02 -2.089210e-02 2.500000e-01
    endloop
  endfacet
  facet normal -9.473264e-01 3.202699e-01 0.000000e+00
    outer loop
      vertex   5.624518e-02 -2.089210e-02 2.500000e-01
      vertex   5.738406e-02 -1.752341e-02 1.785714e-01
      vertex   5.624518e-02 -2.089210e-02 1.785714e-01
    endloop
  endfacet
  facet normal -9.266896e-01 3.758276e-01 0.000000e+00
    outer loop
      vertex   5.624518e-02 -2.089210e-02 2.500000e-01
      vertex   5.624518e-02 -2.089210e-02 1.785714e-01
      vertex   5.490874e-02 -2.418741e-02 2.500000e-01
    endloop
  endfacet
  facet normal -9.266896e-01 3.758276e-01 0.000000e+00
    outer loop
      vertex   5.490874e-02 -2.418741e-02 2.500000e-01
      vertex   5.624518e-02 -2.089210e-02 1.785714e-01
      vertex   5.490874e-02 -2.418741e-02 1.785714e-01
    endloop
  endfacet
  facet normal -9.027978e-01 4.300652e-01 0.000000e+00
    outer loop
      vertex   5.490874e-02 -2.418741e-02 2.500000e-01
      vertex   5.490874e-02 -2.418741e-02 1.785714e-01
      vertex   5.337943e-02 -2.739775e-02 2.500000e-01
    endloop
  endfacet
  facet normal -9.027978e-01 4.300652e-01 -9.599167e-17
    outer loop
      vertex   5.337943e-02 -2.739775e-02 2.500000e-01
      vertex   5.490874e-02 -2.418741e-02 1.785714e-01
      vertex   5.337943e-02 -2.739775e-02 1.785714e-01
    endloop
  endfacet
  facet normal -8.757349e-01 4.827922e-01 -6.761608e-17
    outer loop
      vertex   5.337943e-02 -2.739775e-02 2.500000e-01
      vertex   5.337943e-02 -2.739775e-02 1.785714e-01
      vertex   5.166262e-02 -3.051187e-02 2.500000e-01
    endloop
  endfacet
  facet normal -8.757349e-01 4.827922e-01 -1.379670e-16
    outer loop
      vertex   5.166262e-02 -3.051187e-02 2.500000e-01
      vertex   5.337943e-02 -2.739775e-02 1.785714e-01
      vertex   5.166262e-02 -3.051187e-02 1.785714e-01
    endloop
  endfacet
  facet normal -8.455960e-01 5.338234e-01 -1.167900e-16
    outer loop
      vertex   5.166262e-02 -3.051187e-02 2.500000e-01
      vertex   5.166262e-02 -3.051187e-02 1.785714e-01
      vertex   4.976434e-02 -3.351881e-02 2.500000e-01
    endloop
  endfacet
  facet normal -8.455960e-01 5.338234e-01 0.000000e+00
    outer loop
      vertex   4.976434e-02 -3.351881e-02 2.500000e-01
      vertex   5.166262e-02 -3.051187e-02 1.785714e-01
      vertex   4.976434e-02 -3.351881e-02 1.785714e-01
    endloop
  endfacet
  facet normal -8.124869e-01 5.829795e-01 0.000000e+00
    outer loop
      vertex   4.976434e-02 -3.351881e-02 2.500000e-01
      vertex   4.976434e-02 -3.351881e-02 1.785714e-01
      vertex   4.769127e-02 -3.640801e-02 2.500000e-01
    endloop
  endfacet
  facet normal -8.124869e-01 5.829795e-01 1.204249e-17
    outer loop
      vertex   4.769127e-02 -3.640801e-02 2.500000e-01
      vertex   4.976434e-02 -3.351881e-02 1.785714e-01
      vertex   4.769127e-02 -3.640801e-02 1.785714e-01
    endloop
  endfacet
  facet normal -7.765239e-01 6.300878e-01 3.275867e-17
    outer loop
      vertex   4.769127e-02 -3.640801e-02 2.500000e-01
      vertex   4.769127e-02 -3.640801e-02 1.785714e-01
      vertex   4.545067e-02 -3.916933e-02 2.500000e-01
    endloop
  endfacet
  facet normal -7.765239e-01 6.300878e-01 3.275867e-17
    outer loop
      vertex   4.545067e-02 -3.916933e-02 2.500000e-01
      vertex   4.769127e-02 -3.640801e-02 1.785714e-01
      vertex   4.545067e-02 -3.916933e-02 1.785714e-01
    endloop
  endfacet
  facet normal -7.378333e-01 6.749830e-01 5.335978e-17
    outer loop
      vertex   4.545067e-02 -3.916933e-02 2.500000e-01
      vertex   4.545067e-02 -3.916933e-02 1.785714e-01
      vertex   4.305044e-02 -4.179306e-02 2.500000e-01
    endloop
  endfacet
  facet normal -7.378333e-01 6.749830e-01 0.000000e+00
    outer loop
      vertex   4.305044e-02 -4.179306e-02 2.500000e-01
      vertex   4.545067e-02 -3.916933e-02 1.785714e-01
      vertex   4.305044e-02 -4.179306e-02 1.785714e-01
    endloop
  endfacet
  facet normal -6.965510e-01 7.175073e-01 0.000000e+00
    outer loop
      vertex   4.305044e-02 -4.179306e-02 2.500000e-01
      vertex   4.305044e-02 -4.179306e-02 1.785714e-01
      vertex   4.049898e-02 -4.427000e-02 2.500000e-01
    endloop
  endfacet
  facet normal -6.965510e-01 7.175073e-01 0.000000e+00
    outer loop
      vertex   4.049898e-02 -4.427000e-02 2.500000e-01
      vertex   4.305044e-02 -4.179306e-02 1.785714e-01
      vertex   4.049898e-02 -4.427000e-02 1.785714e-01
    endloop
  endfacet
  facet normal -6.528221e-01 7.575112e-01 0.000000e+00
    outer loop
      vertex   4.049898e-02 -4.427000e-02 2.500000e-01
      vertex   4.049898e-02 -4.427000e-02 1.785714e-01
      vertex   3.780527e-02 -4.659143e-02 2.500000e-01
    endloop
  endfacet
  facet normal -6.528221e-01 7.575112e-01 -1.800843e-16
    outer loop
      vertex   3.780527e-02 -4.659143e-02 2.500000e-01
      vertex   4.049898e-02 -4.427000e-02 1.785714e-01
      vertex   3.780527e-02 -4.659143e-02 1.785714e-01
    endloop
  endfacet
  facet normal -6.068001e-01 7.948544e-01 -1.585735e-16
    outer loop
      vertex   3.780527e-02 -4.659143e-02 2.500000e-01
      vertex   3.780527e-02 -4.659143e-02 1.785714e-01
      vertex   3.497877e-02 -4.874921e-02 2.500000e-01
    endloop
  endfacet
  facet normal -6.068001e-01 7.948544e-01 0.000000e+00
    outer loop
      vertex   3.497877e-02 -4.874921e-02 2.500000e-01
      vertex   3.780527e-02 -4.659143e-02 1.785714e-01
      vertex   3.497877e-02 -4.874921e-02 1.785714e-01
    endloop
  endfacet
  facet normal -5.586468e-01 8.294057e-01 0.000000e+00
    outer loop
      vertex   3.497877e-02 -4.874921e-02 2.500000e-01
      vertex   3.497877e-02 -4.874921e-02 1.785714e-01
      vertex   3.202940e-02 -5.073576e-02 2.500000e-01
    endloop
  endfacet
  facet normal -5.586468e-01 8.294057e-01 0.000000e+00
    outer loop
      vertex   3.202940e-02 -5.073576e-02 2.500000e-01
      vertex   3.497877e-02 -4.874921e-02 1.785714e-01
      vertex   3.202940e-02 -5.073576e-02 1.785714e-01
    endloop
  endfacet
  facet normal -5.085311e-01 8.610436e-01 0.000000e+00
    outer loop
      vertex   3.202940e-02 -5.073576e-02 2.500000e-01
      vertex   3.202940e-02 -5.073576e-02 1.785714e-01
      vertex   2.896753e-02 -5.254410e-02 2.500000e-01
    endloop
  endfacet
  facet normal -5.085311e-01 8.610436e-01 1.908830e-17
    outer loop
      vertex   2.896753e-02 -5.254410e-02 2.500000e-01
      vertex   3.202940e-02 -5.073576e-02 1.785714e-01
      vertex   2.896753e-02 -5.254410e-02 1.785714e-01
    endloop
  endfacet
  facet normal -4.566292e-01 8.896571e-01 3.977354e-17
    outer loop
      vertex   2.896753e-02 -5.254410e-02 2.500000e-01
      vertex   2.896753e-02 -5.254410e-02 1.785714e-01
      vertex   2.580391e-02 -5.416787e-02 2.500000e-01
    endloop
  endfacet
  facet normal -4.566292e-01 8.896571e-01 3.977354e-17
    outer loop
      vertex   2.580391e-02 -5.416787e-02 2.500000e-01
      vertex   2.896753e-02 -5.254410e-02 1.785714e-01
      vertex   2.580391e-02 -5.416787e-02 1.785714e-01
    endloop
  endfacet
  facet normal -4.031234e-01 9.151456e-01 6.031906e-17
    outer loop
      vertex   2.580391e-02 -5.416787e-02 2.500000e-01
      vertex   2.580391e-02 -5.416787e-02 1.785714e-01
      vertex   2.254965e-02 -5.560138e-02 2.500000e-01
    endloop
  endfacet
  facet normal -4.031234e-01 9.151456e-01 0.000000e+00
    outer loop
      vertex   2.254965e-02 -5.560138e-02 2.500000e-01
      vertex   2.580391e-02 -5.416787e-02 1.785714e-01
      vertex   2.254965e-02 -5.560138e-02 1.785714e-01
    endloop
  endfacet
  facet normal -3.482016e-01 9.374197e-01 0.000000e+00
    outer loop
      vertex   2.254965e-02 -5.560138e-02 2.500000e-01
      vertex   2.254965e-02 -5.560138e-02 1.785714e-01
      vertex   1.921619e-02 -5.683958e-02 2.500000e-01
    endloop
  endfacet
  facet normal -3.482016e-01 9.374197e-01 2.341342e-17
    outer loop
      vertex   1.921619e-02 -5.683958e-02 2.500000e-01
      vertex   2.254965e-02 -5.560138e-02 1.785714e-01
      vertex   1.921619e-02 -5.683958e-02 1.785714e-01
    endloop
  endfacet
  facet normal -2.920568e-01 9.564010e-01 3.616568e-17
    outer loop
      vertex   1.921619e-02 -5.683958e-02 2.500000e-01
      vertex   1.921619e-02 -5.683958e-02 1.785714e-01
      vertex   1.581523e-02 -5.787813e-02 2.500000e-01
    endloop
  endfacet
  facet normal -2.920568e-01 9.564010e-01 1.290748e-16
    outer loop
      vertex   1.581523e-02 -5.787813e-02 2.500000e-01
      vertex   1.921619e-02 -5.683958e-02 1.785714e-01
      vertex   1.581523e-02 -5.787813e-02 1.785714e-01
    endloop
  endfacet
  facet normal -2.348860e-01 9.720229e-01 1.432176e-16
    outer loop
      vertex   1.581523e-02 -5.787813e-02 2.500000e-01
      vertex   1.581523e-02 -5.787813e-02 1.785714e-01
      vertex   1.235872e-02 -5.871339e-02 2.500000e-01
    endloop
  endfacet
  facet normal -2.348860e-01 9.720229e-01 0.000000e+00
    outer loop
      vertex   1.235872e-02 -5.871339e-02 2.500000e-01
      vertex   1.581523e-02 -5.787813e-02 1.785714e-01
      vertex   1.235872e-02 -5.871339e-02 1.785714e-01
    endloop
  endfacet
  facet normal -1.768903e-01 9.842306e-01 0.000000e+00
    outer loop
      vertex   1.235872e-02 -5.871339e-02 2.500000e-01
      vertex   1.235872e-02 -5.871339e-02 1.785714e-01
      vertex   8.858794e-03 -5.934241e-02 2.500000e-01
    endloop
  endfacet
  facet normal -1.768903e-01 9.842306e-01 6.124476e-17
    outer loop
      vertex   8.858794e-03 -5.934241e-02 2.500000e-01
      vertex   1.235872e-02 -5.871339e-02 1.785714e-01
      vertex   8.858794e-03 -5.934241e-02 1.785714e-01
    endloop
  endfacet
  facet normal -1.182732e-01 9.929811e-01 7.348349e-17
    outer loop
      vertex   8.858794e-03 -5.934241e-02 2.500000e-01
      vertex   8.858794e-03 -5.934241e-02 1.785714e-01
      vertex   5.327754e-03 -5.976299e-02 2.500000e-01
    endloop
  endfacet
  facet normal -1.182732e-01 9.929811e-01 -2.154298e-17
    outer loop
      vertex   5.327754e-03 -5.976299e-02 2.500000e-01
      vertex   8.858794e-03 -5.934241e-02 1.785714e-01
      vertex   5.327754e-03 -5.976299e-02 1.785714e-01
    endloop
  endfacet
  facet normal -5.924063e-02 9.982437e-01 -1.079044e-17
    outer loop
      vertex   5.327754e-03 -5.976299e-02 2.500000e-01
      vertex   5.327754e-03 -5.976299e-02 1.785714e-01
      vertex   1.778000e-03 -5.997365e-02 2.500000e-01
    endloop
  endfacet
  facet normal -5.924063e-02 9.982437e-01 0.000000e+00
    outer loop
      vertex   1.778000e-03 -5.997365e-02 2.500000e-01
      vertex   5.327754e-03 -5.976299e-02 1.785714e-01
      vertex   1.778000e-03 -5.997365e-02 1.785714e-01
    endloop
  endfacet
  facet normal 0.000000e+00 1.000000e+00 0.000000e+00
    outer loop
      vertex   1.778000e-03 -5.997365e-02 2.500000e-01
      vertex   1.778000e-03 -5.997365e-02 1.785714e-01
      vertex   -1.778000e-03 -5.997365e-02 2.500000e-01
    endloop
  endfacet
  facet normal 0.000000e+00 1.000000e+00 0.000000e+00
    outer loop
      vertex   -1.778000e-03 -5.997365e-02 2.500000e-01
      vertex   1.778000e-03 -5.997365e-02 1.785714e-01
      vertex   -1.778000e-03 -5.997365e-02 1.785714e-01
    endloop
  endfacet
  facet normal 5.924063e-02 9.982437e-01 1.115012e-17
    outer loop
      vertex   -1.778000e-03 -5.997365e-02 2.500000e-01
      vertex   -1.778000e-03 -5.997365e-02 1.785714e-01
      vertex   -5.327754e-03 -5.976299e-02 2.500000e-01
    endloop
  endfacet
  facet normal 5.924063e-02 9.982437e-01 1.079044e-17
    outer loop
      vertex   -5.327754e-03 -5.976299e-02 2.500000e-01
      vertex   -1.778000e-03 -5.997365e-02 1.785714e-01
      vertex   -5.327754e-03 -5.976299e-02 1.785714e-01
    endloop
  endfacet
  facet normal 1.182732e-01 9.929811e-01 2.154298e-17
    outer loop
      vertex   -5.327754e-03 -5.976299e-02 2.500000e-01
      vertex   -5.327754e-03 -5.976299e-02 1.785714e-01
      vertex   -8.858794e-03 -5.934241e-02 2.500000e-01
    endloop
  endfacet
  facet normal 1.182732e-01 9.929811e-01 -2.297918e-17
    outer loop
      vertex   -8.858794e-03 -5.934241e-02 2.500000e-01
      vertex   -5.327754e-03 -5.976299e-02 1.785714e-01
      vertex   -8.858794e-03 -5.934241e-02 1.785714e-01
    endloop
  endfacet
  facet normal 1.768903e-01 9.842306e-01 -3.436784e-17
    outer loop
      vertex   -8.858794e-03 -5.934241e-02 2.500000e-01
      vertex   -8.858794e-03 -5.934241e-02 1.785714e-01
      vertex   -1.235872e-02 -5.871339e-02 2.500000e-01
    endloop
  endfacet
  facet normal 1.768903e-01 9.842306e-01 -6.124476e-17
    outer loop
      vertex   -1.235872e-02 -5.871339e-02 2.500000e-01
      vertex   -8.858794e-03 -5.934241e-02 1.785714e-01
      vertex   -1.235872e-02 -5.871339e-02 1.785714e-01
    endloop
  endfacet
  facet normal 2.348860e-01 9.720229e-01 -4.879091e-17
    outer loop
      vertex   -1.235872e-02 -5.871339e-02 2.500000e-01
      vertex   -1.235872e-02 -5.871339e-02 1.785714e-01
      vertex   -1.581523e-02 -5.787813e-02 2.500000e-01
    endloop
  endfacet
  facet normal 2.348860e-01 9.720229e-01 3.422684e-17
    outer loop
      vertex   -1.581523e-02 -5.787813e-02 2.500000e-01
      vertex   -1.235872e-02 -5.871339e-02 1.785714e-01
      vertex   -1.581523e-02 -5.787813e-02 1.785714e-01
    endloop
  endfacet
  facet normal 2.920568e-01 9.564010e-01 4.255757e-17
    outer loop
      vertex   -1.581523e-02 -5.787813e-02 2.500000e-01
      vertex   -1.581523e-02 -5.787813e-02 1.785714e-01
      vertex   -1.921619e-02 -5.683958e-02 2.500000e-01
    endloop
  endfacet
  facet normal 2.920568e-01 9.564010e-01 5.674343e-17
    outer loop
      vertex   -1.921619e-02 -5.683958e-02 2.500000e-01
      vertex   -1.581523e-02 -5.787813e-02 1.785714e-01
      vertex   -1.921619e-02 -5.683958e-02 1.785714e-01
    endloop
  endfacet
  facet normal 3.482016e-01 9.374197e-01 6.765176e-17
    outer loop
      vertex   -1.921619e-02 -5.683958e-02 2.500000e-01
      vertex   -1.921619e-02 -5.683958e-02 1.785714e-01
      vertex   -2.254965e-02 -5.560138e-02 2.500000e-01
    endloop
  endfacet
  facet normal 3.482016e-01 9.374197e-01 0.000000e+00
    outer loop
      vertex   -2.254965e-02 -5.560138e-02 2.500000e-01
      vertex   -1.921619e-02 -5.683958e-02 1.785714e-01
      vertex   -2.254965e-02 -5.560138e-02 1.785714e-01
    endloop
  endfacet
  facet normal 4.031234e-01 9.151456e-01 0.000000e+00
    outer loop
      vertex   -2.254965e-02 -5.560138e-02 2.500000e-01
      vertex   -2.254965e-02 -5.560138e-02 1.785714e-01
      vertex   -2.580391e-02 -5.416787e-02 2.500000e-01
    endloop
  endfacet
  facet normal 4.031234e-01 9.151456e-01 5.874184e-17
    outer loop
      vertex   -2.580391e-02 -5.416787e-02 2.500000e-01
      vertex   -2.254965e-02 -5.560138e-02 1.785714e-01
      vertex   -2.580391e-02 -5.416787e-02 1.785714e-01
    endloop
  endfacet
  facet normal 4.566292e-01 8.896571e-01 6.653854e-17
    outer loop
      vertex   -2.580391e-02 -5.416787e-02 2.500000e-01
      vertex   -2.580391e-02 -5.416787e-02 1.785714e-01
      vertex   -2.896753e-02 -5.254410e-02 2.500000e-01
    endloop
  endfacet
  facet normal 4.566292e-01 8.896571e-01 4.435903e-17
    outer loop
      vertex   -2.896753e-02 -5.254410e-02 2.500000e-01
      vertex   -2.580391e-02 -5.416787e-02 1.785714e-01
      vertex   -2.896753e-02 -5.254410e-02 1.785714e-01
    endloop
  endfacet
  facet normal 5.085311e-01 8.610436e-01 4.940101e-17
    outer loop
      vertex   -2.896753e-02 -5.254410e-02 2.500000e-01
      vertex   -2.896753e-02 -5.254410e-02 1.785714e-01
      vertex   -3.202940e-02 -5.073576e-02 2.500000e-01
    endloop
  endfacet
  facet normal 5.085311e-01 8.610436e-01 0.000000e+00
    outer loop
      vertex   -3.202940e-02 -5.073576e-02 2.500000e-01
      vertex   -2.896753e-02 -5.254410e-02 1.785714e-01
      vertex   -3.202940e-02 -5.073576e-02 1.785714e-01
    endloop
  endfacet
  facet normal 5.586468e-01 8.294057e-01 0.000000e+00
    outer loop
      vertex   -3.202940e-02 -5.073576e-02 2.500000e-01
      vertex   -3.202940e-02 -5.073576e-02 1.785714e-01
      vertex   -3.497877e-02 -4.874921e-02 2.500000e-01
    endloop
  endfacet
  facet normal 5.586468e-01 8.294057e-01 -1.068750e-16
    outer loop
      vertex   -3.497877e-02 -4.874921e-02 2.500000e-01
      vertex   -3.202940e-02 -5.073576e-02 1.785714e-01
      vertex   -3.497877e-02 -4.874921e-02 1.785714e-01
    endloop
  endfacet
  facet normal 6.068001e-01 7.948544e-01 -9.548419e-17
    outer loop
      vertex   -3.497877e-02 -4.874921e-02 2.500000e-01
      vertex   -3.497877e-02 -4.874921e-02 1.785714e-01
      vertex   -3.780527e-02 -4.659143e-02 2.500000e-01
    endloop
  endfacet
  facet normal 6.068001e-01 7.948544e-01 -1.826844e-17
    outer loop
      vertex   -3.780527e-02 -4.659143e-02 2.500000e-01
      vertex   -3.497877e-02 -4.874921e-02 1.785714e-01
      vertex   -3.780527e-02 -4.659143e-02 1.785714e-01
    endloop
  endfacet
  facet normal 6.528221e-01 7.575112e-01 -1.016997e-17
    outer loop
      vertex   -3.780527e-02 -4.659143e-02 2.500000e-01
      vertex   -3.780527e-02 -4.659143e-02 1.785714e-01
      vertex   -4.049898e-02 -4.427000e-02 2.500000e-01
    endloop
  endfacet
  facet normal 6.528221e-01 7.575112e-01 -1.016997e-17
    outer loop
      vertex   -4.049898e-02 -4.427000e-02 2.500000e-01
      vertex   -3.780527e-02 -4.659143e-02 1.785714e-01
      vertex   -4.049898e-02 -4.427000e-02 1.785714e-01
    endloop
  endfacet
  facet normal 6.965510e-01 7.175073e-01 -2.035783e-18
    outer loop
      vertex   -4.049898e-02 -4.427000e-02 2.500000e-01
      vertex   -4.049898e-02 -4.427000e-02 1.785714e-01
      vertex   -4.305044e-02 -4.179306e-02 2.500000e-01
    endloop
  endfacet
  facet normal 6.965510e-01 7.175073e-01 0.000000e+00
    outer loop
      vertex   -4.305044e-02 -4.179306e-02 2.500000e-01
      vertex   -4.049898e-02 -4.427000e-02 1.785714e-01
      vertex   -4.305044e-02 -4.179306e-02 1.785714e-01
    endloop
  endfacet
  facet normal 7.378333e-01 6.749830e-01 0.000000e+00
    outer loop
      vertex   -4.305044e-02 -4.179306e-02 2.500000e-01
      vertex   -4.305044e-02 -4.179306e-02 1.785714e-01
      vertex   -4.545067e-02 -3.916933e-02 2.500000e-01
    endloop
  endfacet
  facet normal 7.378333e-01 6.749830e-01 -6.557090e-17
    outer loop
      vertex   -4.545067e-02 -3.916933e-02 2.500000e-01
      vertex   -4.305044e-02 -4.179306e-02 1.785714e-01
      vertex   -4.545067e-02 -3.916933e-02 1.785714e-01
    endloop
  endfacet
  facet normal 7.765239e-01 6.300878e-01 -6.120958e-17
    outer loop
      vertex   -4.545067e-02 -3.916933e-02 2.500000e-01
      vertex   -4.545067e-02 -3.916933e-02 1.785714e-01
      vertex   -4.769127e-02 -3.640801e-02 2.500000e-01
    endloop
  endfacet
  facet normal 7.765239e-01 6.300878e-01 1.422546e-17
    outer loop
      vertex   -4.769127e-02 -3.640801e-02 2.500000e-01
      vertex   -4.545067e-02 -3.916933e-02 1.785714e-01
      vertex   -4.769127e-02 -3.640801e-02 1.785714e-01
    endloop
  endfacet
  facet normal 8.124869e-01 5.829795e-01 2.229538e-17
    outer loop
      vertex   -4.769127e-02 -3.640801e-02 2.500000e-01
      vertex   -4.769127e-02 -3.640801e-02 1.785714e-01
      vertex   -4.976434e-02 -3.351881e-02 2.500000e-01
    endloop
  endfacet
  facet normal 8.124869e-01 5.829795e-01 0.000000e+00
    outer loop
      vertex   -4.976434e-02 -3.351881e-02 2.500000e-01
      vertex   -4.769127e-02 -3.640801e-02 1.785714e-01
      vertex   -4.976434e-02 -3.351881e-02 1.785714e-01
    endloop
  endfacet
  facet normal 8.455960e-01 5.338234e-01 0.000000e+00
    outer loop
      vertex   -4.976434e-02 -3.351881e-02 2.500000e-01
      vertex   -4.976434e-02 -3.351881e-02 1.785714e-01
      vertex   -5.166262e-02 -3.051187e-02 2.500000e-01
    endloop
  endfacet
  facet normal 8.455960e-01 5.338234e-01 0.000000e+00
    outer loop
      vertex   -5.166262e-02 -3.051187e-02 2.500000e-01
      vertex   -4.976434e-02 -3.351881e-02 1.785714e-01
      vertex   -5.166262e-02 -3.051187e-02 1.785714e-01
    endloop
  endfacet
  facet normal 8.757349e-01 4.827922e-01 0.000000e+00
    outer loop
      vertex   -5.166262e-02 -3.051187e-02 2.500000e-01
      vertex   -5.166262e-02 -3.051187e-02 1.785714e-01
      vertex   -5.337943e-02 -2.739775e-02 2.500000e-01
    endloop
  endfacet
  facet normal 8.757349e-01 4.827922e-01 -4.690061e-17
    outer loop
      vertex   -5.337943e-02 -2.739775e-02 2.500000e-01
      vertex   -5.166262e-02 -3.051187e-02 1.785714e-01
      vertex   -5.337943e-02 -2.739775e-02 1.785714e-01
    endloop
  endfacet
  facet normal 9.027978e-01 4.300652e-01 -4.177848e-17
    outer loop
      vertex   -5.337943e-02 -2.739775e-02 2.500000e-01
      vertex   -5.337943e-02 -2.739775e-02 1.785714e-01
      vertex   -5.490874e-02 -2.418741e-02 2.500000e-01
    endloop
  endfacet
  facet normal 9.027978e-01 4.300652e-01 1.336252e-16
    outer loop
      vertex   -5.490874e-02 -2.418741e-02 2.500000e-01
      vertex   -5.337943e-02 -2.739775e-02 1.785714e-01
      vertex   -5.490874e-02 -2.418741e-02 1.785714e-01
    endloop
  endfacet
  facet normal 9.266896e-01 3.758276e-01 1.435360e-16
    outer loop
      vertex   -5.490874e-02 -2.418741e-02 2.500000e-01
      vertex   -5.490874e-02 -2.418741e-02 1.785714e-01
      vertex   -5.624518e-02 -2.089210e-02 2.500000e-01
    endloop
  endfacet
  facet normal 9.266896e-01 3.758276e-01 3.525843e-17
    outer loop
      vertex   -5.624518e-02 -2.089210e-02 2.500000e-01
      vertex   -5.490874e-02 -2.418741e-02 1.785714e-01
      vertex   -5.624518e-02 -2.089210e-02 1.785714e-01
    endloop
  endfacet
  facet normal 9.473264e-01 3.202699e-01 4.535887e-17
    outer loop
      vertex   -5.624518e-02 -2.089210e-02 2.500000e-01
      vertex   -5.624518e-02 -2.089210e-02 1.785714e-01
      vertex   -5.738406e-02 -1.752341e-02 2.500000e-01
    endloop
  endfacet
  facet normal 9.473264e-01 3.202699e-01 0.000000e+00
    outer loop
      vertex   -5.738406e-02 -1.752341e-02 2.500000e-01
      vertex   -5.624518e-02 -2.089210e-02 1.785714e-01
      vertex   -5.738406e-02 -1.752341e-02 1.785714e-01
    endloop
  endfacet
  facet normal 9.646356e-01 2.635872e-01 0.000000e+00
    outer loop
      vertex   -5.738406e-02 -1.752341e-02 2.500000e-01
      vertex   -5.738406e-02 -1.752341e-02 1.785714e-01
      vertex   -5.832137e-02 -1.409316e-02 2.500000e-01
    endloop
  endfacet
  facet normal 9.646356e-01 2.635872e-01 -1.280302e-17
    outer loop
      vertex   -5.832137e-02 -1.409316e-02 2.500000e-01
      vertex   -5.738406e-02 -1.752341e-02 1.785714e-01
      vertex   -5.832137e-02 -1.409316e-02 1.785714e-01
    endloop
  endfacet
  facet normal 9.785565e-01 2.059786e-01 -1.000485e-17
    outer loop
      vertex   -5.832137e-02 -1.409316e-02 2.500000e-01
      vertex   -5.832137e-02 -1.409316e-02 1.785714e-01
      vertex   -5.905383e-02 -1.061342e-02 2.500000e-01
    endloop
  endfacet
  facet normal 9.785565e-01 2.059786e-01 0.000000e+00
    outer loop
      vertex   -5.905383e-02 -1.061342e-02 2.500000e-01
      vertex   -5.832137e-02 -1.409316e-02 1.785714e-01
      vertex   -5.905383e-02 -1.061342e-02 1.785714e-01
    endloop
  endfacet
  facet normal 9.890402e-01 1.476466e-01 0.000000e+00
    outer loop
      vertex   -5.905383e-02 -1.061342e-02 2.500000e-01
      vertex   -5.905383e-02 -1.061342e-02 1.785714e-01
      vertex   -5.957887e-02 -7.096390e-03 2.500000e-01
    endloop
  endfacet
  facet normal 9.890402e-01 1.476466e-01 8.890830e-17
    outer loop
      vertex   -5.957887e-02 -7.096390e-03 2.500000e-01
      vertex   -5.905383e-02 -1.061342e-02 1.785714e-01
      vertex   -5.957887e-02 -7.096390e-03 1.785714e-01
    endloop
  endfacet
  facet normal 9.960498e-01 8.879590e-02 9.244776e-17
    outer loop
      vertex   -5.957887e-02 -7.096390e-03 2.500000e-01
      vertex   -5.957887e-02 -7.096390e-03 1.785714e-01
      vertex   -5.989462e-02 -3.554438e-03 2.500000e-01
    endloop
  endfacet
  facet normal 9.960498e-01 8.879590e-02 -4.852144e-18
    outer loop
      vertex   -5.989462e-02 -3.554438e-03 2.500000e-01
      vertex   -5.957887e-02 -7.096390e-03 1.785714e-01
      vertex   -5.989462e-02 -3.554438e-03 1.785714e-01
    endloop
  endfacet
  facet normal 9.995608e-01 2.963333e-02 -1.619277e-18
    outer loop
      vertex   -5.989462e-02 -3.554438e-03 2.500000e-01
      vertex   -5.989462e-02 -3.554438e-03 1.785714e-01
      vertex   -6.000000e-02 0.000000e+00 2.500000e-01
    endloop
  endfacet
  facet normal 9.995608e-01 2.963333e-02 0.000000e+00
    outer loop
      vertex   -6.000000e-02 0.000000e+00 2.500000e-01
      vertex   -5.989462e-02 -3.554438e-03 1.785714e-01
      vertex   -6.000000e-02 0.000000e+00 1.785714e-01
    endloop
  endfacet
  facet normal 9.995608e-01 -2.963333e-02 0.000000e+00
    outer loop
      vertex   -6.000000e-02 0.000000e+00 2.500000e-01
      vertex   -6.000000e-02 0.000000e+00 1.785714e-01
      vertex   -5.989462e-02 3.554438e-03 2.500000e-01
    endloop
  endfacet
  facet normal 9.995608e-01 -2.963333e-02 -9.548258e-17
    outer loop
      vertex   -5.989462e-02 3.554438e-03 2.500000e-01
      vertex   -6.000000e-02 0.000000e+00 1.785714e-01
      vertex   -5.989462e-02 3.554438e-03 1.785714e-01
    endloop
  endfacet
  facet normal 9.960498e-01 -8.879590e-02 -9.190863e-17
    outer loop
      vertex   -5.989462e-02 3.554438e-03 2.500000e-01
      vertex   -5.989462e-02 3.554438e-03 1.785714e-01
      vertex   -5.957887e-02 7.096390e-03 2.500000e-01
    endloop
  endfacet
  facet normal 9.960498e-01 -8.879590e-02 4.313017e-18
    outer loop
      vertex   -5.957887e-02 7.096390e-03 2.500000e-01
      vertex   -5.989462e-02 3.554438e-03 1.785714e-01
      vertex   -5.957887e-02 7.096390e-03 1.785714e-01
    endloop
  endfacet
  facet normal 9.890402e-01 -1.476466e-01 7.171527e-18
    outer loop
      vertex   -5.957887e-02 7.096390e-03 2.500000e-01
      vertex   -5.957887e-02 7.096390e-03 1.785714e-01
      vertex   -5.905383e-02 1.061342e-02 2.500000e-01
    endloop
  endfacet
  facet normal 9.890402e-01 -1.476466e-01 0.000000e+00
    outer loop
      vertex   -5.905383e-02 1.061342e-02 2.500000e-01
      vertex   -5.957887e-02 7.096390e-03 1.785714e-01
      vertex   -5.905383e-02 1.061342e-02 1.785714e-01
    endloop
  endfacet
  facet normal 9.785565e-01 -2.059786e-01 0.000000e+00
    outer loop
      vertex   -5.905383e-02 1.061342e-02 2.500000e-01
      vertex   -5.905383e-02 1.061342e-02 1.785714e-01
      vertex   -5.832137e-02 1.409316e-02 2.500000e-01
    endloop
  endfacet
  facet normal 9.785565e-01 -2.059786e-01 1.000485e-17
    outer loop
      vertex   -5.832137e-02 1.409316e-02 2.500000e-01
      vertex   -5.905383e-02 1.061342e-02 1.785714e-01
      vertex   -5.832137e-02 1.409316e-02 1.785714e-01
    endloop
  endfacet
  facet normal 9.646356e-01 -2.635872e-01 1.280302e-17
    outer loop
      vertex   -5.832137e-02 1.409316e-02 2.500000e-01
      vertex   -5.832137e-02 1.409316e-02 1.785714e-01
      vertex   -5.738406e-02 1.752341e-02 2.500000e-01
    endloop
  endfacet
  facet normal 9.646356e-01 -2.635872e-01 0.000000e+00
    outer loop
      vertex   -5.738406e-02 1.752341e-02 2.500000e-01
      vertex   -5.832137e-02 1.409316e-02 1.785714e-01
      vertex   -5.738406e-02 1.752341e-02 1.785714e-01
    endloop
  endfacet
  facet normal 9.473264e-01 -3.202699e-01 0.000000e+00
    outer loop
      vertex   -5.738406e-02 1.752341e-02 2.500000e-01
      vertex   -5.738406e-02 1.752341e-02 1.785714e-01
      vertex   -5.624518e-02 2.089210e-02 2.500000e-01
    endloop
  endfacet
  facet normal 9.473264e-01 -3.202699e-01 -1.684989e-16
    outer loop
      vertex   -5.624518e-02 2.089210e-02 2.500000e-01
      vertex   -5.738406e-02 1.752341e-02 1.785714e-01
      vertex   -5.624518e-02 2.089210e-02 1.785714e-01
    endloop
  endfacet
  facet normal 9.266896e-01 -3.758276e-01 -1.617908e-16
    outer loop
      vertex   -5.624518e-02 2.089210e-02 2.500000e-01
      vertex   -5.624518e-02 2.089210e-02 1.785714e-01
      vertex   -5.490874e-02 2.418741e-02 2.500000e-01
    endloop
  endfacet
  facet normal 9.266896e-01 -3.758276e-01 -3.525843e-17
    outer loop
      vertex   -5.490874e-02 2.418741e-02 2.500000e-01
      vertex   -5.624518e-02 2.089210e-02 1.785714e-01
      vertex   -5.490874e-02 2.418741e-02 1.785714e-01
    endloop
  endfacet
  facet normal 9.027978e-01 -4.300652e-01 -2.503414e-17
    outer loop
      vertex   -5.490874e-02 2.418741e-02 2.500000e-01
      vertex   -5.490874e-02 2.418741e-02 1.785714e-01
      vertex   -5.337943e-02 2.739775e-02 2.500000e-01
    endloop
  endfacet
  facet normal 9.027978e-01 -4.300652e-01 -4.177848e-17
    outer loop
      vertex   -5.337943e-02 2.739775e-02 2.500000e-01
      vertex   -5.490874e-02 2.418741e-02 1.785714e-01
      vertex   -5.337943e-02 2.739775e-02 1.785714e-01
    endloop
  endfacet
  facet normal 8.757349e-01 -4.827922e-01 -4.690061e-17
    outer loop
      vertex   -5.337943e-02 2.739775e-02 2.500000e-01
      vertex   -5.337943e-02 2.739775e-02 1.785714e-01
      vertex   -5.166262e-02 3.051187e-02 2.500000e-01
    endloop
  endfacet
  facet normal 8.757349e-01 -4.827922e-01 -3.817223e-17
    outer loop
      vertex   -5.166262e-02 3.051187e-02 2.500000e-01
      vertex   -5.337943e-02 2.739775e-02 1.785714e-01
      vertex   -5.166262e-02 3.051187e-02 1.785714e-01
    endloop
  endfacet
  facet normal 8.455960e-01 -5.338234e-01 -3.028700e-17
    outer loop
      vertex   -5.166262e-02 3.051187e-02 2.500000e-01
      vertex   -5.166262e-02 3.051187e-02 1.785714e-01
      vertex   -4.976434e-02 3.351881e-02 2.500000e-01
    endloop
  endfacet
  facet normal 8.455960e-01 -5.338234e-01 0.000000e+00
    outer loop
      vertex   -4.976434e-02 3.351881e-02 2.500000e-01
      vertex   -5.166262e-02 3.051187e-02 1.785714e-01
      vertex   -4.976434e-02 3.351881e-02 1.785714e-01
    endloop
  endfacet
  facet normal 8.124869e-01 -5.829795e-01 0.000000e+00
    outer loop
      vertex   -4.976434e-02 3.351881e-02 2.500000e-01
      vertex   -4.976434e-02 3.351881e-02 1.785714e-01
      vertex   -4.769127e-02 3.640801e-02 2.500000e-01
    endloop
  endfacet
  facet normal 8.124869e-01 -5.829795e-01 5.663326e-17
    outer loop
      vertex   -4.769127e-02 3.640801e-02 2.500000e-01
      vertex   -4.976434e-02 3.351881e-02 1.785714e-01
      vertex   -4.769127e-02 3.640801e-02 1.785714e-01
    endloop
  endfacet
  facet normal 7.765239e-01 -6.300878e-01 6.120958e-17
    outer loop
      vertex   -4.769127e-02 3.640801e-02 2.500000e-01
      vertex   -4.769127e-02 3.640801e-02 1.785714e-01
      vertex   -4.545067e-02 3.916933e-02 2.500000e-01
    endloop
  endfacet
  facet normal 7.765239e-01 -6.300878e-01 -7.543503e-17
    outer loop
      vertex   -4.545067e-02 3.916933e-02 2.500000e-01
      vertex   -4.769127e-02 3.640801e-02 1.785714e-01
      vertex   -4.545067e-02 3.916933e-02 1.785714e-01
    endloop
  endfacet
  facet normal 7.378333e-01 -6.749830e-01 -7.167646e-17
    outer loop
      vertex   -4.545067e-02 3.916933e-02 2.500000e-01
      vertex   -4.545067e-02 3.916933e-02 1.785714e-01
      vertex   -4.305044e-02 4.179306e-02 2.500000e-01
    endloop
  endfacet
  facet normal 7.378333e-01 -6.749830e-01 0.000000e+00
    outer loop
      vertex   -4.305044e-02 4.179306e-02 2.500000e-01
      vertex   -4.545067e-02 3.916933e-02 1.785714e-01
      vertex   -4.305044e-02 4.179306e-02 1.785714e-01
    endloop
  endfacet
  facet normal 6.965510e-01 -7.175073e-01 0.000000e+00
    outer loop
      vertex   -4.305044e-02 4.179306e-02 2.500000e-01
      vertex   -4.305044e-02 4.179306e-02 1.785714e-01
      vertex   -4.049898e-02 4.427000e-02 2.500000e-01
    endloop
  endfacet
  facet normal 6.965510e-01 -7.175073e-01 0.000000e+00
    outer loop
      vertex   -4.049898e-02 4.427000e-02 2.500000e-01
      vertex   -4.305044e-02 4.179306e-02 1.785714e-01
      vertex   -4.049898e-02 4.427000e-02 1.785714e-01
    endloop
  endfacet
  facet normal 6.528221e-01 -7.575112e-01 0.000000e+00
    outer loop
      vertex   -4.049898e-02 4.427000e-02 2.500000e-01
      vertex   -4.049898e-02 4.427000e-02 1.785714e-01
      vertex   -3.780527e-02 4.659143e-02 2.500000e-01
    endloop
  endfacet
  facet normal 6.528221e-01 -7.575112e-01 -1.268362e-16
    outer loop
      vertex   -3.780527e-02 4.659143e-02 2.500000e-01
      vertex   -4.049898e-02 4.427000e-02 1.785714e-01
      vertex   -3.780527e-02 4.659143e-02 1.785714e-01
    endloop
  endfacet
  facet normal 6.068001e-01 -7.948544e-01 -1.178946e-16
    outer loop
      vertex   -3.780527e-02 4.659143e-02 2.500000e-01
      vertex   -3.780527e-02 4.659143e-02 1.785714e-01
      vertex   -3.497877e-02 4.874921e-02 2.500000e-01
    endloop
  endfacet
  facet normal 6.068001e-01 -7.948544e-01 -5.894731e-17
    outer loop
      vertex   -3.497877e-02 4.874921e-02 2.500000e-01
      vertex   -3.780527e-02 4.659143e-02 1.785714e-01
      vertex   -3.497877e-02 4.874921e-02 1.785714e-01
    endloop
  endfacet
  facet normal 5.586468e-01 -8.294057e-01 -5.426947e-17
    outer loop
      vertex   -3.497877e-02 4.874921e-02 2.500000e-01
      vertex   -3.497877e-02 4.874921e-02 1.785714e-01
      vertex   -3.202940e-02 5.073576e-02 2.500000e-01
    endloop
  endfacet
  facet normal 5.586468e-01 -8.294057e-01 0.000000e+00
    outer loop
      vertex   -3.202940e-02 5.073576e-02 2.500000e-01
      vertex   -3.497877e-02 4.874921e-02 1.785714e-01
      vertex   -3.202940e-02 5.073576e-02 1.785714e-01
    endloop
  endfacet
  facet normal 5.085311e-01 -8.610436e-01 0.000000e+00
    outer loop
      vertex   -3.202940e-02 5.073576e-02 2.500000e-01
      vertex   -3.202940e-02 5.073576e-02 1.785714e-01
      vertex   -2.896753e-02 5.254410e-02 2.500000e-01
    endloop
  endfacet
  facet normal 5.085311e-01 -8.610436e-01 6.848931e-17
    outer loop
      vertex   -2.896753e-02 5.254410e-02 2.500000e-01
      vertex   -3.202940e-02 5.073576e-02 1.785714e-01
      vertex   -2.896753e-02 5.254410e-02 1.785714e-01
    endloop
  endfacet
  facet normal 4.566292e-01 -8.896571e-01 8.413256e-17
    outer loop
      vertex   -2.896753e-02 5.254410e-02 2.500000e-01
      vertex   -2.896753e-02 5.254410e-02 1.785714e-01
      vertex   -2.580391e-02 5.416787e-02 2.500000e-01
    endloop
  endfacet
  facet normal 4.566292e-01 -8.896571e-01 8.413256e-17
    outer loop
      vertex   -2.580391e-02 5.416787e-02 2.500000e-01
      vertex   -2.896753e-02 5.254410e-02 1.785714e-01
      vertex   -2.580391e-02 5.416787e-02 1.785714e-01
    endloop
  endfacet
  facet normal 4.031234e-01 -9.151456e-01 9.948029e-17
    outer loop
      vertex   -2.580391e-02 5.416787e-02 2.500000e-01
      vertex   -2.580391e-02 5.416787e-02 1.785714e-01
      vertex   -2.254965e-02 5.560138e-02 2.500000e-01
    endloop
  endfacet
  facet normal 4.031234e-01 -9.151456e-01 0.000000e+00
    outer loop
      vertex   -2.254965e-02 5.560138e-02 2.500000e-01
      vertex   -2.580391e-02 5.416787e-02 1.785714e-01
      vertex   -2.254965e-02 5.560138e-02 1.785714e-01
    endloop
  endfacet
  facet normal 3.482016e-01 -9.374197e-01 0.000000e+00
    outer loop
      vertex   -2.254965e-02 5.560138e-02 2.500000e-01
      vertex   -2.254965e-02 5.560138e-02 1.785714e-01
      vertex   -1.921619e-02 5.683958e-02 2.500000e-01
    endloop
  endfacet
  facet normal 3.482016e-01 -9.374197e-01 -6.765176e-17
    outer loop
      vertex   -1.921619e-02 5.683958e-02 2.500000e-01
      vertex   -2.254965e-02 5.560138e-02 1.785714e-01
      vertex   -1.921619e-02 5.683958e-02 1.785714e-01
    endloop
  endfacet
  facet normal 2.920568e-01 -9.564010e-01 -5.674343e-17
    outer loop
      vertex   -1.921619e-02 5.683958e-02 2.500000e-01
      vertex   -1.921619e-02 5.683958e-02 1.785714e-01
      vertex   -1.581523e-02 5.787813e-02 2.500000e-01
    endloop
  endfacet
  facet normal 2.920568e-01 -9.564010e-01 1.432606e-16
    outer loop
      vertex   -1.581523e-02 5.787813e-02 2.500000e-01
      vertex   -1.921619e-02 5.683958e-02 1.785714e-01
      vertex   -1.581523e-02 5.787813e-02 1.785714e-01
    endloop
  endfacet
  facet normal 2.348860e-01 -9.720229e-01 1.546266e-16
    outer loop
      vertex   -1.581523e-02 5.787813e-02 2.500000e-01
      vertex   -1.581523e-02 5.787813e-02 1.785714e-01
      vertex   -1.235872e-02 5.871339e-02 2.500000e-01
    endloop
  endfacet
  facet normal 2.348860e-01 -9.720229e-01 4.879091e-17
    outer loop
      vertex   -1.235872e-02 5.871339e-02 2.500000e-01
      vertex   -1.581523e-02 5.787813e-02 1.785714e-01
      vertex   -1.235872e-02 5.871339e-02 1.785714e-01
    endloop
  endfacet
  facet normal 1.768903e-01 -9.842306e-01 6.124476e-17
    outer loop
      vertex   -1.235872e-02 5.871339e-02 2.500000e-01
      vertex   -1.235872e-02 5.871339e-02 1.785714e-01
      vertex   -8.858794e-03 5.934241e-02 2.500000e-01
    endloop
  endfacet
  facet normal 1.768903e-01 -9.842306e-01 3.436784e-17
    outer loop
      vertex   -8.858794e-03 5.934241e-02 2.500000e-01
      vertex   -1.235872e-02 5.871339e-02 1.785714e-01
      vertex   -8.858794e-03 5.934241e-02 1.785714e-01
    endloop
  endfacet
  facet normal 1.182732e-01 -9.929811e-01 2.297918e-17
    outer loop
      vertex   -8.858794e-03 5.934241e-02 2.500000e-01
      vertex   -8.858794e-03 5.934241e-02 1.785714e-01
      vertex   -5.327754e-03 5.976299e-02 2.500000e-01
    endloop
  endfacet
  facet normal 1.182732e-01 -9.929811e-01 7.491969e-17
    outer loop
      vertex   -5.327754e-03 5.976299e-02 2.500000e-01
      vertex   -8.858794e-03 5.934241e-02 1.785714e-01
      vertex   -5.327754e-03 5.976299e-02 1.785714e-01
    endloop
  endfacet
  facet normal 5.924063e-02 -9.982437e-01 8.618346e-17
    outer loop
      vertex   -5.327754e-03 5.976299e-02 2.500000e-01
      vertex   -5.327754e-03 5.976299e-02 1.785714e-01
      vertex   -1.778000e-03 5.997365e-02 2.500000e-01
    endloop
  endfacet
  facet normal 5.924063e-02 -9.982437e-01 -1.115012e-17
    outer loop
      vertex   -1.778000e-03 5.997365e-02 2.500000e-01
      vertex   -5.327754e-03 5.976299e-02 1.785714e-01
      vertex   -1.778000e-03 5.997365e-02 1.785714e-01
    endloop
  endfacet
  facet normal 0.000000e+00 -1.000000e+00 -0.000000e+00
    outer loop
      vertex   -1.778000e-03 5.997365e-02 2.500000e-01
      vertex   -1.778000e-03 5.997365e-02 1.785714e-01
      vertex   1.778000e-03 5.997365e-02 2.500000e-01
    endloop
  endfacet
  facet normal 0.000000e+00 -1.000000e+00 -0.000000e+00
    outer loop
      vertex   1.778000e-03 5.997365e-02 2.500000e-01
      vertex   -1.778000e-03 5.997365e-02 1.785714e-01
      vertex   1.778000e-03 5.997365e-02 1.785714e-01
    endloop
  endfacet
  facet normal -5.924063e-02 -9.982437e-01 -0.000000e+00
    outer loop
      vertex   1.778000e-03 5.997365e-02 2.500000e-01
      vertex   1.778000e-03 5.997365e-02 1.785714e-01
      vertex   5.327754e-03 5.976299e-02 2.500000e-01
    endloop
  endfacet
  facet normal -5.924063e-02 -9.982437e-01 1.079044e-17
    outer loop
      vertex   5.327754e-03 5.976299e-02 2.500000e-01
      vertex   1.778000e-03 5.997365e-02 1.785714e-01
      vertex   5.327754e-03 5.976299e-02 1.785714e-01
    endloop
  endfacet
  facet normal -1.182732e-01 -9.929811e-01 2.154298e-17
    outer loop
      vertex   5.327754e-03 5.976299e-02 2.500000e-01
      vertex   5.327754e-03 5.976299e-02 1.785714e-01
      vertex   8.858794e-03 5.934241e-02 2.500000e-01
    endloop
  endfacet
  facet normal -1.182732e-01 -9.929811e-01 -7.348349e-17
    outer loop
      vertex   8.858794e-03 5.934241e-02 2.500000e-01
      vertex   5.327754e-03 5.976299e-02 1.785714e-01
      vertex   8.858794e-03 5.934241e-02 1.785714e-01
    endloop
  endfacet
  facet normal -1.768903e-01 -9.842306e-01 -6.124476e-17
    outer loop
      vertex   8.858794e-03 5.934241e-02 2.500000e-01
      vertex   8.858794e-03 5.934241e-02 1.785714e-01
      vertex   1.235872e-02 5.871339e-02 2.500000e-01
    endloop
  endfacet
  facet normal -1.768903e-01 -9.842306e-01 -0.000000e+00
    outer loop
      vertex   1.235872e-02 5.871339e-02 2.500000e-01
      vertex   8.858794e-03 5.934241e-02 1.785714e-01
      vertex   1.235872e-02 5.871339e-02 1.785714e-01
    endloop
  endfacet
  facet normal -2.348860e-01 -9.720229e-01 -0.000000e+00
    outer loop
      vertex   1.235872e-02 5.871339e-02 2.500000e-01
      vertex   1.235872e-02 5.871339e-02 1.785714e-01
      vertex   1.581523e-02 5.787813e-02 2.500000e-01
    endloop
  endfacet
  facet normal -2.348860e-01 -9.720229e-01 3.422684e-17
    outer loop
      vertex   1.581523e-02 5.787813e-02 2.500000e-01
      vertex   1.235872e-02 5.871339e-02 1.785714e-01
      vertex   1.581523e-02 5.787813e-02 1.785714e-01
    endloop
  endfacet
  facet normal -2.920568e-01 -9.564010e-01 4.255757e-17
    outer loop
      vertex   1.581523e-02 5.787813e-02 2.500000e-01
      vertex   1.581523e-02 5.787813e-02 1.785714e-01
      vertex   1.921619e-02 5.683958e-02 2.500000e-01
    endloop
  endfacet
  facet normal -2.920568e-01 -9.564010e-01 5.674343e-17
    outer loop
      vertex   1.921619e-02 5.683958e-02 2.500000e-01
      vertex   1.581523e-02 5.787813e-02 1.785714e-01
      vertex   1.921619e-02 5.683958e-02 1.785714e-01
    endloop
  endfacet
  facet normal -3.482016e-01 -9.374197e-01 6.765176e-17
    outer loop
      vertex   1.921619e-02 5.683958e-02 2.500000e-01
      vertex   1.921619e-02 5.683958e-02 1.785714e-01
      vertex   2.254965e-02 5.560138e-02 2.500000e-01
    endloop
  endfacet
  facet normal -3.482016e-01 -9.374197e-01 -0.000000e+00
    outer loop
      vertex   2.254965e-02 5.560138e-02 2.500000e-01
      vertex   1.921619e-02 5.683958e-02 1.785714e-01
      vertex   2.254965e-02 5.560138e-02 1.785714e-01
    endloop
  endfacet
  facet normal -4.031234e-01 -9.151456e-01 -0.000000e+00
    outer loop
      vertex   2.254965e-02 5.560138e-02 2.500000e-01
      vertex   2.254965e-02 5.560138e-02 1.785714e-01
      vertex   2.580391e-02 5.416787e-02 2.500000e-01
    endloop
  endfacet
  facet normal -4.031234e-01 -9.151456e-01 4.816293e-17
    outer loop
      vertex   2.580391e-02 5.416787e-02 2.500000e-01
      vertex   2.254965e-02 5.560138e-02 1.785714e-01
      vertex   2.580391e-02 5.416787e-02 1.785714e-01
    endloop
  endfacet
  facet normal -4.566292e-01 -8.896571e-01 6.883128e-17
    outer loop
      vertex   2.580391e-02 5.416787e-02 2.500000e-01
      vertex   2.580391e-02 5.416787e-02 1.785714e-01
      vertex   2.896753e-02 5.254410e-02 2.500000e-01
    endloop
  endfacet
  facet normal -4.566292e-01 -8.896571e-01 -3.977354e-17
    outer loop
      vertex   2.896753e-02 5.254410e-02 2.500000e-01
      vertex   2.580391e-02 5.416787e-02 1.785714e-01
      vertex   2.896753e-02 5.254410e-02 1.785714e-01
    endloop
  endfacet
  facet normal -5.085311e-01 -8.610436e-01 -1.908830e-17
    outer loop
      vertex   2.896753e-02 5.254410e-02 2.500000e-01
      vertex   2.896753e-02 5.254410e-02 1.785714e-01
      vertex   3.202940e-02 5.073576e-02 2.500000e-01
    endloop
  endfacet
  facet normal -5.085311e-01 -8.610436e-01 -0.000000e+00
    outer loop
      vertex   3.202940e-02 5.073576e-02 2.500000e-01
      vertex   2.896753e-02 5.254410e-02 1.785714e-01
      vertex   3.202940e-02 5.073576e-02 1.785714e-01
    endloop
  endfacet
  facet normal -5.586468e-01 -8.294057e-01 -0.000000e+00
    outer loop
      vertex   3.202940e-02 5.073576e-02 2.500000e-01
      vertex   3.202940e-02 5.073576e-02 1.785714e-01
      vertex   3.497877e-02 4.874921e-02 2.500000e-01
    endloop
  endfacet
  facet normal -5.586468e-01 -8.294057e-01 -0.000000e+00
    outer loop
      vertex   3.497877e-02 4.874921e-02 2.500000e-01
      vertex   3.202940e-02 5.073576e-02 1.785714e-01
      vertex   3.497877e-02 4.874921e-02 1.785714e-01
    endloop
  endfacet
  facet normal -6.068001e-01 -7.948544e-01 -0.000000e+00
    outer loop
      vertex   3.497877e-02 4.874921e-02 2.500000e-01
      vertex   3.497877e-02 4.874921e-02 1.785714e-01
      vertex   3.780527e-02 4.659143e-02 2.500000e-01
    endloop
  endfacet
  facet normal -6.068001e-01 -7.948544e-01 1.585735e-16
    outer loop
      vertex   3.780527e-02 4.659143e-02 2.500000e-01
      vertex   3.497877e-02 4.874921e-02 1.785714e-01
      vertex   3.780527e-02 4.659143e-02 1.785714e-01
    endloop
  endfacet
  facet normal -6.528221e-01 -7.575112e-01 1.800843e-16
    outer loop
      vertex   3.780527e-02 4.659143e-02 2.500000e-01
      vertex   3.780527e-02 4.659143e-02 1.785714e-01
      vertex   4.049898e-02 4.427000e-02 2.500000e-01
    endloop
  endfacet
  facet normal -6.528221e-01 -7.575112e-01 -0.000000e+00
    outer loop
      vertex   4.049898e-02 4.427000e-02 2.500000e-01
      vertex   3.780527e-02 4.659143e-02 1.785714e-01
      vertex   4.049898e-02 4.427000e-02 1.785714e-01
    endloop
  endfacet
  facet normal -6.965510e-01 -7.175073e-01 -0.000000e+00
    outer loop
      vertex   4.049898e-02 4.427000e-02 2.500000e-01
      vertex   4.049898e-02 4.427000e-02 1.785714e-01
      vertex   4.305044e-02 4.179306e-02 2.500000e-01
    endloop
  endfacet
  facet normal -6.965510e-01 -7.175073e-01 -0.000000e+00
    outer loop
      vertex   4.305044e-02 4.179306e-02 2.500000e-01
      vertex   4.049898e-02 4.427000e-02 1.785714e-01
      vertex   4.305044e-02 4.179306e-02 1.785714e-01
    endloop
  endfacet
  facet normal -7.378333e-01 -6.749830e-01 -0.000000e+00
    outer loop
      vertex   4.305044e-02 4.179306e-02 2.500000e-01
      vertex   4.305044e-02 4.179306e-02 1.785714e-01
      vertex   4.545067e-02 3.916933e-02 2.500000e-01
    endloop
  endfacet
  facet normal -7.378333e-01 -6.749830e-01 -5.335978e-17
    outer loop
      vertex   4.545067e-02 3.916933e-02 2.500000e-01
      vertex   4.305044e-02 4.179306e-02 1.785714e-01
      vertex   4.545067e-02 3.916933e-02 1.785714e-01
    endloop
  endfacet
  facet normal -7.765239e-01 -6.300878e-01 -3.275867e-17
    outer loop
      vertex   4.545067e-02 3.916933e-02 2.500000e-01
      vertex   4.545067e-02 3.916933e-02 1.785714e-01
      vertex   4.769127e-02 3.640801e-02 2.500000e-01
    endloop
  endfacet
  facet normal -7.765239e-01 -6.300878e-01 -3.275867e-17
    outer loop
      vertex   4.769127e-02 3.640801e-02 2.500000e-01
      vertex   4.545067e-02 3.916933e-02 1.785714e-01
      vertex   4.769127e-02 3.640801e-02 1.785714e-01
    endloop
  endfacet
  facet normal -8.124869e-01 -5.829795e-01 -1.204249e-17
    outer loop
      vertex   4.769127e-02 3.640801e-02 2.500000e-01
      vertex   4.769127e-02 3.640801e-02 1.785714e-01
      vertex   4.976434e-02 3.351881e-02 2.500000e-01
    endloop
  endfacet
  facet normal -8.124869e-01 -5.829795e-01 -0.000000e+00
    outer loop
      vertex   4.976434e-02 3.351881e-02 2.500000e-01
      vertex   4.769127e-02 3.640801e-02 1.785714e-01
      vertex   4.976434e-02 3.351881e-02 1.785714e-01
    endloop
  endfacet
  facet normal -8.455960e-01 -5.338234e-01 -0.000000e+00
    outer loop
      vertex   4.976434e-02 3.351881e-02 2.500000e-01
      vertex   4.976434e-02 3.351881e-02 1.785714e-01
      vertex   5.166262e-02 3.051187e-02 2.500000e-01
    endloop
  endfacet
  facet normal -8.455960e-01 -5.338234e-01 -7.342903e-17
    outer loop
      vertex   5.166262e-02 3.051187e-02 2.500000e-01
      vertex   4.976434e-02 3.351881e-02 1.785714e-01
      vertex   5.166262e-02 3.051187e-02 1.785714e-01
    endloop
  endfacet
  facet normal -8.757349e-01 -4.827922e-01 -5.562900e-17
    outer loop
      vertex   5.166262e-02 3.051187e-02 2.500000e-01
      vertex   5.166262e-02 3.051187e-02 1.785714e-01
      vertex   5.337943e-02 2.739775e-02 2.500000e-01
    endloop
  endfacet
  facet normal -8.757349e-01 -4.827922e-01 6.761608e-17
    outer loop
      vertex   5.337943e-02 2.739775e-02 2.500000e-01
      vertex   5.166262e-02 3.051187e-02 1.785714e-01
      vertex   5.337943e-02 2.739775e-02 1.785714e-01
    endloop
  endfacet
  facet normal -9.027978e-01 -4.300652e-01 9.599167e-17
    outer loop
      vertex   5.337943e-02 2.739775e-02 2.500000e-01
      vertex   5.337943e-02 2.739775e-02 1.785714e-01
      vertex   5.490874e-02 2.418741e-02 2.500000e-01
    endloop
  endfacet
  facet normal -9.027978e-01 -4.300652e-01 -0.000000e+00
    outer loop
      vertex   5.490874e-02 2.418741e-02 2.500000e-01
      vertex   5.337943e-02 2.739775e-02 1.785714e-01
      vertex   5.490874e-02 2.418741e-02 1.785714e-01
    endloop
  endfacet
  facet normal -9.266896e-01 -3.758276e-01 -0.000000e+00
    outer loop
      vertex   5.490874e-02 2.418741e-02 2.500000e-01
      vertex   5.490874e-02 2.418741e-02 1.785714e-01
      vertex   5.624518e-02 2.089210e-02 2.500000e-01
    endloop
  endfacet
  facet normal -9.266896e-01 -3.758276e-01 -0.000000e+00
    outer loop
      vertex   5.624518e-02 2.089210e-02 2.500000e-01
      vertex   5.490874e-02 2.418741e-02 1.785714e-01
      vertex   5.624518e-02 2.089210e-02 1.785714e-01
    endloop
  endfacet
  facet normal -9.473264e-01 -3.202699e-01 -0.000000e+00
    outer loop
      vertex   5.624518e-02 2.089210e-02 2.500000e-01
      vertex   5.624518e-02 2.089210e-02 1.785714e-01
      vertex   5.738406e-02 1.752341e-02 2.500000e-01
    endloop
  endfacet
  facet normal -9.473264e-01 -3.202699e-01 5.960528e-17
    outer loop
      vertex   5.738406e-02 1.752341e-02 2.500000e-01
      vertex   5.624518e-02 2.089210e-02 1.785714e-01
      vertex   5.738406e-02 1.752341e-02 1.785714e-01
    endloop
  endfacet
  facet normal -9.646356e-01 -2.635872e-01 8.499392e-17
    outer loop
      vertex   5.738406e-02 1.752341e-02 2.500000e-01
      vertex   5.738406e-02 1.752341e-02 1.785714e-01
      vertex   5.832137e-02 1.409316e-02 2.500000e-01
    endloop
  endfacet
  facet normal -9.646356e-01 -2.635872e-01 -0.000000e+00
    outer loop
      vertex   5.832137e-02 1.409316e-02 2.500000e-01
      vertex   5.738406e-02 1.752341e-02 1.785714e-01
      vertex   5.832137e-02 1.409316e-02 1.785714e-01
    endloop
  endfacet
  facet normal -9.785565e-01 -2.059786e-01 -0.000000e+00
    outer loop
      vertex   5.832137e-02 1.409316e-02 2.500000e-01
      vertex   5.832137e-02 1.409316e-02 1.785714e-01
      vertex   5.905383e-02 1.061342e-02 2.500000e-01
    endloop
  endfacet
  facet normal -9.785565e-01 -2.059786e-01 -0.000000e+00
    outer loop
      vertex   5.905383e-02 1.061342e-02 2.500000e-01
      vertex   5.832137e-02 1.409316e-02 1.785714e-01
      vertex   5.905383e-02 1.061342e-02 1.785714e-01
    endloop
  endfacet
  facet normal -9.890402e-01 -1.476466e-01 -0.000000e+00
    outer loop
      vertex   5.905383e-02 1.061342e-02 2.500000e-01
      vertex   5.905383e-02 1.061342e-02 1.785714e-01
      vertex   5.957887e-02 7.096390e-03 2.500000e-01
    endloop
  endfacet
  facet normal -9.890402e-01 -1.476466e-01 4.050050e-17
    outer loop
      vertex   5.957887e-02 7.096390e-03 2.500000e-01
      vertex   5.905383e-02 1.061342e-02 1.785714e-01
      vertex   5.957887e-02 7.096390e-03 1.785714e-01
    endloop
  endfacet
  facet normal -9.960498e-01 -8.879590e-02 6.333490e-17
    outer loop
      vertex   5.957887e-02 7.096390e-03 2.500000e-01
      vertex   5.957887e-02 7.096390e-03 1.785714e-01
      vertex   5.989462e-02 3.554438e-03 2.500000e-01
    endloop
  endfacet
  facet normal -9.960498e-01 -8.879590e-02 6.387402e-17
    outer loop
      vertex   5.989462e-02 3.554438e-03 2.500000e-01
      vertex   5.957887e-02 7.096390e-03 1.785714e-01
      vertex   5.989462e-02 3.554438e-03 1.785714e-01
    endloop
  endfacet
  facet normal -9.995608e-01 -2.963333e-02 0.000000e+00
    outer loop
      vertex   6.000000e-02 7.347881e-18 -1.785714e-01
      vertex   6.000000e-02 7.347881e-18 -1.071429e-01
      vertex   5.989462e-02 3.554438e-03 -1.785714e-01
    endloop
  endfacet
  facet normal -9.995608e-01 -2.963333e-02 0.000000e+00
    outer loop
      vertex   5.989462e-02 3.554438e-03 -1.785714e-01
      vertex   6.000000e-02 7.347881e-18 -1.071429e-01
      vertex   5.989462e-02 3.554438e-03 -1.071429e-01
    endloop
  endfacet
  facet normal -9.960498e-01 -8.879590e-02 0.000000e+00
    outer loop
      vertex   5.989462e-02 3.554438e-03 -1.785714e-01
      vertex   5.989462e-02 3.554438e-03 -1.071429e-01
      vertex   5.957887e-02 7.096390e-03 -1.785714e-01
    endloop
  endfacet
  facet normal -9.960498e-01 -8.879590e-02 0.000000e+00
    outer loop
      vertex   5.957887e-02 7.096390e-03 -1.785714e-01
      vertex   5.989462e-02 3.554438e-03 -1.071429e-01
      vertex   5.957887e-02 7.096390e-03 -1.071429e-01
    endloop
  endfacet
  facet normal -9.890402e-01 -1.476466e-01 0.000000e+00
    outer loop
      vertex   5.957887e-02 7.096390e-03 -1.785714e-01
      vertex   5.957887e-02 7.096390e-03 -1.071429e-01
      vertex   5.905383e-02 1.061342e-02 -1.785714e-01
    endloop
  endfacet
  facet normal -9.890402e-01 -1.476466e-01 0.000000e+00
    outer loop
      vertex   5.905383e-02 1.061342e-02 -1.785714e-01
      vertex   5.957887e-02 7.096390e-03 -1.071429e-01
      vertex   5.905383e-02 1.061342e-02 -1.071429e-01
    endloop
  endfacet
  facet normal -9.785565e-01 -2.059786e-01 0.000000e+00
    outer loop
      vertex   5.905383e-02 1.061342e-02 -1.785714e-01
      vertex   5.905383e-02 1.061342e-02 -1.071429e-01
      vertex   5.832137e-02 1.409316e-02 -1.785714e-01
    endloop
  endfacet
  facet normal -9.785565e-01 -2.059786e-01 0.000000e+00
    outer loop
      vertex   5.832137e-02 1.409316e-02 -1.785714e-01
      vertex   5.905383e-02 1.061342e-02 -1.071429e-01
      vertex   5.832137e-02 1.409316e-02 -1.071429e-01
    endloop
  endfacet
  facet normal -9.646356e-01 -2.635872e-01 0.000000e+00
    outer loop
      vertex   5.832137e-02 1.409316e-02 -1.785714e-01
      vertex   5.832137e-02 1.409316e-02 -1.071429e-01
      vertex   5.738406e-02 1.752341e-02 -1.785714e-01
    endloop
  endfacet
  facet normal -9.646356e-01 -2.635872e-01 0.000000e+00
    outer loop
      vertex   5.738406e-02 1.752341e-02 -1.785714e-01
      vertex   5.832137e-02 1.409316e-02 -1.071429e-01
      vertex   5.738406e-02 1.752341e-02 -1.071429e-01
    endloop
  endfacet
  facet normal -9.473264e-01 -3.202699e-01 0.000000e+00
    outer loop
      vertex   5.738406e-02 1.752341e-02 -1.785714e-01
      vertex   5.738406e-02 1.752341e-02 -1.071429e-01
      vertex   5.624518e-02 2.089210e-02 -1.785714e-01
    endloop
  endfacet
  facet normal -9.473264e-01 -3.202699e-01 0.000000e+00
    outer loop
      vertex   5.624518e-02 2.089210e-02 -1.785714e-01
      vertex   5.738406e-02 1.752341e-02 -1.071429e-01
      vertex   5.624518e-02 2.089210e-02 -1.071429e-01
    endloop
  endfacet
  facet normal -9.266896e-01 -3.758276e-01 0.000000e+00
    outer loop
      vertex   5.624518e-02 2.089210e-02 -1.785714e-01
      vertex   5.624518e-02 2.089210e-02 -1.071429e-01
      vertex   5.490874e-02 2.418741e-02 -1.785714e-01
    endloop
  endfacet
  facet normal -9.266896e-01 -3.758276e-01 0.000000e+00
    outer loop
      vertex   5.490874e-02 2.418741e-02 -1.785714e-01
      vertex   5.624518e-02 2.089210e-02 -1.071429e-01
      vertex   5.490874e-02 2.418741e-02 -1.071429e-01
    endloop
  endfacet
  facet normal -9.027978e-01 -4.300652e-01 0.000000e+00
    outer loop
      vertex   5.490874e-02 2.418741e-02 -1.785714e-01
      vertex   5.490874e-02 2.418741e-02 -1.071429e-01
      vertex   5.337943e-02 2.739775e-02 -1.785714e-01
    endloop
  endfacet
  facet normal -9.027978e-01 -4.300652e-01 0.000000e+00
    outer loop
      vertex   5.337943e-02 2.739775e-02 -1.785714e-01
      vertex   5.490874e-02 2.418741e-02 -1.071429e-01
      vertex   5.337943e-02 2.739775e-02 -1.071429e-01
    endloop
  endfacet
  facet normal -8.757349e-01 -4.827922e-01 0.000000e+00
    outer loop
      vertex   5.337943e-02 2.739775e-02 -1.785714e-01
      vertex   5.337943e-02 2.739775e-02 -1.071429e-01
      vertex   5.166262e-02 3.051187e-02 -1.785714e-01
    endloop
  endfacet
  facet normal -8.757349e-01 -4.827922e-01 0.000000e+00
    outer loop
      vertex   5.166262e-02 3.051187e-02 -1.785714e-01
      vertex   5.337943e-02 2.739775e-02 -1.071429e-01
      vertex   5.166262e-02 3.051187e-02 -1.071429e-01
    endloop
  endfacet
  facet normal -8.455960e-01 -5.338234e-01 0.000000e+00
    outer loop
      vertex   5.166262e-02 3.051187e-02 -1.785714e-01
      vertex   5.166262e-02 3.051187e-02 -1.071429e-01
      vertex   4.976434e-02 3.351881e-02 -1.785714e-01
    endloop
  endfacet
  facet normal -8.455960e-01 -5.338234e-01 0.000000e+00
    outer loop
      vertex   4.976434e-02 3.351881e-02 -1.785714e-01
      vertex   5.166262e-02 3.051187e-02 -1.071429e-01
      vertex   4.976434e-02 3.351881e-02 -1.071429e-01
    endloop
  endfacet
  facet normal -8.124869e-01 -5.829795e-01 0.000000e+00
    outer loop
      vertex   4.976434e-02 3.351881e-02 -1.785714e-01
      vertex   4.976434e-02 3.351881e-02 -1.071429e-01
      vertex   4.769127e-02 3.640801e-02 -1.785714e-01
    endloop
  endfacet
  facet normal -8.124869e-01 -5.829795e-01 0.000000e+00
    outer loop
      vertex   4.769127e-02 3.640801e-02 -1.785714e-01
      vertex   4.976434e-02 3.351881e-02 -1.071429e-01
      vertex   4.769127e-02 3.640801e-02 -1.071429e-01
    endloop
  endfacet
  facet normal -7.765239e-01 -6.300878e-01 0.000000e+00
    outer loop
      vertex   4.769127e-02 3.640801e-02 -1.785714e-01
      vertex   4.769127e-02 3.640801e-02 -1.071429e-01
      vertex   4.545067e-02 3.916933e-02 -1.785714e-01
    endloop
  endfacet
  facet normal -7.765239e-01 -6.300878e-01 0.000000e+00
    outer loop
      vertex   4.545067e-02 3.916933e-02 -1.785714e-01
      vertex   4.769127e-02 3.640801e-02 -1.071429e-01
      vertex   4.545067e-02 3.916933e-02 -1.071429e-01
    endloop
  endfacet
  facet normal -7.378333e-01 -6.749830e-01 0.000000e+00
    outer loop
      vertex   4.545067e-02 3.916933e-02 -1.785714e-01
      vertex   4.545067e-02 3.916933e-02 -1.071429e-01
      vertex   4.305044e-02 4.179306e-02 -1.785714e-01
    endloop
  endfacet
  facet normal -7.378333e-01 -6.749830e-01 0.000000e+00
    outer loop
      vertex   4.305044e-02 4.179306e-02 -1.785714e-01
      vertex   4.545067e-02 3.916933e-02 -1.071429e-01
      vertex   4.305044e-02 4.179306e-02 -1.071429e-01
    endloop
  endfacet
  facet normal -6.965510e-01 -7.175073e-01 0.000000e+00
    outer loop
      vertex   4.305044e-02 4.179306e-02 -1.785714e-01
      vertex   4.305044e-02 4.179306e-02 -1.071429e-01
      vertex   4.049898e-02 4.427000e-02 -1.785714e-01
    endloop
  endfacet
  facet normal -6.965510e-01 -7.175073e-01 0.000000e+00
    outer loop
      vertex   4.049898e-02 4.427000e-02 -1.785714e-01
      vertex   4.305044e-02 4.179306e-02 -1.071429e-01
      vertex   4.049898e-02 4.427000e-02 -1.071429e-01
    endloop
  endfacet
  facet normal -6.528221e-01 -7.575112e-01 0.000000e+00
    outer loop
      vertex   4.049898e-02 4.427000e-02 -1.785714e-01
      vertex   4.049898e-02 4.427000e-02 -1.071429e-01
      vertex   3.780527e-02 4.659143e-02 -1.785714e-01
    endloop
  endfacet
  facet normal -6.528221e-01 -7.575112e-01 0.000000e+00
    outer loop
      vertex   3.780527e-02 4.659143e-02 -1.785714e-01
      vertex   4.049898e-02 4.427000e-02 -1.071429e-01
      vertex   3.780527e-02 4.659143e-02 -1.071429e-01
    endloop
  endfacet
  facet normal -6.068001e-01 -7.948544e-01 0.000000e+00
    outer loop
      vertex   3.780527e-02 4.659143e-02 -1.785714e-01
      vertex   3.780527e-02 4.659143e-02 -1.071429e-01
      vertex   3.497877e-02 4.874921e-02 -1.785714e-01
    endloop
  endfacet
  facet normal -6.068001e-01 -7.948544e-01 0.000000e+00
    outer loop
      vertex   3.497877e-02 4.874921e-02 -1.785714e-01
      vertex   3.780527e-02 4.659143e-02 -1.071429e-01
      vertex   3.497877e-02 4.874921e-02 -1.071429e-01
    endloop
  endfacet
  facet normal -5.586468e-01 -8.294057e-01 0.000000e+00
    outer loop
      vertex   3.497877e-02 4.874921e-02 -1.785714e-01
      vertex   3.497877e-02 4.874921e-02 -1.071429e-01
      vertex   3.202940e-02 5.073576e-02 -1.785714e-01
    endloop
  endfacet
  facet normal -5.586468e-01 -8.294057e-01 0.000000e+00
    outer loop
      vertex   3.202940e-02 5.073576e-02 -1.785714e-01
      vertex   3.497877e-02 4.874921e-02 -1.071429e-01
      vertex   3.202940e-02 5.073576e-02 -1.071429e-01
    endloop
  endfacet
  facet normal -5.085311e-01 -8.610436e-01 0.000000e+00
    outer loop
      vertex   3.202940e-02 5.073576e-02 -1.785714e-01
      vertex   3.202940e-02 5.073576e-02 -1.071429e-01
      vertex   2.896753e-02 5.254410e-02 -1.785714e-01
    endloop
  endfacet
  facet normal -5.085311e-01 -8.610436e-01 0.000000e+00
    outer loop
      vertex   2.896753e-02 5.254410e-02 -1.785714e-01
      vertex   3.202940e-02 5.073576e-02 -1.071429e-01
      vertex   2.896753e-02 5.254410e-02 -1.071429e-01
    endloop
  endfacet
  facet normal -4.566292e-01 -8.896571e-01 0.000000e+00
    outer loop
      vertex   2.896753e-02 5.254410e-02 -1.785714e-01
      vertex   2.896753e-02 5.254410e-02 -1.071429e-01
      vertex   2.580391e-02 5.416787e-02 -1.785714e-01
    endloop
  endfacet
  facet normal -4.566292e-01 -8.896571e-01 0.000000e+00
    outer loop
      vertex   2.580391e-02 5.416787e-02 -1.785714e-01
      vertex   2.896753e-02 5.254410e-02 -1.071429e-01
      vertex   2.580391e-02 5.416787e-02 -1.071429e-01
    endloop
  endfacet
  facet normal -4.031234e-01 -9.151456e-01 0.000000e+00
    outer loop
      vertex   2.580391e-02 5.416787e-02 -1.785714e-01
      vertex   2.580391e-02 5.416787e-02 -1.071429e-01
      vertex   2.254965e-02 5.560138e-02 -1.785714e-01
    endloop
  endfacet
  facet normal -4.031234e-01 -9.151456e-01 0.000000e+00
    outer loop
      vertex   2.254965e-02 5.560138e-02 -1.785714e-01
      vertex   2.580391e-02 5.416787e-02 -1.071429e-01
      vertex   2.254965e-02 5.560138e-02 -1.071429e-01
    endloop
  endfacet
  facet normal -3.482016e-01 -9.374197e-01 0.000000e+00
    outer loop
      vertex   2.254965e-02 5.560138e-02 -1.785714e-01
      vertex   2.254965e-02 5.560138e-02 -1.071429e-01
      vertex   1.921619e-02 5.683958e-02 -1.785714e-01
    endloop
  endfacet
  facet normal -3.482016e-01 -9.374197e-01 0.000000e+00
    outer loop
      vertex   1.921619e-02 5.683958e-02 -1.785714e-01
      vertex   2.254965e-02 5.560138e-02 -1.071429e-01
      vertex   1.921619e-02 5.683958e-02 -1.071429e-01
    endloop
  endfacet
  facet normal -2.920568e-01 -9.564010e-01 0.000000e+00
    outer loop
      vertex   1.921619e-02 5.683958e-02 -1.785714e-01
      vertex   1.921619e-02 5.683958e-02 -1.071429e-01
      vertex   1.581523e-02 5.787813e-02 -1.785714e-01
    endloop
  endfacet
  facet normal -2.920568e-01 -9.564010e-01 0.000000e+00
    outer loop
      vertex   1.581523e-02 5.787813e-02 -1.785714e-01
      vertex   1.921619e-02 5.683958e-02 -1.071429e-01
      vertex   1.581523e-02 5.787813e-02 -1.071429e-01
    endloop
  endfacet
  facet normal -2.348860e-01 -9.720229e-01 0.000000e+00
    outer loop
      vertex   1.581523e-02 5.787813e-02 -1.785714e-01
      vertex   1.581523e-02 5.787813e-02 -1.071429e-01
      vertex   1.235872e-02 5.871339e-02 -1.785714e-01
    endloop
  endfacet
  facet normal -2.348860e-01 -9.720229e-01 0.000000e+00
    outer loop
      vertex   1.235872e-02 5.871339e-02 -1.785714e-01
      vertex   1.581523e-02 5.787813e-02 -1.071429e-01
      vertex   1.235872e-02 5.871339e-02 -1.071429e-01
    endloop
  endfacet
  facet normal -1.768903e-01 -9.842306e-01 0.000000e+00
    outer loop
      vertex   1.235872e-02 5.871339e-02 -1.785714e-01
      vertex   1.235872e-02 5.871339e-02 -1.071429e-01
      vertex   8.858794e-03 5.934241e-02 -1.785714e-01
    endloop
  endfacet
  facet normal -1.768903e-01 -9.842306e-01 0.000000e+00
    outer loop
      vertex   8.858794e-03 5.934241e-02 -1.785714e-01
      vertex   1.235872e-02 5.871339e-02 -1.071429e-01
      vertex   8.858794e-03 5.934241e-02 -1.071429e-01
    endloop
  endfacet
  facet normal -1.182732e-01 -9.929811e-01 0.000000e+00
    outer loop
      vertex   8.858794e-03 5.934241e-02 -1.785714e-01
      vertex   8.858794e-03 5.934241e-02 -1.071429e-01
      vertex   5.327754e-03 5.976299e-02 -1.785714e-01
    endloop
  endfacet
  facet normal -1.182732e-01 -9.929811e-01 0.000000e+00
    outer loop
      vertex   5.327754e-03 5.976299e-02 -1.785714e-01
      vertex   8.858794e-03 5.934241e-02 -1.071429e-01
      vertex   5.327754e-03 5.976299e-02 -1.071429e-01
    endloop
  endfacet
  facet normal -5.924063e-02 -9.982437e-01 0.000000e+00
    outer loop
      vertex   5.327754e-03 5.976299e-02 -1.785714e-01
      vertex   5.327754e-03 5.976299e-02 -1.071429e-01
      vertex   1.778000e-03 5.997365e-02 -1.785714e-01
    endloop
  endfacet
  facet normal -5.924063e-02 -9.982437e-01 0.000000e+00
    outer loop
      vertex   1.778000e-03 5.997365e-02 -1.785714e-01
      vertex   5.327754e-03 5.976299e-02 -1.071429e-01
      vertex   1.778000e-03 5.997365e-02 -1.071429e-01
    endloop
  endfacet
  facet normal 0.000000e+00 -1.000000e+00 0.000000e+00
    outer loop
      vertex   1.778000e-03 5.997365e-02 -1.785714e-01
      vertex   1.778000e-03 5.997365e-02 -1.071429e-01
      vertex   -1.778000e-03 5.997365e-02 -1.785714e-01
    endloop
  endfacet
  facet normal 0.000000e+00 -1.000000e+00 0.000000e+00
    outer loop
      vertex   -1.778000e-03 5.997365e-02 -1.785714e-01
      vertex   1.778000e-03 5.997365e-02 -1.071429e-01
      vertex   -1.778000e-03 5.997365e-02 -1.071429e-01
    endloop
  endfacet
  facet normal 5.924063e-02 -9.982437e-01 0.000000e+00
    outer loop
      vertex   -1.778000e-03 5.997365e-02 -1.785714e-01
      vertex   -1.778000e-03 5.997365e-02 -1.071429e-01
      vertex   -5.327754e-03 5.976299e-02 -1.785714e-01
    endloop
  endfacet
  facet normal 5.924063e-02 -9.982437e-01 0.000000e+00
    outer loop
      vertex   -5.327754e-03 5.976299e-02 -1.785714e-01
      vertex   -1.778000e-03 5.997365e-02 -1.071429e-01
      vertex   -5.327754e-03 5.976299e-02 -1.071429e-01
    endloop
  endfacet
  facet normal 1.182732e-01 -9.929811e-01 0.000000e+00
    outer loop
      vertex   -5.327754e-03 5.976299e-02 -1.785714e-01
      vertex   -5.327754e-03 5.976299e-02 -1.071429e-01
      vertex   -8.858794e-03 5.934241e-02 -1.785714e-01
    endloop
  endfacet
  facet normal 1.182732e-01 -9.929811e-01 0.000000e+00
    outer loop
      vertex   -8.858794e-03 5.934241e-02 -1.785714e-01
      vertex   -5.327754e-03 5.976299e-02 -1.071429e-01
      vertex   -8.858794e-03 5.934241e-02 -1.071429e-01
    endloop
  endfacet
  facet normal 1.768903e-01 -9.842306e-01 0.000000e+00
    outer loop
      vertex   -8.858794e-03 5.934241e-02 -1.785714e-01
      vertex   -8.858794e-03 5.934241e-02 -1.071429e-01
      vertex   -1.235872e-02 5.871339e-02 -1.785714e-01
    endloop
  endfacet
  facet normal 1.768903e-01 -9.842306e-01 0.000000e+00
    outer loop
      vertex   -1.235872e-02 5.871339e-02 -1.785714e-01
      vertex   -8.858794e-03 5.934241e-02 -1.071429e-01
      vertex   -1.235872e-02 5.871339e-02 -1.071429e-01
    endloop
  endfacet
  facet normal 2.348860e-01 -9.720229e-01 0.000000e+00
    outer loop
      vertex   -1.235872e-02 5.871339e-02 -1.785714e-01
      vertex   -1.235872e-02 5.871339e-02 -1.071429e-01
      vertex   -1.581523e-02 5.787813e-02 -1.785714e-01
    endloop
  endfacet
  facet normal 2.348860e-01 -9.720229e-01 0.000000e+00
    outer loop
      vertex   -1.581523e-02 5.787813e-02 -1.785714e-01
      vertex   -1.235872e-02 5.871339e-02 -1.071429e-01
      vertex   -1.581523e-02 5.787813e-02 -1.071429e-01
    endloop
  endfacet
  facet normal 2.920568e-01 -9.564010e-01 0.000000e+00
    outer loop
      vertex   -1.581523e-02 5.787813e-02 -1.785714e-01
      vertex   -1.581523e-02 5.787813e-02 -1.071429e-01
      vertex   -1.921619e-02 5.683958e-02 -1.785714e-01
    endloop
  endfacet
  facet normal 2.920568e-01 -9.564010e-01 0.000000e+00
    outer loop
      vertex   -1.921619e-02 5.683958e-02 -1.785714e-01
      vertex   -1.581523e-02 5.787813e-02 -1.071429e-01
      vertex   -1.921619e-02 5.683958e-02 -1.071429e-01
    endloop
  endfacet
  facet normal 3.482016e-01 -9.374197e-01 0.000000e+00
    outer loop
      vertex   -1.921619e-02 5.683958e-02 -1.785714e-01
      vertex   -1.921619e-02 5.683958e-02 -1.071429e-01
      vertex   -2.254965e-02 5.560138e-02 -1.785714e-01
    endloop
  endfacet
  facet normal 3.482016e-01 -9.374197e-01 0.000000e+00
    outer loop
      vertex   -2.254965e-02 5.560138e-02 -1.785714e-01
      vertex   -1.921619e-02 5.683958e-02 -1.071429e-01
      vertex   -2.254965e-02 5.560138e-02 -1.071429e-01
    endloop
  endfacet
  facet normal 4.031234e-01 -9.151456e-01 0.000000e+00
    outer loop
      vertex   -2.254965e-02 5.560138e-02 -1.785714e-01
      vertex   -2.254965e-02 5.560138e-02 -1.071429e-01
      vertex   -2.580391e-02 5.416787e-02 -1.785714e-01
    endloop
  endfacet
  facet normal 4.031234e-01 -9.151456e-01 0.000000e+00
    outer loop
      vertex   -2.580391e-02 5.416787e-02 -1.785714e-01
      vertex   -2.254965e-02 5.560138e-02 -1.071429e-01
      vertex   -2.580391e-02 5.416787e-02 -1.071429e-01
    endloop
  endfacet
  facet normal 4.566292e-01 -8.896571e-01 0.000000e+00
    outer loop
      vertex   -2.580391e-02 5.416787e-02 -1.785714e-01
      vertex   -2.580391e-02 5.416787e-02 -1.071429e-01
      vertex   -2.896753e-02 5.254410e-02 -1.785714e-01
    endloop
  endfacet
  facet normal 4.566292e-01 -8.896571e-01 0.000000e+00
    outer loop
      vertex   -2.896753e-02 5.254410e-02 -1.785714e-01
      vertex   -2.580391e-02 5.416787e-02 -1.071429e-01
      vertex   -2.896753e-02 5.254410e-02 -1.071429e-01
    endloop
  endfacet
  facet normal 5.085311e-01 -8.610436e-01 0.000000e+00
    outer loop
      vertex   -2.896753e-02 5.254410e-02 -1.785714e-01
      vertex   -2.896753e-02 5.254410e-02 -1.071429e-01
      vertex   -3.202940e-02 5.073576e-02 -1.785714e-01
    endloop
  endfacet
  facet normal 5.085311e-01 -8.610436e-01 0.000000e+00
    outer loop
      vertex   -3.202940e-02 5.073576e-02 -1.785714e-01
      vertex   -2.896753e-02 5.254410e-02 -1.071429e-01
      vertex   -3.202940e-02 5.073576e-02 -1.071429e-01
    endloop
  endfacet
  facet normal 5.586468e-01 -8.294057e-01 0.000000e+00
    outer loop
      vertex   -3.202940e-02 5.073576e-02 -1.785714e-01
      vertex   -3.202940e-02 5.073576e-02 -1.071429e-01
      vertex   -3.497877e-02 4.874921e-02 -1.785714e-01
    endloop
  endfacet
  facet normal 5.586468e-01 -8.294057e-01 0.000000e+00
    outer loop
      vertex   -3.497877e-02 4.874921e-02 -1.785714e-01
      vertex   -3.202940e-02 5.073576e-02 -1.071429e-01
      vertex   -3.497877e-02 4.874921e-02 -1.071429e-01
    endloop
  endfacet
  facet normal 6.068001e-01 -7.948544e-01 0.000000e+00
    outer loop
      vertex   -3.497877e-02 4.874921e-02 -1.785714e-01
      vertex   -3.497877e-02 4.874921e-02 -1.071429e-01
      vertex   -3.780527e-02 4.659143e-02 -1.785714e-01
    endloop
  endfacet
  facet normal 6.068001e-01 -7.948544e-01 0.000000e+00
    outer loop
      vertex   -3.780527e-02 4.659143e-02 -1.785714e-01
      vertex   -3.497877e-02 4.874921e-02 -1.071429e-01
      vertex   -3.780527e-02 4.659143e-02 -1.071429e-01
    endloop
  endfacet
  facet normal 6.528221e-01 -7.575112e-01 0.000000e+00
    outer loop
      vertex   -3.780527e-02 4.659143e-02 -1.785714e-01
      vertex   -3.780527e-02 4.659143e-02 -1.071429e-01
      vertex   -4.049898e-02 4.427000e-02 -1.785714e-01
    endloop
  endfacet
  facet normal 6.528221e-01 -7.575112e-01 7.358806e-17
    outer loop
      vertex   -4.049898e-02 4.427000e-02 -1.785714e-01
      vertex   -3.780527e-02 4.659143e-02 -1.071429e-01
      vertex   -4.049898e-02 4.427000e-02 -1.071429e-01
    endloop
  endfacet
  facet normal 6.965510e-01 -7.175073e-01 6.970189e-17
    outer loop
      vertex   -4.049898e-02 4.427000e-02 -1.785714e-01
      vertex   -4.049898e-02 4.427000e-02 -1.071429e-01
      vertex   -4.305044e-02 4.179306e-02 -1.785714e-01
    endloop
  endfacet
  facet normal 6.965510e-01 -7.175073e-01 0.000000e+00
    outer loop
      vertex   -4.305044e-02 4.179306e-02 -1.785714e-01
      vertex   -4.049898e-02 4.427000e-02 -1.071429e-01
      vertex   -4.305044e-02 4.179306e-02 -1.071429e-01
    endloop
  endfacet
  facet normal 7.378333e-01 -6.749830e-01 0.000000e+00
    outer loop
      vertex   -4.305044e-02 4.179306e-02 -1.785714e-01
      vertex   -4.305044e-02 4.179306e-02 -1.071429e-01
      vertex   -4.545067e-02 3.916933e-02 -1.785714e-01
    endloop
  endfacet
  facet normal 7.378333e-01 -6.749830e-01 0.000000e+00
    outer loop
      vertex   -4.545067e-02 3.916933e-02 -1.785714e-01
      vertex   -4.305044e-02 4.179306e-02 -1.071429e-01
      vertex   -4.545067e-02 3.916933e-02 -1.071429e-01
    endloop
  endfacet
  facet normal 7.765239e-01 -6.300878e-01 0.000000e+00
    outer loop
      vertex   -4.545067e-02 3.916933e-02 -1.785714e-01
      vertex   -4.545067e-02 3.916933e-02 -1.071429e-01
      vertex   -4.769127e-02 3.640801e-02 -1.785714e-01
    endloop
  endfacet
  facet normal 7.765239e-01 -6.300878e-01 0.000000e+00
    outer loop
      vertex   -4.769127e-02 3.640801e-02 -1.785714e-01
      vertex   -4.545067e-02 3.916933e-02 -1.071429e-01
      vertex   -4.769127e-02 3.640801e-02 -1.071429e-01
    endloop
  endfacet
  facet normal 8.124869e-01 -5.829795e-01 0.000000e+00
    outer loop
      vertex   -4.769127e-02 3.640801e-02 -1.785714e-01
      vertex   -4.769127e-02 3.640801e-02 -1.071429e-01
      vertex   -4.976434e-02 3.351881e-02 -1.785714e-01
    endloop
  endfacet
  facet normal 8.124869e-01 -5.829795e-01 0.000000e+00
    outer loop
      vertex   -4.976434e-02 3.351881e-02 -1.785714e-01
      vertex   -4.769127e-02 3.640801e-02 -1.071429e-01
      vertex   -4.976434e-02 3.351881e-02 -1.071429e-01
    endloop
  endfacet
  facet normal 8.455960e-01 -5.338234e-01 0.000000e+00
    outer loop
      vertex   -4.976434e-02 3.351881e-02 -1.785714e-01
      vertex   -4.976434e-02 3.351881e-02 -1.071429e-01
      vertex   -5.166262e-02 3.051187e-02 -1.785714e-01
    endloop
  endfacet
  facet normal 8.455960e-01 -5.338234e-01 0.000000e+00
    outer loop
      vertex   -5.166262e-02 3.051187e-02 -1.785714e-01
      vertex   -4.976434e-02 3.351881e-02 -1.071429e-01
      vertex   -5.166262e-02 3.051187e-02 -1.071429e-01
    endloop
  endfacet
  facet normal 8.757349e-01 -4.827922e-01 0.000000e+00
    outer loop
      vertex   -5.166262e-02 3.051187e-02 -1.785714e-01
      vertex   -5.166262e-02 3.051187e-02 -1.071429e-01
      vertex   -5.337943e-02 2.739775e-02 -1.785714e-01
    endloop
  endfacet
  facet normal 8.757349e-01 -4.827922e-01 0.000000e+00
    outer loop
      vertex   -5.337943e-02 2.739775e-02 -1.785714e-01
      vertex   -5.166262e-02 3.051187e-02 -1.071429e-01
      vertex   -5.337943e-02 2.739775e-02 -1.071429e-01
    endloop
  endfacet
  facet normal 9.027978e-01 -4.300652e-01 0.000000e+00
    outer loop
      vertex   -5.337943e-02 2.739775e-02 -1.785714e-01
      vertex   -5.337943e-02 2.739775e-02 -1.071429e-01
      vertex   -5.490874e-02 2.418741e-02 -1.785714e-01
    endloop
  endfacet
  facet normal 9.027978e-01 -4.300652e-01 -1.336252e-16
    outer loop
      vertex   -5.490874e-02 2.418741e-02 -1.785714e-01
      vertex   -5.337943e-02 2.739775e-02 -1.071429e-01
      vertex   -5.490874e-02 2.418741e-02 -1.071429e-01
    endloop
  endfacet
  facet normal 9.266896e-01 -3.758276e-01 -1.435360e-16
    outer loop
      vertex   -5.490874e-02 2.418741e-02 -1.785714e-01
      vertex   -5.490874e-02 2.418741e-02 -1.071429e-01
      vertex   -5.624518e-02 2.089210e-02 -1.785714e-01
    endloop
  endfacet
  facet normal 9.266896e-01 -3.758276e-01 3.650959e-17
    outer loop
      vertex   -5.624518e-02 2.089210e-02 -1.785714e-01
      vertex   -5.490874e-02 2.418741e-02 -1.071429e-01
      vertex   -5.624518e-02 2.089210e-02 -1.071429e-01
    endloop
  endfacet
  facet normal 9.473264e-01 -3.202699e-01 3.111246e-17
    outer loop
      vertex   -5.624518e-02 2.089210e-02 -1.785714e-01
      vertex   -5.624518e-02 2.089210e-02 -1.071429e-01
      vertex   -5.738406e-02 1.752341e-02 -1.785714e-01
    endloop
  endfacet
  facet normal 9.473264e-01 -3.202699e-01 0.000000e+00
    outer loop
      vertex   -5.738406e-02 1.752341e-02 -1.785714e-01
      vertex   -5.624518e-02 2.089210e-02 -1.071429e-01
      vertex   -5.738406e-02 1.752341e-02 -1.071429e-01
    endloop
  endfacet
  facet normal 9.646356e-01 -2.635872e-01 0.000000e+00
    outer loop
      vertex   -5.738406e-02 1.752341e-02 -1.785714e-01
      vertex   -5.738406e-02 1.752341e-02 -1.071429e-01
      vertex   -5.832137e-02 1.409316e-02 -1.785714e-01
    endloop
  endfacet
  facet normal 9.646356e-01 -2.635872e-01 -7.450452e-17
    outer loop
      vertex   -5.832137e-02 1.409316e-02 -1.785714e-01
      vertex   -5.738406e-02 1.752341e-02 -1.071429e-01
      vertex   -5.832137e-02 1.409316e-02 -1.071429e-01
    endloop
  endfacet
  facet normal 9.785565e-01 -2.059786e-01 -8.005413e-17
    outer loop
      vertex   -5.832137e-02 1.409316e-02 -1.785714e-01
      vertex   -5.832137e-02 1.409316e-02 -1.071429e-01
      vertex   -5.905383e-02 1.061342e-02 -1.785714e-01
    endloop
  endfacet
  facet normal 9.785565e-01 -2.059786e-01 0.000000e+00
    outer loop
      vertex   -5.905383e-02 1.061342e-02 -1.785714e-01
      vertex   -5.832137e-02 1.409316e-02 -1.071429e-01
      vertex   -5.905383e-02 1.061342e-02 -1.071429e-01
    endloop
  endfacet
  facet normal 9.890402e-01 -1.476466e-01 0.000000e+00
    outer loop
      vertex   -5.905383e-02 1.061342e-02 -1.785714e-01
      vertex   -5.905383e-02 1.061342e-02 -1.071429e-01
      vertex   -5.957887e-02 7.096390e-03 -1.785714e-01
    endloop
  endfacet
  facet normal 9.890402e-01 -1.476466e-01 8.964409e-18
    outer loop
      vertex   -5.957887e-02 7.096390e-03 -1.785714e-01
      vertex   -5.905383e-02 1.061342e-02 -1.071429e-01
      vertex   -5.957887e-02 7.096390e-03 -1.071429e-01
    endloop
  endfacet
  facet normal 9.960498e-01 -8.879590e-02 5.391271e-18
    outer loop
      vertex   -5.957887e-02 7.096390e-03 -1.785714e-01
      vertex   -5.957887e-02 7.096390e-03 -1.071429e-01
      vertex   -5.989462e-02 3.554438e-03 -1.785714e-01
    endloop
  endfacet
  facet normal 9.960498e-01 -8.879590e-02 4.852144e-18
    outer loop
      vertex   -5.989462e-02 3.554438e-03 -1.785714e-01
      vertex   -5.957887e-02 7.096390e-03 -1.071429e-01
      vertex   -5.989462e-02 3.554438e-03 -1.071429e-01
    endloop
  endfacet
  facet normal 9.995608e-01 -2.963333e-02 1.619277e-18
    outer loop
      vertex   -5.989462e-02 3.554438e-03 -1.785714e-01
      vertex   -5.989462e-02 3.554438e-03 -1.071429e-01
      vertex   -6.000000e-02 0.000000e+00 -1.785714e-01
    endloop
  endfacet
  facet normal 9.995608e-01 -2.963333e-02 0.000000e+00
    outer loop
      vertex   -6.000000e-02 0.000000e+00 -1.785714e-01
      vertex   -5.989462e-02 3.554438e-03 -1.071429e-01
      vertex   -6.000000e-02 0.000000e+00 -1.071429e-01
    endloop
  endfacet
  facet normal 9.995608e-01 2.963333e-02 -0.000000e+00
    outer loop
      vertex   -6.000000e-02 0.000000e+00 -1.785714e-01
      vertex   -6.000000e-02 0.000000e+00 -1.071429e-01
      vertex   -5.989462e-02 -3.554438e-03 -1.785714e-01
    endloop
  endfacet
  facet normal 9.995608e-01 2.963333e-02 9.548258e-17
    outer loop
      vertex   -5.989462e-02 -3.554438e-03 -1.785714e-01
      vertex   -6.000000e-02 0.000000e+00 -1.071429e-01
      vertex   -5.989462e-02 -3.554438e-03 -1.071429e-01
    endloop
  endfacet
  facet normal 9.960498e-01 8.879590e-02 9.190863e-17
    outer loop
      vertex   -5.989462e-02 -3.554438e-03 -1.785714e-01
      vertex   -5.989462e-02 -3.554438e-03 -1.071429e-01
      vertex   -5.957887e-02 -7.096390e-03 -1.785714e-01
    endloop
  endfacet
  facet normal 9.960498e-01 8.879590e-02 -5.391271e-18
    outer loop
      vertex   -5.957887e-02 -7.096390e-03 -1.785714e-01
      vertex   -5.989462e-02 -3.554438e-03 -1.071429e-01
      vertex   -5.957887e-02 -7.096390e-03 -1.071429e-01
    endloop
  endfacet
  facet normal 9.890402e-01 1.476466e-01 -8.964409e-18
    outer loop
      vertex   -5.957887e-02 -7.096390e-03 -1.785714e-01
      vertex   -5.957887e-02 -7.096390e-03 -1.071429e-01
      vertex   -5.905383e-02 -1.061342e-02 -1.785714e-01
    endloop
  endfacet
  facet normal 9.890402e-01 1.476466e-01 -0.000000e+00
    outer loop
      vertex   -5.905383e-02 -1.061342e-02 -1.785714e-01
      vertex   -5.957887e-02 -7.096390e-03 -1.071429e-01
      vertex   -5.905383e-02 -1.061342e-02 -1.071429e-01
    endloop
  endfacet
  facet normal 9.785565e-01 2.059786e-01 -0.000000e+00
    outer loop
      vertex   -5.905383e-02 -1.061342e-02 -1.785714e-01
      vertex   -5.905383e-02 -1.061342e-02 -1.071429e-01
      vertex   -5.832137e-02 -1.409316e-02 -1.785714e-01
    endloop
  endfacet
  facet normal 9.785565e-01 2.059786e-01 -1.500727e-17
    outer loop
      vertex   -5.832137e-02 -1.409316e-02 -1.785714e-01
      vertex   -5.905383e-02 -1.061342e-02 -1.071429e-01
      vertex   -5.832137e-02 -1.409316e-02 -1.071429e-01
    endloop
  endfacet
  facet normal 9.646356e-01 2.635872e-01 -1.920454e-17
    outer loop
      vertex   -5.832137e-02 -1.409316e-02 -1.785714e-01
      vertex   -5.832137e-02 -1.409316e-02 -1.071429e-01
      vertex   -5.738406e-02 -1.752341e-02 -1.785714e-01
    endloop
  endfacet
  facet normal 9.646356e-01 2.635872e-01 -0.000000e+00
    outer loop
      vertex   -5.738406e-02 -1.752341e-02 -1.785714e-01
      vertex   -5.832137e-02 -1.409316e-02 -1.071429e-01
      vertex   -5.738406e-02 -1.752341e-02 -1.071429e-01
    endloop
  endfacet
  facet normal 9.473264e-01 3.202699e-01 -0.000000e+00
    outer loop
      vertex   -5.738406e-02 -1.752341e-02 -1.785714e-01
      vertex   -5.738406e-02 -1.752341e-02 -1.071429e-01
      vertex   -5.624518e-02 -2.089210e-02 -1.785714e-01
    endloop
  endfacet
  facet normal 9.473264e-01 3.202699e-01 1.684989e-16
    outer loop
      vertex   -5.624518e-02 -2.089210e-02 -1.785714e-01
      vertex   -5.738406e-02 -1.752341e-02 -1.071429e-01
      vertex   -5.624518e-02 -2.089210e-02 -1.071429e-01
    endloop
  endfacet
  facet normal 9.266896e-01 3.758276e-01 1.617908e-16
    outer loop
      vertex   -5.624518e-02 -2.089210e-02 -1.785714e-01
      vertex   -5.624518e-02 -2.089210e-02 -1.071429e-01
      vertex   -5.490874e-02 -2.418741e-02 -1.785714e-01
    endloop
  endfacet
  facet normal 9.266896e-01 3.758276e-01 5.351322e-17
    outer loop
      vertex   -5.490874e-02 -2.418741e-02 -1.785714e-01
      vertex   -5.624518e-02 -2.089210e-02 -1.071429e-01
      vertex   -5.490874e-02 -2.418741e-02 -1.071429e-01
    endloop
  endfacet
  facet normal 9.027978e-01 4.300652e-01 4.592338e-17
    outer loop
      vertex   -5.490874e-02 -2.418741e-02 -1.785714e-01
      vertex   -5.490874e-02 -2.418741e-02 -1.071429e-01
      vertex   -5.337943e-02 -2.739775e-02 -1.785714e-01
    endloop
  endfacet
  facet normal 9.027978e-01 4.300652e-01 -0.000000e+00
    outer loop
      vertex   -5.337943e-02 -2.739775e-02 -1.785714e-01
      vertex   -5.490874e-02 -2.418741e-02 -1.071429e-01
      vertex   -5.337943e-02 -2.739775e-02 -1.071429e-01
    endloop
  endfacet
  facet normal 8.757349e-01 4.827922e-01 -0.000000e+00
    outer loop
      vertex   -5.337943e-02 -2.739775e-02 -1.785714e-01
      vertex   -5.337943e-02 -2.739775e-02 -1.071429e-01
      vertex   -5.166262e-02 -3.051187e-02 -1.785714e-01
    endloop
  endfacet
  facet normal 8.757349e-01 4.827922e-01 -0.000000e+00
    outer loop
      vertex   -5.166262e-02 -3.051187e-02 -1.785714e-01
      vertex   -5.337943e-02 -2.739775e-02 -1.071429e-01
      vertex   -5.166262e-02 -3.051187e-02 -1.071429e-01
    endloop
  endfacet
  facet normal 8.455960e-01 5.338234e-01 -0.000000e+00
    outer loop
      vertex   -5.166262e-02 -3.051187e-02 -1.785714e-01
      vertex   -5.166262e-02 -3.051187e-02 -1.071429e-01
      vertex   -4.976434e-02 -3.351881e-02 -1.785714e-01
    endloop
  endfacet
  facet normal 8.455960e-01 5.338234e-01 -0.000000e+00
    outer loop
      vertex   -4.976434e-02 -3.351881e-02 -1.785714e-01
      vertex   -5.166262e-02 -3.051187e-02 -1.071429e-01
      vertex   -4.976434e-02 -3.351881e-02 -1.071429e-01
    endloop
  endfacet
  facet normal 8.124869e-01 5.829795e-01 -0.000000e+00
    outer loop
      vertex   -4.976434e-02 -3.351881e-02 -1.785714e-01
      vertex   -4.976434e-02 -3.351881e-02 -1.071429e-01
      vertex   -4.769127e-02 -3.640801e-02 -1.785714e-01
    endloop
  endfacet
  facet normal 8.124869e-01 5.829795e-01 -0.000000e+00
    outer loop
      vertex   -4.769127e-02 -3.640801e-02 -1.785714e-01
      vertex   -4.976434e-02 -3.351881e-02 -1.071429e-01
      vertex   -4.769127e-02 -3.640801e-02 -1.071429e-01
    endloop
  endfacet
  facet normal 7.765239e-01 6.300878e-01 -0.000000e+00
    outer loop
      vertex   -4.769127e-02 -3.640801e-02 -1.785714e-01
      vertex   -4.769127e-02 -3.640801e-02 -1.071429e-01
      vertex   -4.545067e-02 -3.916933e-02 -1.785714e-01
    endloop
  endfacet
  facet normal 7.765239e-01 6.300878e-01 -0.000000e+00
    outer loop
      vertex   -4.545067e-02 -3.916933e-02 -1.785714e-01
      vertex   -4.769127e-02 -3.640801e-02 -1.071429e-01
      vertex   -4.545067e-02 -3.916933e-02 -1.071429e-01
    endloop
  endfacet
  facet normal 7.378333e-01 6.749830e-01 -0.000000e+00
    outer loop
      vertex   -4.545067e-02 -3.916933e-02 -1.785714e-01
      vertex   -4.545067e-02 -3.916933e-02 -1.071429e-01
      vertex   -4.305044e-02 -4.179306e-02 -1.785714e-01
    endloop
  endfacet
  facet normal 7.378333e-01 6.749830e-01 -0.000000e+00
    outer loop
      vertex   -4.305044e-02 -4.179306e-02 -1.785714e-01
      vertex   -4.545067e-02 -3.916933e-02 -1.071429e-01
      vertex   -4.305044e-02 -4.179306e-02 -1.071429e-01
    endloop
  endfacet
  facet normal 6.965510e-01 7.175073e-01 -0.000000e+00
    outer loop
      vertex   -4.305044e-02 -4.179306e-02 -1.785714e-01
      vertex   -4.305044e-02 -4.179306e-02 -1.071429e-01
      vertex   -4.049898e-02 -4.427000e-02 -1.785714e-01
    endloop
  endfacet
  facet normal 6.965510e-01 7.175073e-01 6.766611e-17
    outer loop
      vertex   -4.049898e-02 -4.427000e-02 -1.785714e-01
      vertex   -4.305044e-02 -4.179306e-02 -1.071429e-01
      vertex   -4.049898e-02 -4.427000e-02 -1.071429e-01
    endloop
  endfacet
  facet normal 6.528221e-01 7.575112e-01 6.341809e-17
    outer loop
      vertex   -4.049898e-02 -4.427000e-02 -1.785714e-01
      vertex   -4.049898e-02 -4.427000e-02 -1.071429e-01
      vertex   -3.780527e-02 -4.659143e-02 -1.785714e-01
    endloop
  endfacet
  facet normal 6.528221e-01 7.575112e-01 -0.000000e+00
    outer loop
      vertex   -3.780527e-02 -4.659143e-02 -1.785714e-01
      vertex   -4.049898e-02 -4.427000e-02 -1.071429e-01
      vertex   -3.780527e-02 -4.659143e-02 -1.071429e-01
    endloop
  endfacet
  facet normal 6.068001e-01 7.948544e-01 -0.000000e+00
    outer loop
      vertex   -3.780527e-02 -4.659143e-02 -1.785714e-01
      vertex   -3.780527e-02 -4.659143e-02 -1.071429e-01
      vertex   -3.497877e-02 -4.874921e-02 -1.785714e-01
    endloop
  endfacet
  facet normal 6.068001e-01 7.948544e-01 -0.000000e+00
    outer loop
      vertex   -3.497877e-02 -4.874921e-02 -1.785714e-01
      vertex   -3.780527e-02 -4.659143e-02 -1.071429e-01
      vertex   -3.497877e-02 -4.874921e-02 -1.071429e-01
    endloop
  endfacet
  facet normal 5.586468e-01 8.294057e-01 -0.000000e+00
    outer loop
      vertex   -3.497877e-02 -4.874921e-02 -1.785714e-01
      vertex   -3.497877e-02 -4.874921e-02 -1.071429e-01
      vertex   -3.202940e-02 -5.073576e-02 -1.785714e-01
    endloop
  endfacet
  facet normal 5.586468e-01 8.294057e-01 -0.000000e+00
    outer loop
      vertex   -3.202940e-02 -5.073576e-02 -1.785714e-01
      vertex   -3.497877e-02 -4.874921e-02 -1.071429e-01
      vertex   -3.202940e-02 -5.073576e-02 -1.071429e-01
    endloop
  endfacet
  facet normal 5.085311e-01 8.610436e-01 -0.000000e+00
    outer loop
      vertex   -3.202940e-02 -5.073576e-02 -1.785714e-01
      vertex   -3.202940e-02 -5.073576e-02 -1.071429e-01
      vertex   -2.896753e-02 -5.254410e-02 -1.785714e-01
    endloop
  endfacet
  facet normal 5.085311e-01 8.610436e-01 -0.000000e+00
    outer loop
      vertex   -2.896753e-02 -5.254410e-02 -1.785714e-01
      vertex   -3.202940e-02 -5.073576e-02 -1.071429e-01
      vertex   -2.896753e-02 -5.254410e-02 -1.071429e-01
    endloop
  endfacet
  facet normal 4.566292e-01 8.896571e-01 -0.000000e+00
    outer loop
      vertex   -2.896753e-02 -5.254410e-02 -1.785714e-01
      vertex   -2.896753e-02 -5.254410e-02 -1.071429e-01
      vertex   -2.580391e-02 -5.416787e-02 -1.785714e-01
    endloop
  endfacet
  facet normal 4.566292e-01 8.896571e-01 -0.000000e+00
    outer loop
      vertex   -2.580391e-02 -5.416787e-02 -1.785714e-01
      vertex   -2.896753e-02 -5.254410e-02 -1.071429e-01
      vertex   -2.580391e-02 -5.416787e-02 -1.071429e-01
    endloop
  endfacet
  facet normal 4.031234e-01 9.151456e-01 -0.000000e+00
    outer loop
      vertex   -2.580391e-02 -5.416787e-02 -1.785714e-01
      vertex   -2.580391e-02 -5.416787e-02 -1.071429e-01
      vertex   -2.254965e-02 -5.560138e-02 -1.785714e-01
    endloop
  endfacet
  facet normal 4.031234e-01 9.151456e-01 -0.000000e+00
    outer loop
      vertex   -2.254965e-02 -5.560138e-02 -1.785714e-01
      vertex   -2.580391e-02 -5.416787e-02 -1.071429e-01
      vertex   -2.254965e-02 -5.560138e-02 -1.071429e-01
    endloop
  endfacet
  facet normal 3.482016e-01 9.374197e-01 -0.000000e+00
    outer loop
      vertex   -2.254965e-02 -5.560138e-02 -1.785714e-01
      vertex   -2.254965e-02 -5.560138e-02 -1.071429e-01
      vertex   -1.921619e-02 -5.683958e-02 -1.785714e-01
    endloop
  endfacet
  facet normal 3.482016e-01 9.374197e-01 -0.000000e+00
    outer loop
      vertex   -1.921619e-02 -5.683958e-02 -1.785714e-01
      vertex   -2.254965e-02 -5.560138e-02 -1.071429e-01
      vertex   -1.921619e-02 -5.683958e-02 -1.071429e-01
    endloop
  endfacet
  facet normal 2.920568e-01 9.564010e-01 -0.000000e+00
    outer loop
      vertex   -1.921619e-02 -5.683958e-02 -1.785714e-01
      vertex   -1.921619e-02 -5.683958e-02 -1.071429e-01
      vertex   -1.581523e-02 -5.787813e-02 -1.785714e-01
    endloop
  endfacet
  facet normal 2.920568e-01 9.564010e-01 -0.000000e+00
    outer loop
      vertex   -1.581523e-02 -5.787813e-02 -1.785714e-01
      vertex   -1.921619e-02 -5.683958e-02 -1.071429e-01
      vertex   -1.581523e-02 -5.787813e-02 -1.071429e-01
    endloop
  endfacet
  facet normal 2.348860e-01 9.720229e-01 -0.000000e+00
    outer loop
      vertex   -1.581523e-02 -5.787813e-02 -1.785714e-01
      vertex   -1.581523e-02 -5.787813e-02 -1.071429e-01
      vertex   -1.235872e-02 -5.871339e-02 -1.785714e-01
    endloop
  endfacet
  facet normal 2.348860e-01 9.720229e-01 -0.000000e+00
    outer loop
      vertex   -1.235872e-02 -5.871339e-02 -1.785714e-01
      vertex   -1.581523e-02 -5.787813e-02 -1.071429e-01
      vertex   -1.235872e-02 -5.871339e-02 -1.071429e-01
    endloop
  endfacet
  facet normal 1.768903e-01 9.842306e-01 -0.000000e+00
    outer loop
      vertex   -1.235872e-02 -5.871339e-02 -1.785714e-01
      vertex   -1.235872e-02 -5.871339e-02 -1.071429e-01
      vertex   -8.858794e-03 -5.934241e-02 -1.785714e-01
    endloop
  endfacet
  facet normal 1.768903e-01 9.842306e-01 -0.000000e+00
    outer loop
      vertex   -8.858794e-03 -5.934241e-02 -1.785714e-01
      vertex   -1.235872e-02 -5.871339e-02 -1.071429e-01
      vertex   -8.858794e-03 -5.934241e-02 -1.071429e-01
    endloop
  endfacet
  facet normal 1.182732e-01 9.929811e-01 -0.000000e+00
    outer loop
      vertex   -8.858794e-03 -5.934241e-02 -1.785714e-01
      vertex   -8.858794e-03 -5.934241e-02 -1.071429e-01
      vertex   -5.327754e-03 -5.976299e-02 -1.785714e-01
    endloop
  endfacet
  facet normal 1.182732e-01 9.929811e-01 -0.000000e+00
    outer loop
      vertex   -5.327754e-03 -5.976299e-02 -1.785714e-01
      vertex   -8.858794e-03 -5.934241e-02 -1.071429e-01
      vertex   -5.327754e-03 -5.976299e-02 -1.071429e-01
    endloop
  endfacet
  facet normal 5.924063e-02 9.982437e-01 -0.000000e+00
    outer loop
      vertex   -5.327754e-03 -5.976299e-02 -1.785714e-01
      vertex   -5.327754e-03 -5.976299e-02 -1.071429e-01
      vertex   -1.778000e-03 -5.997365e-02 -1.785714e-01
    endloop
  endfacet
  facet normal 5.924063e-02 9.982437e-01 -0.000000e+00
    outer loop
      vertex   -1.778000e-03 -5.997365e-02 -1.785714e-01
      vertex   -5.327754e-03 -5.976299e-02 -1.071429e-01
      vertex   -1.778000e-03 -5.997365e-02 -1.071429e-01
    endloop
  endfacet
  facet normal 0.000000e+00 1.000000e+00 0.000000e+00
    outer loop
      vertex   -1.778000e-03 -5.997365e-02 -1.785714e-01
      vertex   -1.778000e-03 -5.997365e-02 -1.071429e-01
      vertex   1.778000e-03 -5.997365e-02 -1.785714e-01
    endloop
  endfacet
  facet normal 0.000000e+00 1.000000e+00 -0.000000e+00
    outer loop
      vertex   1.778000e-03 -5.997365e-02 -1.785714e-01
      vertex   -1.778000e-03 -5.997365e-02 -1.071429e-01
      vertex   1.778000e-03 -5.997365e-02 -1.071429e-01
    endloop
  endfacet
  facet normal -5.924063e-02 9.982437e-01 0.000000e+00
    outer loop
      vertex   1.778000e-03 -5.997365e-02 -1.785714e-01
      vertex   1.778000e-03 -5.997365e-02 -1.071429e-01
      vertex   5.327754e-03 -5.976299e-02 -1.785714e-01
    endloop
  endfacet
  facet normal -5.924063e-02 9.982437e-01 0.000000e+00
    outer loop
      vertex   5.327754e-03 -5.976299e-02 -1.785714e-01
      vertex   1.778000e-03 -5.997365e-02 -1.071429e-01
      vertex   5.327754e-03 -5.976299e-02 -1.071429e-01
    endloop
  endfacet
  facet normal -1.182732e-01 9.929811e-01 0.000000e+00
    outer loop
      vertex   5.327754e-03 -5.976299e-02 -1.785714e-01
      vertex   5.327754e-03 -5.976299e-02 -1.071429e-01
      vertex   8.858794e-03 -5.934241e-02 -1.785714e-01
    endloop
  endfacet
  facet normal -1.182732e-01 9.929811e-01 0.000000e+00
    outer loop
      vertex   8.858794e-03 -5.934241e-02 -1.785714e-01
      vertex   5.327754e-03 -5.976299e-02 -1.071429e-01
      vertex   8.858794e-03 -5.934241e-02 -1.071429e-01
    endloop
  endfacet
  facet normal -1.768903e-01 9.842306e-01 0.000000e+00
    outer loop
      vertex   8.858794e-03 -5.934241e-02 -1.785714e-01
      vertex   8.858794e-03 -5.934241e-02 -1.071429e-01
      vertex   1.235872e-02 -5.871339e-02 -1.785714e-01
    endloop
  endfacet
  facet normal -1.768903e-01 9.842306e-01 0.000000e+00
    outer loop
      vertex   1.235872e-02 -5.871339e-02 -1.785714e-01
      vertex   8.858794e-03 -5.934241e-02 -1.071429e-01
      vertex   1.235872e-02 -5.871339e-02 -1.071429e-01
    endloop
  endfacet
  facet normal -2.348860e-01 9.720229e-01 0.000000e+00
    outer loop
      vertex   1.235872e-02 -5.871339e-02 -1.785714e-01
      vertex   1.235872e-02 -5.871339e-02 -1.071429e-01
      vertex   1.581523e-02 -5.787813e-02 -1.785714e-01
    endloop
  endfacet
  facet normal -2.348860e-01 9.720229e-01 0.000000e+00
    outer loop
      vertex   1.581523e-02 -5.787813e-02 -1.785714e-01
      vertex   1.235872e-02 -5.871339e-02 -1.071429e-01
      vertex   1.581523e-02 -5.787813e-02 -1.071429e-01
    endloop
  endfacet
  facet normal -2.920568e-01 9.564010e-01 0.000000e+00
    outer loop
      vertex   1.581523e-02 -5.787813e-02 -1.785714e-01
      vertex   1.581523e-02 -5.787813e-02 -1.071429e-01
      vertex   1.921619e-02 -5.683958e-02 -1.785714e-01
    endloop
  endfacet
  facet normal -2.920568e-01 9.564010e-01 0.000000e+00
    outer loop
      vertex   1.921619e-02 -5.683958e-02 -1.785714e-01
      vertex   1.581523e-02 -5.787813e-02 -1.071429e-01
      vertex   1.921619e-02 -5.683958e-02 -1.071429e-01
    endloop
  endfacet
  facet normal -3.482016e-01 9.374197e-01 0.000000e+00
    outer loop
      vertex   1.921619e-02 -5.683958e-02 -1.785714e-01
      vertex   1.921619e-02 -5.683958e-02 -1.071429e-01
      vertex   2.254965e-02 -5.560138e-02 -1.785714e-01
    endloop
  endfacet
  facet normal -3.482016e-01 9.374197e-01 0.000000e+00
    outer loop
      vertex   2.254965e-02 -5.560138e-02 -1.785714e-01
      vertex   1.921619e-02 -5.683958e-02 -1.071429e-01
      vertex   2.254965e-02 -5.560138e-02 -1.071429e-01
    endloop
  endfacet
  facet normal -4.031234e-01 9.151456e-01 0.000000e+00
    outer loop
      vertex   2.254965e-02 -5.560138e-02 -1.785714e-01
      vertex   2.254965e-02 -5.560138e-02 -1.071429e-01
      vertex   2.580391e-02 -5.416787e-02 -1.785714e-01
    endloop
  endfacet
  facet normal -4.031234e-01 9.151456e-01 0.000000e+00
    outer loop
      vertex   2.580391e-02 -5.416787e-02 -1.785714e-01
      vertex   2.254965e-02 -5.560138e-02 -1.071429e-01
      vertex   2.580391e-02 -5.416787e-02 -1.071429e-01
    endloop
  endfacet
  facet normal -4.566292e-01 8.896571e-01 0.000000e+00
    outer loop
      vertex   2.580391e-02 -5.416787e-02 -1.785714e-01
      vertex   2.580391e-02 -5.416787e-02 -1.071429e-01
      vertex   2.896753e-02 -5.254410e-02 -1.785714e-01
    endloop
  endfacet
  facet normal -4.566292e-01 8.896571e-01 0.000000e+00
    outer loop
      vertex   2.896753e-02 -5.254410e-02 -1.785714e-01
      vertex   2.580391e-02 -5.416787e-02 -1.071429e-01
      vertex   2.896753e-02 -5.254410e-02 -1.071429e-01
    endloop
  endfacet
  facet normal -5.085311e-01 8.610436e-01 0.000000e+00
    outer loop
      vertex   2.896753e-02 -5.254410e-02 -1.785714e-01
      vertex   2.896753e-02 -5.254410e-02 -1.071429e-01
      vertex   3.202940e-02 -5.073576e-02 -1.785714e-01
    endloop
  endfacet
  facet normal -5.085311e-01 8.610436e-01 0.000000e+00
    outer loop
      vertex   3.202940e-02 -5.073576e-02 -1.785714e-01
      vertex   2.896753e-02 -5.254410e-02 -1.071429e-01
      vertex   3.202940e-02 -5.073576e-02 -1.071429e-01
    endloop
  endfacet
  facet normal -5.586468e-01 8.294057e-01 0.000000e+00
    outer loop
      vertex   3.202940e-02 -5.073576e-02 -1.785714e-01
      vertex   3.202940e-02 -5.073576e-02 -1.071429e-01
      vertex   3.497877e-02 -4.874921e-02 -1.785714e-01
    endloop
  endfacet
  facet normal -5.586468e-01 8.294057e-01 0.000000e+00
    outer loop
      vertex   3.497877e-02 -4.874921e-02 -1.785714e-01
      vertex   3.202940e-02 -5.073576e-02 -1.071429e-01
      vertex   3.497877e-02 -4.874921e-02 -1.071429e-01
    endloop
  endfacet
  facet normal -6.068001e-01 7.948544e-01 0.000000e+00
    outer loop
      vertex   3.497877e-02 -4.874921e-02 -1.785714e-01
      vertex   3.497877e-02 -4.874921e-02 -1.071429e-01
      vertex   3.780527e-02 -4.659143e-02 -1.785714e-01
    endloop
  endfacet
  facet normal -6.068001e-01 7.948544e-01 0.000000e+00
    outer loop
      vertex   3.780527e-02 -4.659143e-02 -1.785714e-01
      vertex   3.497877e-02 -4.874921e-02 -1.071429e-01
      vertex   3.780527e-02 -4.659143e-02 -1.071429e-01
    endloop
  endfacet
  facet normal -6.528221e-01 7.575112e-01 0.000000e+00
    outer loop
      vertex   3.780527e-02 -4.659143e-02 -1.785714e-01
      vertex   3.780527e-02 -4.659143e-02 -1.071429e-01
      vertex   4.049898e-02 -4.427000e-02 -1.785714e-01
    endloop
  endfacet
  facet normal -6.528221e-01 7.575112e-01 0.000000e+00
    outer loop
      vertex   4.049898e-02 -4.427000e-02 -1.785714e-01
      vertex   3.780527e-02 -4.659143e-02 -1.071429e-01
      vertex   4.049898e-02 -4.427000e-02 -1.071429e-01
    endloop
  endfacet
  facet normal -6.965510e-01 7.175073e-01 0.000000e+00
    outer loop
      vertex   4.049898e-02 -4.427000e-02 -1.785714e-01
      vertex   4.049898e-02 -4.427000e-02 -1.071429e-01
      vertex   4.305044e-02 -4.179306e-02 -1.785714e-01
    endloop
  endfacet
  facet normal -6.965510e-01 7.175073e-01 0.000000e+00
    outer loop
      vertex   4.305044e-02 -4.179306e-02 -1.785714e-01
      vertex   4.049898e-02 -4.427000e-02 -1.071429e-01
      vertex   4.305044e-02 -4.179306e-02 -1.071429e-01
    endloop
  endfacet
  facet normal -7.378333e-01 6.749830e-01 0.000000e+00
    outer loop
      vertex   4.305044e-02 -4.179306e-02 -1.785714e-01
      vertex   4.305044e-02 -4.179306e-02 -1.071429e-01
      vertex   4.545067e-02 -3.916933e-02 -1.785714e-01
    endloop
  endfacet
  facet normal -7.378333e-01 6.749830e-01 0.000000e+00
    outer loop
      vertex   4.545067e-02 -3.916933e-02 -1.785714e-01
      vertex   4.305044e-02 -4.179306e-02 -1.071429e-01
      vertex   4.545067e-02 -3.916933e-02 -1.071429e-01
    endloop
  endfacet
  facet normal -7.765239e-01 6.300878e-01 0.000000e+00
    outer loop
      vertex   4.545067e-02 -3.916933e-02 -1.785714e-01
      vertex   4.545067e-02 -3.916933e-02 -1.071429e-01
      vertex   4.769127e-02 -3.640801e-02 -1.785714e-01
    endloop
  endfacet
  facet normal -7.765239e-01 6.300878e-01 0.000000e+00
    outer loop
      vertex   4.769127e-02 -3.640801e-02 -1.785714e-01
      vertex   4.545067e-02 -3.916933e-02 -1.071429e-01
      vertex   4.769127e-02 -3.640801e-02 -1.071429e-01
    endloop
  endfacet
  facet normal -8.124869e-01 5.829795e-01 0.000000e+00
    outer loop
      vertex   4.769127e-02 -3.640801e-02 -1.785714e-01
      vertex   4.769127e-02 -3.640801e-02 -1.071429e-01
      vertex   4.976434e-02 -3.351881e-02 -1.785714e-01
    endloop
  endfacet
  facet normal -8.124869e-01 5.829795e-01 0.000000e+00
    outer loop
      vertex   4.976434e-02 -3.351881e-02 -1.785714e-01
      vertex   4.769127e-02 -3.640801e-02 -1.071429e-01
      vertex   4.976434e-02 -3.351881e-02 -1.071429e-01
    endloop
  endfacet
  facet normal -8.455960e-01 5.338234e-01 0.000000e+00
    outer loop
      vertex   4.976434e-02 -3.351881e-02 -1.785714e-01
      vertex   4.976434e-02 -3.351881e-02 -1.071429e-01
      vertex   5.166262e-02 -3.051187e-02 -1.785714e-01
    endloop
  endfacet
  facet normal -8.455960e-01 5.338234e-01 0.000000e+00
    outer loop
      vertex   5.166262e-02 -3.051187e-02 -1.785714e-01
      vertex   4.976434e-02 -3.351881e-02 -1.071429e-01
      vertex   5.166262e-02 -3.051187e-02 -1.071429e-01
    endloop
  endfacet
  facet normal -8.757349e-01 4.827922e-01 0.000000e+00
    outer loop
      vertex   5.166262e-02 -3.051187e-02 -1.785714e-01
      vertex   5.166262e-02 -3.051187e-02 -1.071429e-01
      vertex   5.337943e-02 -2.739775e-02 -1.785714e-01
    endloop
  endfacet
  facet normal -8.757349e-01 4.827922e-01 0.000000e+00
    outer loop
      vertex   5.337943e-02 -2.739775e-02 -1.785714e-01
      vertex   5.166262e-02 -3.051187e-02 -1.071429e-01
      vertex   5.337943e-02 -2.739775e-02 -1.071429e-01
    endloop
  endfacet
  facet normal -9.027978e-01 4.300652e-01 0.000000e+00
    outer loop
      vertex   5.337943e-02 -2.739775e-02 -1.785714e-01
      vertex   5.337943e-02 -2.739775e-02 -1.071429e-01
      vertex   5.490874e-02 -2.418741e-02 -1.785714e-01
    endloop
  endfacet
  facet normal -9.027978e-01 4.300652e-01 0.000000e+00
    outer loop
      vertex   5.490874e-02 -2.418741e-02 -1.785714e-01
      vertex   5.337943e-02 -2.739775e-02 -1.071429e-01
      vertex   5.490874e-02 -2.418741e-02 -1.071429e-01
    endloop
  endfacet
  facet normal -9.266896e-01 3.758276e-01 0.000000e+00
    outer loop
      vertex   5.490874e-02 -2.418741e-02 -1.785714e-01
      vertex   5.490874e-02 -2.418741e-02 -1.071429e-01
      vertex   5.624518e-02 -2.089210e-02 -1.785714e-01
    endloop
  endfacet
  facet normal -9.266896e-01 3.758276e-01 0.000000e+00
    outer loop
      vertex   5.624518e-02 -2.089210e-02 -1.785714e-01
      vertex   5.490874e-02 -2.418741e-02 -1.071429e-01
      vertex   5.624518e-02 -2.089210e-02 -1.071429e-01
    endloop
  endfacet
  facet normal -9.473264e-01 3.202699e-01 0.000000e+00
    outer loop
      vertex   5.624518e-02 -2.089210e-02 -1.785714e-01
      vertex   5.624518e-02 -2.089210e-02 -1.071429e-01
      vertex   5.738406e-02 -1.752341e-02 -1.785714e-01
    endloop
  endfacet
  facet normal -9.473264e-01 3.202699e-01 0.000000e+00
    outer loop
      vertex   5.738406e-02 -1.752341e-02 -1.785714e-01
      vertex   5.624518e-02 -2.089210e-02 -1.071429e-01
      vertex   5.738406e-02 -1.752341e-02 -1.071429e-01
    endloop
  endfacet
  facet normal -9.646356e-01 2.635872e-01 0.000000e+00
    outer loop
      vertex   5.738406e-02 -1.752341e-02 -1.785714e-01
      vertex   5.738406e-02 -1.752341e-02 -1.071429e-01
      vertex   5.832137e-02 -1.409316e-02 -1.785714e-01
    endloop
  endfacet
  facet normal -9.646356e-01 2.635872e-01 0.000000e+00
    outer loop
      vertex   5.832137e-02 -1.409316e-02 -1.785714e-01
      vertex   5.738406e-02 -1.752341e-02 -1.071429e-01
      vertex   5.832137e-02 -1.409316e-02 -1.071429e-01
    endloop
  endfacet
  facet normal -9.785565e-01 2.059786e-01 0.000000e+00
    outer loop
      vertex   5.832137e-02 -1.409316e-02 -1.785714e-01
      vertex   5.832137e-02 -1.409316e-02 -1.071429e-01
      vertex   5.905383e-02 -1.061342e-02 -1.785714e-01
    endloop
  endfacet
  facet normal -9.785565e-01 2.059786e-01 0.000000e+00
    outer loop
      vertex   5.905383e-02 -1.061342e-02 -1.785714e-01
      vertex   5.832137e-02 -1.409316e-02 -1.071429e-01
      vertex   5.905383e-02 -1.061342e-02 -1.071429e-01
    endloop
  endfacet
  facet normal -9.890402e-01 1.476466e-01 0.000000e+00
    outer loop
      vertex   5.905383e-02 -1.061342e-02 -1.785714e-01
      vertex   5.905383e-02 -1.061342e-02 -1.071429e-01
      vertex   5.957887e-02 -7.096390e-03 -1.785714e-01
    endloop
  endfacet
  facet normal -9.890402e-01 1.476466e-01 0.000000e+00
    outer loop
      vertex   5.957887e-02 -7.096390e-03 -1.785714e-01
      vertex   5.905383e-02 -1.061342e-02 -1.071429e-01
      vertex   5.957887e-02 -7.096390e-03 -1.071429e-01
    endloop
  endfacet
  facet normal -9.960498e-01 8.879590e-02 0.000000e+00
    outer loop
      vertex   5.957887e-02 -7.096390e-03 -1.785714e-01
      vertex   5.957887e-02 -7.096390e-03 -1.071429e-01
      vertex   5.989462e-02 -3.554438e-03 -1.785714e-01
    endloop
  endfacet
  facet normal -9.960498e-01 8.879590e-02 0.000000e+00
    outer loop
      vertex   5.989462e-02 -3.554438e-03 -1.785714e-01
      vertex   5.957887e-02 -7.096390e-03 -1.071429e-01
      vertex   5.989462e-02 -3.554438e-03 -1.071429e-01
    endloop
  endfacet
  facet normal -9.995608e-01 2.963333e-02 0.000000e+00
    outer loop
      vertex   5.989462e-02 -3.554438e-03 -1.785714e-01
      vertex   5.989462e-02 -3.554438e-03 -1.071429e-01
      vertex   6.000000e-02 7.347881e-18 -1.785714e-01
    endloop
  endfacet
  facet normal -9.995608e-01 2.963333e-02 0.000000e+00
    outer loop
      vertex   6.000000e-02 7.347881e-18 -1.785714e-01
      vertex   5.989462e-02 -3.554438e-03 -1.071429e-01
      vertex   6.000000e-02 7.347881e-18 -1.071429e-01
    endloop
  endfacet
  facet normal -9.995608e-01 -2.963333e-02 0.000000e+00
    outer loop
      vertex   6.000000e-02 7.347881e-18 -1.071429e-01
      vertex   6.000000e-02 7.347881e-18 -3.571429e-02
      vertex   5.989462e-02 3.554438e-03 -1.071429e-01
    endloop
  endfacet
  facet normal -9.995608e-01 -2.963333e-02 0.000000e+00
    outer loop
      vertex   5.989462e-02 3.554438e-03 -1.071429e-01
      vertex   6.000000e-02 7.347881e-18 -3.571429e-02
      vertex   5.989462e-02 3.554438e-03 -3.571429e-02
    endloop
  endfacet
  facet normal -9.960498e-01 -8.879590e-02 0.000000e+00
    outer loop
      vertex   5.989462e-02 3.554438e-03 -1.071429e-01
      vertex   5.989462e-02 3.554438e-03 -3.571429e-02
      vertex   5.957887e-02 7.096390e-03 -1.071429e-01
    endloop
  endfacet
  facet normal -9.960498e-01 -8.879590e-02 0.000000e+00
    outer loop
      vertex   5.957887e-02 7.096390e-03 -1.071429e-01
      vertex   5.989462e-02 3.554438e-03 -3.571429e-02
      vertex   5.957887e-02 7.096390e-03 -3.571429e-02
    endloop
  endfacet
  facet normal -9.890402e-01 -1.476466e-01 0.000000e+00
    outer loop
      vertex   5.957887e-02 7.096390e-03 -1.071429e-01
      vertex   5.957887e-02 7.096390e-03 -3.571429e-02
      vertex   5.905383e-02 1.061342e-02 -1.071429e-01
    endloop
  endfacet
  facet normal -9.890402e-01 -1.476466e-01 0.000000e+00
    outer loop
      vertex   5.905383e-02 1.061342e-02 -1.071429e-01
      vertex   5.957887e-02 7.096390e-03 -3.571429e-02
      vertex   5.905383e-02 1.061342e-02 -3.571429e-02
    endloop
  endfacet
  facet normal -9.785565e-01 -2.059786e-01 0.000000e+00
    outer loop
      vertex   5.905383e-02 1.061342e-02 -1.071429e-01
      vertex   5.905383e-02 1.061342e-02 -3.571429e-02
      vertex   5.832137e-02 1.409316e-02 -1.071429e-01
    endloop
  endfacet
  facet normal -9.785565e-01 -2.059786e-01 0.000000e+00
    outer loop
      vertex   5.832137e-02 1.409316e-02 -1.071429e-01
      vertex   5.905383e-02 1.061342e-02 -3.571429e-02
      vertex   5.832137e-02 1.409316e-02 -3.571429e-02
    endloop
  endfacet
  facet normal -9.646356e-01 -2.635872e-01 0.000000e+00
    outer loop
      vertex   5.832137e-02 1.409316e-02 -1.071429e-01
      vertex   5.832137e-02 1.409316e-02 -3.571429e-02
      vertex   5.738406e-02 1.752341e-02 -1.071429e-01
    endloop
  endfacet
  facet normal -9.646356e-01 -2.635872e-01 0.000000e+00
    outer loop
      vertex   5.738406e-02 1.752341e-02 -1.071429e-01
      vertex   5.832137e-02 1.409316e-02 -3.571429e-02
      vertex   5.738406e-02 1.752341e-02 -3.571429e-02
    endloop
  endfacet
  facet normal -9.473264e-01 -3.202699e-01 0.000000e+00
    outer loop
      vertex   5.738406e-02 1.752341e-02 -1.071429e-01
      vertex   5.738406e-02 1.752341e-02 -3.571429e-02
      vertex   5.624518e-02 2.089210e-02 -1.071429e-01
    endloop
  endfacet
  facet normal -9.473264e-01 -3.202699e-01 0.000000e+00
    outer loop
      vertex   5.624518e-02 2.089210e-02 -1.071429e-01
      vertex   5.738406e-02 1.752341e-02 -3.571429e-02
      vertex   5.624518e-02 2.089210e-02 -3.571429e-02
    endloop
  endfacet
  facet normal -9.266896e-01 -3.758276e-01 0.000000e+00
    outer loop
      vertex   5.624518e-02 2.089210e-02 -1.071429e-01
      vertex   5.624518e-02 2.089210e-02 -3.571429e-02
      vertex   5.490874e-02 2.418741e-02 -1.071429e-01
    endloop
  endfacet
  facet normal -9.266896e-01 -3.758276e-01 0.000000e+00
    outer loop
      vertex   5.490874e-02 2.418741e-02 -1.071429e-01
      vertex   5.624518e-02 2.089210e-02 -3.571429e-02
      vertex   5.490874e-02 2.418741e-02 -3.571429e-02
    endloop
  endfacet
  facet normal -9.027978e-01 -4.300652e-01 0.000000e+00
    outer loop
      vertex   5.490874e-02 2.418741e-02 -1.071429e-01
      vertex   5.490874e-02 2.418741e-02 -3.571429e-02
      vertex   5.337943e-02 2.739775e-02 -1.071429e-01
    endloop
  endfacet
  facet normal -9.027978e-01 -4.300652e-01 0.000000e+00
    outer loop
      vertex   5.337943e-02 2.739775e-02 -1.071429e-01
      vertex   5.490874e-02 2.418741e-02 -3.571429e-02
      vertex   5.337943e-02 2.739775e-02 -3.571429e-02
    endloop
  endfacet
  facet normal -8.757349e-01 -4.827922e-01 0.000000e+00
    outer loop
      vertex   5.337943e-02 2.739775e-02 -1.071429e-01
      vertex   5.337943e-02 2.739775e-02 -3.571429e-02
      vertex   5.166262e-02 3.051187e-02 -1.071429e-01
    endloop
  endfacet
  facet normal -8.757349e-01 -4.827922e-01 0.000000e+00
    outer loop
      vertex   5.166262e-02 3.051187e-02 -1.071429e-01
      vertex   5.337943e-02 2.739775e-02 -3.571429e-02
      vertex   5.166262e-02 3.051187e-02 -3.571429e-02
    endloop
  endfacet
  facet normal -8.455960e-01 -5.338234e-01 0.000000e+00
    outer loop
      vertex   5.166262e-02 3.051187e-02 -1.071429e-01
      vertex   5.166262e-02 3.051187e-02 -3.571429e-02
      vertex   4.976434e-02 3.351881e-02 -1.071429e-01
    endloop
  endfacet
  facet normal -8.455960e-01 -5.338234e-01 0.000000e+00
    outer loop
      vertex   4.976434e-02 3.351881e-02 -1.071429e-01
      vertex   5.166262e-02 3.051187e-02 -3.571429e-02
      vertex   4.976434e-02 3.351881e-02 -3.571429e-02
    endloop
  endfacet
  facet normal -8.124869e-01 -5.829795e-01 0.000000e+00
    outer loop
      vertex   4.976434e-02 3.351881e-02 -1.071429e-01
      vertex   4.976434e-02 3.351881e-02 -3.571429e-02
      vertex   4.769127e-02 3.640801e-02 -1.071429e-01
    endloop
  endfacet
  facet normal -8.124869e-01 -5.829795e-01 0.000000e+00
    outer loop
      vertex   4.769127e-02 3.640801e-02 -1.071429e-01
      vertex   4.976434e-02 3.351881e-02 -3.571429e-02
      vertex   4.769127e-02 3.640801e-02 -3.571429e-02
    endloop
  endfacet
  facet normal -7.765239e-01 -6.300878e-01 0.000000e+00
    outer loop
      vertex   4.769127e-02 3.640801e-02 -1.071429e-01
      vertex   4.769127e-02 3.640801e-02 -3.571429e-02
      vertex   4.545067e-02 3.916933e-02 -1.071429e-01
    endloop
  endfacet
  facet normal -7.765239e-01 -6.300878e-01 0.000000e+00
    outer loop
      vertex   4.545067e-02 3.916933e-02 -1.071429e-01
      vertex   4.769127e-02 3.640801e-02 -3.571429e-02
      vertex   4.545067e-02 3.916933e-02 -3.571429e-02
    endloop
  endfacet
  facet normal -7.378333e-01 -6.749830e-01 0.000000e+00
    outer loop
      vertex   4.545067e-02 3.916933e-02 -1.071429e-01
      vertex   4.545067e-02 3.916933e-02 -3.571429e-02
      vertex   4.305044e-02 4.179306e-02 -1.071429e-01
    endloop
  endfacet
  facet normal -7.378333e-01 -6.749830e-01 0.000000e+00
    outer loop
      vertex   4.305044e-02 4.179306e-02 -1.071429e-01
      vertex   4.545067e-02 3.916933e-02 -3.571429e-02
      vertex   4.305044e-02 4.179306e-02 -3.571429e-02
    endloop
  endfacet
  facet normal -6.965510e-01 -7.175073e-01 0.000000e+00
    outer loop
      vertex   4.305044e-02 4.179306e-02 -1.071429e-01
      vertex   4.305044e-02 4.179306e-02 -3.571429e-02
      vertex   4.049898e-02 4.427000e-02 -1.071429e-01
    endloop
  endfacet
  facet normal -6.965510e-01 -7.175073e-01 0.000000e+00
    outer loop
      vertex   4.049898e-02 4.427000e-02 -1.071429e-01
      vertex   4.305044e-02 4.179306e-02 -3.571429e-02
      vertex   4.049898e-02 4.427000e-02 -3.571429e-02
    endloop
  endfacet
  facet normal -6.528221e-01 -7.575112e-01 0.000000e+00
    outer loop
      vertex   4.049898e-02 4.427000e-02 -1.071429e-01
      vertex   4.049898e-02 4.427000e-02 -3.571429e-02
      vertex   3.780527e-02 4.659143e-02 -1.071429e-01
    endloop
  endfacet
  facet normal -6.528221e-01 -7.575112e-01 0.000000e+00
    outer loop
      vertex   3.780527e-02 4.659143e-02 -1.071429e-01
      vertex   4.049898e-02 4.427000e-02 -3.571429e-02
      vertex   3.780527e-02 4.659143e-02 -3.571429e-02
    endloop
  endfacet
  facet normal -6.068001e-01 -7.948544e-01 0.000000e+00
    outer loop
      vertex   3.780527e-02 4.659143e-02 -1.071429e-01
      vertex   3.780527e-02 4.659143e-02 -3.571429e-02
      vertex   3.497877e-02 4.874921e-02 -1.071429e-01
    endloop
  endfacet
  facet normal -6.068001e-01 -7.948544e-01 0.000000e+00
    outer loop
      vertex   3.497877e-02 4.874921e-02 -1.071429e-01
      vertex   3.780527e-02 4.659143e-02 -3.571429e-02
      vertex   3.497877e-02 4.874921e-02 -3.571429e-02
    endloop
  endfacet
  facet normal -5.586468e-01 -8.294057e-01 0.000000e+00
    outer loop
      vertex   3.497877e-02 4.874921e-02 -1.071429e-01
      vertex   3.497877e-02 4.874921e-02 -3.571429e-02
      vertex   3.202940e-02 5.073576e-02 -1.071429e-01
    endloop
  endfacet
  facet normal -5.586468e-01 -8.294057e-01 0.000000e+00
    outer loop
      vertex   3.202940e-02 5.073576e-02 -1.071429e-01
      vertex   3.497877e-02 4.874921e-02 -3.571429e-02
      vertex   3.202940e-02 5.073576e-02 -3.571429e-02
    endloop
  endfacet
  facet normal -5.085311e-01 -8.610436e-01 0.000000e+00
    outer loop
      vertex   3.202940e-02 5.073576e-02 -1.071429e-01
      vertex   3.202940e-02 5.073576e-02 -3.571429e-02
      vertex   2.896753e-02 5.254410e-02 -1.071429e-01
    endloop
  endfacet
  facet normal -5.085311e-01 -8.610436e-01 0.000000e+00
    outer loop
      vertex   2.896753e-02 5.254410e-02 -1.071429e-01
      vertex   3.202940e-02 5.073576e-02 -3.571429e-02
      vertex   2.896753e-02 5.254410e-02 -3.571429e-02
    endloop
  endfacet
  facet normal -4.566292e-01 -8.896571e-01 0.000000e+00
    outer loop
      vertex   2.896753e-02 5.254410e-02 -1.071429e-01
      vertex   2.896753e-02 5.254410e-02 -3.571429e-02
      vertex   2.580391e-02 5.416787e-02 -1.071429e-01
    endloop
  endfacet
  facet normal -4.566292e-01 -8.896571e-01 0.000000e+00
    outer loop
      vertex   2.580391e-02 5.416787e-02 -1.071429e-01
      vertex   2.896753e-02 5.254410e-02 -3.571429e-02
      vertex   2.580391e-02 5.416787e-02 -3.571429e-02
    endloop
  endfacet
  facet normal -4.031234e-01 -9.151456e-01 0.000000e+00
    outer loop
      vertex   2.580391e-02 5.416787e-02 -1.071429e-01
      vertex   2.580391e-02 5.416787e-02 -3.571429e-02
      vertex   2.254965e-02 5.560138e-02 -1.071429e-01
    endloop
  endfacet
  facet normal -4.031234e-01 -9.151456e-01 0.000000e+00
    outer loop
      vertex   2.254965e-02 5.560138e-02 -1.071429e-01
      vertex   2.580391e-02 5.416787e-02 -3.571429e-02
      vertex   2.254965e-02 5.560138e-02 -3.571429e-02
    endloop
  endfacet
  facet normal -3.482016e-01 -9.374197e-01 0.000000e+00
    outer loop
      vertex   2.254965e-02 5.560138e-02 -1.071429e-01
      vertex   2.254965e-02 5.560138e-02 -3.571429e-02
      vertex   1.921619e-02 5.683958e-02 -1.071429e-01
    endloop
  endfacet
  facet normal -3.482016e-01 -9.374197e-01 0.000000e+00
    outer loop
      vertex   1.921619e-02 5.683958e-02 -1.071429e-01
      vertex   2.254965e-02 5.560138e-02 -3.571429e-02
      vertex   1.921619e-02 5.683958e-02 -3.571429e-02
    endloop
  endfacet
  facet normal -2.920568e-01 -9.564010e-01 0.000000e+00
    outer loop
      vertex   1.921619e-02 5.683958e-02 -1.071429e-01
      vertex   1.921619e-02 5.683958e-02 -3.571429e-02
      vertex   1.581523e-02 5.787813e-02 -1.071429e-01
    endloop
  endfacet
  facet normal -2.920568e-01 -9.564010e-01 -1.290748e-16
    outer loop
      vertex   1.581523e-02 5.787813e-02 -1.071429e-01
      vertex   1.921619e-02 5.683958e-02 -3.571429e-02
      vertex   1.581523e-02 5.787813e-02 -3.571429e-02
    endloop
  endfacet
  facet normal -2.348860e-01 -9.720229e-01 -1.432176e-16
    outer loop
      vertex   1.581523e-02 5.787813e-02 -1.071429e-01
      vertex   1.581523e-02 5.787813e-02 -3.571429e-02
      vertex   1.235872e-02 5.871339e-02 -1.071429e-01
    endloop
  endfacet
  facet normal -2.348860e-01 -9.720229e-01 0.000000e+00
    outer loop
      vertex   1.235872e-02 5.871339e-02 -1.071429e-01
      vertex   1.581523e-02 5.787813e-02 -3.571429e-02
      vertex   1.235872e-02 5.871339e-02 -3.571429e-02
    endloop
  endfacet
  facet normal -1.768903e-01 -9.842306e-01 0.000000e+00
    outer loop
      vertex   1.235872e-02 5.871339e-02 -1.071429e-01
      vertex   1.235872e-02 5.871339e-02 -3.571429e-02
      vertex   8.858794e-03 5.934241e-02 -1.071429e-01
    endloop
  endfacet
  facet normal -1.768903e-01 -9.842306e-01 0.000000e+00
    outer loop
      vertex   8.858794e-03 5.934241e-02 -1.071429e-01
      vertex   1.235872e-02 5.871339e-02 -3.571429e-02
      vertex   8.858794e-03 5.934241e-02 -3.571429e-02
    endloop
  endfacet
  facet normal -1.182732e-01 -9.929811e-01 0.000000e+00
    outer loop
      vertex   8.858794e-03 5.934241e-02 -1.071429e-01
      vertex   8.858794e-03 5.934241e-02 -3.571429e-02
      vertex   5.327754e-03 5.976299e-02 -1.071429e-01
    endloop
  endfacet
  facet normal -1.182732e-01 -9.929811e-01 0.000000e+00
    outer loop
      vertex   5.327754e-03 5.976299e-02 -1.071429e-01
      vertex   8.858794e-03 5.934241e-02 -3.571429e-02
      vertex   5.327754e-03 5.976299e-02 -3.571429e-02
    endloop
  endfacet
  facet normal -5.924063e-02 -9.982437e-01 0.000000e+00
    outer loop
      vertex   5.327754e-03 5.976299e-02 -1.071429e-01
      vertex   5.327754e-03 5.976299e-02 -3.571429e-02
      vertex   1.778000e-03 5.997365e-02 -1.071429e-01
    endloop
  endfacet
  facet normal -5.924063e-02 -9.982437e-01 0.000000e+00
    outer loop
      vertex   1.778000e-03 5.997365e-02 -1.071429e-01
      vertex   5.327754e-03 5.976299e-02 -3.571429e-02
      vertex   1.778000e-03 5.997365e-02 -3.571429e-02
    endloop
  endfacet
  facet normal 0.000000e+00 -1.000000e+00 0.000000e+00
    outer loop
      vertex   1.778000e-03 5.997365e-02 -1.071429e-01
      vertex   1.778000e-03 5.997365e-02 -3.571429e-02
      vertex   -1.778000e-03 5.997365e-02 -1.071429e-01
    endloop
  endfacet
  facet normal 0.000000e+00 -1.000000e+00 0.000000e+00
    outer loop
      vertex   -1.778000e-03 5.997365e-02 -1.071429e-01
      vertex   1.778000e-03 5.997365e-02 -3.571429e-02
      vertex   -1.778000e-03 5.997365e-02 -3.571429e-02
    endloop
  endfacet
  facet normal 5.924063e-02 -9.982437e-01 0.000000e+00
    outer loop
      vertex   -1.778000e-03 5.997365e-02 -1.071429e-01
      vertex   -1.778000e-03 5.997365e-02 -3.571429e-02
      vertex   -5.327754e-03 5.976299e-02 -1.071429e-01
    endloop
  endfacet
  facet normal 5.924063e-02 -9.982437e-01 0.000000e+00
    outer loop
      vertex   -5.327754e-03 5.976299e-02 -1.071429e-01
      vertex   -1.778000e-03 5.997365e-02 -3.571429e-02
      vertex   -5.327754e-03 5.976299e-02 -3.571429e-02
    endloop
  endfacet
  facet normal 1.182732e-01 -9.929811e-01 0.000000e+00
    outer loop
      vertex   -5.327754e-03 5.976299e-02 -1.071429e-01
      vertex   -5.327754e-03 5.976299e-02 -3.571429e-02
      vertex   -8.858794e-03 5.934241e-02 -1.071429e-01
    endloop
  endfacet
  facet normal 1.182732e-01 -9.929811e-01 0.000000e+00
    outer loop
      vertex   -8.858794e-03 5.934241e-02 -1.071429e-01
      vertex   -5.327754e-03 5.976299e-02 -3.571429e-02
      vertex   -8.858794e-03 5.934241e-02 -3.571429e-02
    endloop
  endfacet
  facet normal 1.768903e-01 -9.842306e-01 0.000000e+00
    outer loop
      vertex   -8.858794e-03 5.934241e-02 -1.071429e-01
      vertex   -8.858794e-03 5.934241e-02 -3.571429e-02
      vertex   -1.235872e-02 5.871339e-02 -1.071429e-01
    endloop
  endfacet
  facet normal 1.768903e-01 -9.842306e-01 0.000000e+00
    outer loop
      vertex   -1.235872e-02 5.871339e-02 -1.071429e-01
      vertex   -8.858794e-03 5.934241e-02 -3.571429e-02
      vertex   -1.235872e-02 5.871339e-02 -3.571429e-02
    endloop
  endfacet
  facet normal 2.348860e-01 -9.720229e-01 0.000000e+00
    outer loop
      vertex   -1.235872e-02 5.871339e-02 -1.071429e-01
      vertex   -1.235872e-02 5.871339e-02 -3.571429e-02
      vertex   -1.581523e-02 5.787813e-02 -1.071429e-01
    endloop
  endfacet
  facet normal 2.348860e-01 -9.720229e-01 0.000000e+00
    outer loop
      vertex   -1.581523e-02 5.787813e-02 -1.071429e-01
      vertex   -1.235872e-02 5.871339e-02 -3.571429e-02
      vertex   -1.581523e-02 5.787813e-02 -3.571429e-02
    endloop
  endfacet
  facet normal 2.920568e-01 -9.564010e-01 0.000000e+00
    outer loop
      vertex   -1.581523e-02 5.787813e-02 -1.071429e-01
      vertex   -1.581523e-02 5.787813e-02 -3.571429e-02
      vertex   -1.921619e-02 5.683958e-02 -1.071429e-01
    endloop
  endfacet
  facet normal 2.920568e-01 -9.564010e-01 -5.674343e-17
    outer loop
      vertex   -1.921619e-02 5.683958e-02 -1.071429e-01
      vertex   -1.581523e-02 5.787813e-02 -3.571429e-02
      vertex   -1.921619e-02 5.683958e-02 -3.571429e-02
    endloop
  endfacet
  facet normal 3.482016e-01 -9.374197e-01 -6.765176e-17
    outer loop
      vertex   -1.921619e-02 5.683958e-02 -1.071429e-01
      vertex   -1.921619e-02 5.683958e-02 -3.571429e-02
      vertex   -2.254965e-02 5.560138e-02 -1.071429e-01
    endloop
  endfacet
  facet normal 3.482016e-01 -9.374197e-01 0.000000e+00
    outer loop
      vertex   -2.254965e-02 5.560138e-02 -1.071429e-01
      vertex   -1.921619e-02 5.683958e-02 -3.571429e-02
      vertex   -2.254965e-02 5.560138e-02 -3.571429e-02
    endloop
  endfacet
  facet normal 4.031234e-01 -9.151456e-01 0.000000e+00
    outer loop
      vertex   -2.254965e-02 5.560138e-02 -1.071429e-01
      vertex   -2.254965e-02 5.560138e-02 -3.571429e-02
      vertex   -2.580391e-02 5.416787e-02 -1.071429e-01
    endloop
  endfacet
  facet normal 4.031234e-01 -9.151456e-01 0.000000e+00
    outer loop
      vertex   -2.580391e-02 5.416787e-02 -1.071429e-01
      vertex   -2.254965e-02 5.560138e-02 -3.571429e-02
      vertex   -2.580391e-02 5.416787e-02 -3.571429e-02
    endloop
  endfacet
  facet normal 4.566292e-01 -8.896571e-01 0.000000e+00
    outer loop
      vertex   -2.580391e-02 5.416787e-02 -1.071429e-01
      vertex   -2.580391e-02 5.416787e-02 -3.571429e-02
      vertex   -2.896753e-02 5.254410e-02 -1.071429e-01
    endloop
  endfacet
  facet normal 4.566292e-01 -8.896571e-01 0.000000e+00
    outer loop
      vertex   -2.896753e-02 5.254410e-02 -1.071429e-01
      vertex   -2.580391e-02 5.416787e-02 -3.571429e-02
      vertex   -2.896753e-02 5.254410e-02 -3.571429e-02
    endloop
  endfacet
  facet normal 5.085311e-01 -8.610436e-01 0.000000e+00
    outer loop
      vertex   -2.896753e-02 5.254410e-02 -1.071429e-01
      vertex   -2.896753e-02 5.254410e-02 -3.571429e-02
      vertex   -3.202940e-02 5.073576e-02 -1.071429e-01
    endloop
  endfacet
  facet normal 5.085311e-01 -8.610436e-01 0.000000e+00
    outer loop
      vertex   -3.202940e-02 5.073576e-02 -1.071429e-01
      vertex   -2.896753e-02 5.254410e-02 -3.571429e-02
      vertex   -3.202940e-02 5.073576e-02 -3.571429e-02
    endloop
  endfacet
  facet normal 5.586468e-01 -8.294057e-01 0.000000e+00
    outer loop
      vertex   -3.202940e-02 5.073576e-02 -1.071429e-01
      vertex   -3.202940e-02 5.073576e-02 -3.571429e-02
      vertex   -3.497877e-02 4.874921e-02 -1.071429e-01
    endloop
  endfacet
  facet normal 5.586468e-01 -8.294057e-01 0.000000e+00
    outer loop
      vertex   -3.497877e-02 4.874921e-02 -1.071429e-01
      vertex   -3.202940e-02 5.073576e-02 -3.571429e-02
      vertex   -3.497877e-02 4.874921e-02 -3.571429e-02
    endloop
  endfacet
  facet normal 6.068001e-01 -7.948544e-01 0.000000e+00
    outer loop
      vertex   -3.497877e-02 4.874921e-02 -1.071429e-01
      vertex   -3.497877e-02 4.874921e-02 -3.571429e-02
      vertex   -3.780527e-02 4.659143e-02 -1.071429e-01
    endloop
  endfacet
  facet normal 6.068001e-01 -7.948544e-01 7.721575e-17
    outer loop
      vertex   -3.780527e-02 4.659143e-02 -1.071429e-01
      vertex   -3.497877e-02 4.874921e-02 -3.571429e-02
      vertex   -3.780527e-02 4.659143e-02 -3.571429e-02
    endloop
  endfacet
  facet normal 6.528221e-01 -7.575112e-01 7.358806e-17
    outer loop
      vertex   -3.780527e-02 4.659143e-02 -1.071429e-01
      vertex   -3.780527e-02 4.659143e-02 -3.571429e-02
      vertex   -4.049898e-02 4.427000e-02 -1.071429e-01
    endloop
  endfacet
  facet normal 6.528221e-01 -7.575112e-01 -1.268362e-16
    outer loop
      vertex   -4.049898e-02 4.427000e-02 -1.071429e-01
      vertex   -3.780527e-02 4.659143e-02 -3.571429e-02
      vertex   -4.049898e-02 4.427000e-02 -3.571429e-02
    endloop
  endfacet
  facet normal 6.965510e-01 -7.175073e-01 -1.353322e-16
    outer loop
      vertex   -4.049898e-02 4.427000e-02 -1.071429e-01
      vertex   -4.049898e-02 4.427000e-02 -3.571429e-02
      vertex   -4.305044e-02 4.179306e-02 -1.071429e-01
    endloop
  endfacet
  facet normal 6.965510e-01 -7.175073e-01 0.000000e+00
    outer loop
      vertex   -4.305044e-02 4.179306e-02 -1.071429e-01
      vertex   -4.049898e-02 4.427000e-02 -3.571429e-02
      vertex   -4.305044e-02 4.179306e-02 -3.571429e-02
    endloop
  endfacet
  facet normal 7.378333e-01 -6.749830e-01 0.000000e+00
    outer loop
      vertex   -4.305044e-02 4.179306e-02 -1.071429e-01
      vertex   -4.305044e-02 4.179306e-02 -3.571429e-02
      vertex   -4.545067e-02 3.916933e-02 -1.071429e-01
    endloop
  endfacet
  facet normal 7.378333e-01 -6.749830e-01 -6.105560e-18
    outer loop
      vertex   -4.545067e-02 3.916933e-02 -1.071429e-01
      vertex   -4.305044e-02 4.179306e-02 -3.571429e-02
      vertex   -4.545067e-02 3.916933e-02 -3.571429e-02
    endloop
  endfacet
  facet normal 7.765239e-01 -6.300878e-01 -1.422546e-17
    outer loop
      vertex   -4.545067e-02 3.916933e-02 -1.071429e-01
      vertex   -4.545067e-02 3.916933e-02 -3.571429e-02
      vertex   -4.769127e-02 3.640801e-02 -1.071429e-01
    endloop
  endfacet
  facet normal 7.765239e-01 -6.300878e-01 -7.543503e-17
    outer loop
      vertex   -4.769127e-02 3.640801e-02 -1.071429e-01
      vertex   -4.545067e-02 3.916933e-02 -3.571429e-02
      vertex   -4.769127e-02 3.640801e-02 -3.571429e-02
    endloop
  endfacet
  facet normal 8.124869e-01 -5.829795e-01 -7.892864e-17
    outer loop
      vertex   -4.769127e-02 3.640801e-02 -1.071429e-01
      vertex   -4.769127e-02 3.640801e-02 -3.571429e-02
      vertex   -4.976434e-02 3.351881e-02 -1.071429e-01
    endloop
  endfacet
  facet normal 8.124869e-01 -5.829795e-01 0.000000e+00
    outer loop
      vertex   -4.976434e-02 3.351881e-02 -1.071429e-01
      vertex   -4.769127e-02 3.640801e-02 -3.571429e-02
      vertex   -4.976434e-02 3.351881e-02 -3.571429e-02
    endloop
  endfacet
  facet normal 8.455960e-01 -5.338234e-01 0.000000e+00
    outer loop
      vertex   -4.976434e-02 3.351881e-02 -1.071429e-01
      vertex   -4.976434e-02 3.351881e-02 -3.571429e-02
      vertex   -5.166262e-02 3.051187e-02 -1.071429e-01
    endloop
  endfacet
  facet normal 8.455960e-01 -5.338234e-01 -4.357994e-18
    outer loop
      vertex   -5.166262e-02 3.051187e-02 -1.071429e-01
      vertex   -4.976434e-02 3.351881e-02 -3.571429e-02
      vertex   -5.166262e-02 3.051187e-02 -3.571429e-02
    endloop
  endfacet
  facet normal 8.757349e-01 -4.827922e-01 -1.472192e-17
    outer loop
      vertex   -5.166262e-02 3.051187e-02 -1.071429e-01
      vertex   -5.166262e-02 3.051187e-02 -3.571429e-02
      vertex   -5.337943e-02 2.739775e-02 -1.071429e-01
    endloop
  endfacet
  facet normal 8.757349e-01 -4.827922e-01 0.000000e+00
    outer loop
      vertex   -5.337943e-02 2.739775e-02 -1.071429e-01
      vertex   -5.166262e-02 3.051187e-02 -3.571429e-02
      vertex   -5.337943e-02 2.739775e-02 -3.571429e-02
    endloop
  endfacet
  facet normal 9.027978e-01 -4.300652e-01 0.000000e+00
    outer loop
      vertex   -5.337943e-02 2.739775e-02 -1.071429e-01
      vertex   -5.337943e-02 2.739775e-02 -3.571429e-02
      vertex   -5.490874e-02 2.418741e-02 -1.071429e-01
    endloop
  endfacet
  facet normal 9.027978e-01 -4.300652e-01 2.088924e-17
    outer loop
      vertex   -5.490874e-02 2.418741e-02 -1.071429e-01
      vertex   -5.337943e-02 2.739775e-02 -3.571429e-02
      vertex   -5.490874e-02 2.418741e-02 -3.571429e-02
    endloop
  endfacet
  facet normal 9.266896e-01 -3.758276e-01 1.825479e-17
    outer loop
      vertex   -5.490874e-02 2.418741e-02 -1.071429e-01
      vertex   -5.490874e-02 2.418741e-02 -3.571429e-02
      vertex   -5.624518e-02 2.089210e-02 -1.071429e-01
    endloop
  endfacet
  facet normal 9.266896e-01 -3.758276e-01 0.000000e+00
    outer loop
      vertex   -5.624518e-02 2.089210e-02 -1.071429e-01
      vertex   -5.490874e-02 2.418741e-02 -3.571429e-02
      vertex   -5.624518e-02 2.089210e-02 -3.571429e-02
    endloop
  endfacet
  facet normal 9.473264e-01 -3.202699e-01 0.000000e+00
    outer loop
      vertex   -5.624518e-02 2.089210e-02 -1.071429e-01
      vertex   -5.624518e-02 2.089210e-02 -3.571429e-02
      vertex   -5.738406e-02 1.752341e-02 -1.071429e-01
    endloop
  endfacet
  facet normal 9.473264e-01 -3.202699e-01 0.000000e+00
    outer loop
      vertex   -5.738406e-02 1.752341e-02 -1.071429e-01
      vertex   -5.624518e-02 2.089210e-02 -3.571429e-02
      vertex   -5.738406e-02 1.752341e-02 -3.571429e-02
    endloop
  endfacet
  facet normal 9.646356e-01 -2.635872e-01 0.000000e+00
    outer loop
      vertex   -5.738406e-02 1.752341e-02 -1.071429e-01
      vertex   -5.738406e-02 1.752341e-02 -3.571429e-02
      vertex   -5.832137e-02 1.409316e-02 -1.071429e-01
    endloop
  endfacet
  facet normal 9.646356e-01 -2.635872e-01 1.280302e-17
    outer loop
      vertex   -5.832137e-02 1.409316e-02 -1.071429e-01
      vertex   -5.738406e-02 1.752341e-02 -3.571429e-02
      vertex   -5.832137e-02 1.409316e-02 -3.571429e-02
    endloop
  endfacet
  facet normal 9.785565e-01 -2.059786e-01 1.000485e-17
    outer loop
      vertex   -5.832137e-02 1.409316e-02 -1.071429e-01
      vertex   -5.832137e-02 1.409316e-02 -3.571429e-02
      vertex   -5.905383e-02 1.061342e-02 -1.071429e-01
    endloop
  endfacet
  facet normal 9.785565e-01 -2.059786e-01 0.000000e+00
    outer loop
      vertex   -5.905383e-02 1.061342e-02 -1.071429e-01
      vertex   -5.832137e-02 1.409316e-02 -3.571429e-02
      vertex   -5.905383e-02 1.061342e-02 -3.571429e-02
    endloop
  endfacet
  facet normal 9.890402e-01 -1.476466e-01 0.000000e+00
    outer loop
      vertex   -5.905383e-02 1.061342e-02 -1.071429e-01
      vertex   -5.905383e-02 1.061342e-02 -3.571429e-02
      vertex   -5.957887e-02 7.096390e-03 -1.071429e-01
    endloop
  endfacet
  facet normal 9.890402e-01 -1.476466e-01 7.171527e-18
    outer loop
      vertex   -5.957887e-02 7.096390e-03 -1.071429e-01
      vertex   -5.905383e-02 1.061342e-02 -3.571429e-02
      vertex   -5.957887e-02 7.096390e-03 -3.571429e-02
    endloop
  endfacet
  facet normal 9.960498e-01 -8.879590e-02 4.313017e-18
    outer loop
      vertex   -5.957887e-02 7.096390e-03 -1.071429e-01
      vertex   -5.957887e-02 7.096390e-03 -3.571429e-02
      vertex   -5.989462e-02 3.554438e-03 -1.071429e-01
    endloop
  endfacet
  facet normal 9.960498e-01 -8.879590e-02 4.852144e-18
    outer loop
      vertex   -5.989462e-02 3.554438e-03 -1.071429e-01
      vertex   -5.957887e-02 7.096390e-03 -3.571429e-02
      vertex   -5.989462e-02 3.554438e-03 -3.571429e-02
    endloop
  endfacet
  facet normal 9.995608e-01 -2.963333e-02 1.619277e-18
    outer loop
      vertex   -5.989462e-02 3.554438e-03 -1.071429e-01
      vertex   -5.989462e-02 3.554438e-03 -3.571429e-02
      vertex   -6.000000e-02 0.000000e+00 -1.071429e-01
    endloop
  endfacet
  facet normal 9.995608e-01 -2.963333e-02 0.000000e+00
    outer loop
      vertex   -6.000000e-02 0.000000e+00 -1.071429e-01
      vertex   -5.989462e-02 3.554438e-03 -3.571429e-02
      vertex   -6.000000e-02 0.000000e+00 -3.571429e-02
    endloop
  endfacet
  facet normal 9.995608e-01 2.963333e-02 -0.000000e+00
    outer loop
      vertex   -6.000000e-02 0.000000e+00 -1.071429e-01
      vertex   -6.000000e-02 0.000000e+00 -3.571429e-02
      vertex   -5.989462e-02 -3.554438e-03 -1.071429e-01
    endloop
  endfacet
  facet normal 9.995608e-01 2.963333e-02 -1.619277e-18
    outer loop
      vertex   -5.989462e-02 -3.554438e-03 -1.071429e-01
      vertex   -6.000000e-02 0.000000e+00 -3.571429e-02
      vertex   -5.989462e-02 -3.554438e-03 -3.571429e-02
    endloop
  endfacet
  facet normal 9.960498e-01 8.879590e-02 -4.852144e-18
    outer loop
      vertex   -5.989462e-02 -3.554438e-03 -1.071429e-01
      vertex   -5.989462e-02 -3.554438e-03 -3.571429e-02
      vertex   -5.957887e-02 -7.096390e-03 -1.071429e-01
    endloop
  endfacet
  facet normal 9.960498e-01 8.879590e-02 -5.391271e-18
    outer loop
      vertex   -5.957887e-02 -7.096390e-03 -1.071429e-01
      vertex   -5.989462e-02 -3.554438e-03 -3.571429e-02
      vertex   -5.957887e-02 -7.096390e-03 -3.571429e-02
    endloop
  endfacet
  facet normal 9.890402e-01 1.476466e-01 -8.964409e-18
    outer loop
      vertex   -5.957887e-02 -7.096390e-03 -1.071429e-01
      vertex   -5.957887e-02 -7.096390e-03 -3.571429e-02
      vertex   -5.905383e-02 -1.061342e-02 -1.071429e-01
    endloop
  endfacet
  facet normal 9.890402e-01 1.476466e-01 -0.000000e+00
    outer loop
      vertex   -5.905383e-02 -1.061342e-02 -1.071429e-01
      vertex   -5.957887e-02 -7.096390e-03 -3.571429e-02
      vertex   -5.905383e-02 -1.061342e-02 -3.571429e-02
    endloop
  endfacet
  facet normal 9.785565e-01 2.059786e-01 -0.000000e+00
    outer loop
      vertex   -5.905383e-02 -1.061342e-02 -1.071429e-01
      vertex   -5.905383e-02 -1.061342e-02 -3.571429e-02
      vertex   -5.832137e-02 -1.409316e-02 -1.071429e-01
    endloop
  endfacet
  facet normal 9.785565e-01 2.059786e-01 -1.000485e-17
    outer loop
      vertex   -5.832137e-02 -1.409316e-02 -1.071429e-01
      vertex   -5.905383e-02 -1.061342e-02 -3.571429e-02
      vertex   -5.832137e-02 -1.409316e-02 -3.571429e-02
    endloop
  endfacet
  facet normal 9.646356e-01 2.635872e-01 -1.280302e-17
    outer loop
      vertex   -5.832137e-02 -1.409316e-02 -1.071429e-01
      vertex   -5.832137e-02 -1.409316e-02 -3.571429e-02
      vertex   -5.738406e-02 -1.752341e-02 -1.071429e-01
    endloop
  endfacet
  facet normal 9.646356e-01 2.635872e-01 -0.000000e+00
    outer loop
      vertex   -5.738406e-02 -1.752341e-02 -1.071429e-01
      vertex   -5.832137e-02 -1.409316e-02 -3.571429e-02
      vertex   -5.738406e-02 -1.752341e-02 -3.571429e-02
    endloop
  endfacet
  facet normal 9.473264e-01 3.202699e-01 -0.000000e+00
    outer loop
      vertex   -5.738406e-02 -1.752341e-02 -1.071429e-01
      vertex   -5.738406e-02 -1.752341e-02 -3.571429e-02
      vertex   -5.624518e-02 -2.089210e-02 -1.071429e-01
    endloop
  endfacet
  facet normal 9.473264e-01 3.202699e-01 -1.555623e-17
    outer loop
      vertex   -5.624518e-02 -2.089210e-02 -1.071429e-01
      vertex   -5.738406e-02 -1.752341e-02 -3.571429e-02
      vertex   -5.624518e-02 -2.089210e-02 -3.571429e-02
    endloop
  endfacet
  facet normal 9.266896e-01 3.758276e-01 -1.825479e-17
    outer loop
      vertex   -5.624518e-02 -2.089210e-02 -1.071429e-01
      vertex   -5.624518e-02 -2.089210e-02 -3.571429e-02
      vertex   -5.490874e-02 -2.418741e-02 -1.071429e-01
    endloop
  endfacet
  facet normal 9.266896e-01 3.758276e-01 -0.000000e+00
    outer loop
      vertex   -5.490874e-02 -2.418741e-02 -1.071429e-01
      vertex   -5.624518e-02 -2.089210e-02 -3.571429e-02
      vertex   -5.490874e-02 -2.418741e-02 -3.571429e-02
    endloop
  endfacet
  facet normal 9.027978e-01 4.300652e-01 -0.000000e+00
    outer loop
      vertex   -5.490874e-02 -2.418741e-02 -1.071429e-01
      vertex   -5.490874e-02 -2.418741e-02 -3.571429e-02
      vertex   -5.337943e-02 -2.739775e-02 -1.071429e-01
    endloop
  endfacet
  facet normal 9.027978e-01 4.300652e-01 -0.000000e+00
    outer loop
      vertex   -5.337943e-02 -2.739775e-02 -1.071429e-01
      vertex   -5.490874e-02 -2.418741e-02 -3.571429e-02
      vertex   -5.337943e-02 -2.739775e-02 -3.571429e-02
    endloop
  endfacet
  facet normal 8.757349e-01 4.827922e-01 -0.000000e+00
    outer loop
      vertex   -5.337943e-02 -2.739775e-02 -1.071429e-01
      vertex   -5.337943e-02 -2.739775e-02 -3.571429e-02
      vertex   -5.166262e-02 -3.051187e-02 -1.071429e-01
    endloop
  endfacet
  facet normal 8.757349e-01 4.827922e-01 -2.345031e-17
    outer loop
      vertex   -5.166262e-02 -3.051187e-02 -1.071429e-01
      vertex   -5.337943e-02 -2.739775e-02 -3.571429e-02
      vertex   -5.166262e-02 -3.051187e-02 -3.571429e-02
    endloop
  endfacet
  facet normal 8.455960e-01 5.338234e-01 -2.592901e-17
    outer loop
      vertex   -5.166262e-02 -3.051187e-02 -1.071429e-01
      vertex   -5.166262e-02 -3.051187e-02 -3.571429e-02
      vertex   -4.976434e-02 -3.351881e-02 -1.071429e-01
    endloop
  endfacet
  facet normal 8.455960e-01 5.338234e-01 -0.000000e+00
    outer loop
      vertex   -4.976434e-02 -3.351881e-02 -1.071429e-01
      vertex   -5.166262e-02 -3.051187e-02 -3.571429e-02
      vertex   -4.976434e-02 -3.351881e-02 -3.571429e-02
    endloop
  endfacet
  facet normal 8.124869e-01 5.829795e-01 -0.000000e+00
    outer loop
      vertex   -4.976434e-02 -3.351881e-02 -1.071429e-01
      vertex   -4.976434e-02 -3.351881e-02 -3.571429e-02
      vertex   -4.769127e-02 -3.640801e-02 -1.071429e-01
    endloop
  endfacet
  facet normal 8.124869e-01 5.829795e-01 -1.132665e-16
    outer loop
      vertex   -4.769127e-02 -3.640801e-02 -1.071429e-01
      vertex   -4.976434e-02 -3.351881e-02 -3.571429e-02
      vertex   -4.769127e-02 -3.640801e-02 -3.571429e-02
    endloop
  endfacet
  facet normal 7.765239e-01 6.300878e-01 -1.224192e-16
    outer loop
      vertex   -4.769127e-02 -3.640801e-02 -1.071429e-01
      vertex   -4.769127e-02 -3.640801e-02 -3.571429e-02
      vertex   -4.545067e-02 -3.916933e-02 -1.071429e-01
    endloop
  endfacet
  facet normal 7.765239e-01 6.300878e-01 -6.120958e-17
    outer loop
      vertex   -4.545067e-02 -3.916933e-02 -1.071429e-01
      vertex   -4.769127e-02 -3.640801e-02 -3.571429e-02
      vertex   -4.545067e-02 -3.916933e-02 -3.571429e-02
    endloop
  endfacet
  facet normal 7.378333e-01 6.749830e-01 -6.557090e-17
    outer loop
      vertex   -4.545067e-02 -3.916933e-02 -1.071429e-01
      vertex   -4.545067e-02 -3.916933e-02 -3.571429e-02
      vertex   -4.305044e-02 -4.179306e-02 -1.071429e-01
    endloop
  endfacet
  facet normal 7.378333e-01 6.749830e-01 -0.000000e+00
    outer loop
      vertex   -4.305044e-02 -4.179306e-02 -1.071429e-01
      vertex   -4.545067e-02 -3.916933e-02 -3.571429e-02
      vertex   -4.305044e-02 -4.179306e-02 -3.571429e-02
    endloop
  endfacet
  facet normal 6.965510e-01 7.175073e-01 -0.000000e+00
    outer loop
      vertex   -4.305044e-02 -4.179306e-02 -1.071429e-01
      vertex   -4.305044e-02 -4.179306e-02 -3.571429e-02
      vertex   -4.049898e-02 -4.427000e-02 -1.071429e-01
    endloop
  endfacet
  facet normal 6.965510e-01 7.175073e-01 1.353322e-16
    outer loop
      vertex   -4.049898e-02 -4.427000e-02 -1.071429e-01
      vertex   -4.305044e-02 -4.179306e-02 -3.571429e-02
      vertex   -4.049898e-02 -4.427000e-02 -3.571429e-02
    endloop
  endfacet
  facet normal 6.528221e-01 7.575112e-01 1.268362e-16
    outer loop
      vertex   -4.049898e-02 -4.427000e-02 -1.071429e-01
      vertex   -4.049898e-02 -4.427000e-02 -3.571429e-02
      vertex   -3.780527e-02 -4.659143e-02 -1.071429e-01
    endloop
  endfacet
  facet normal 6.528221e-01 7.575112e-01 1.268362e-16
    outer loop
      vertex   -3.780527e-02 -4.659143e-02 -1.071429e-01
      vertex   -4.049898e-02 -4.427000e-02 -3.571429e-02
      vertex   -3.780527e-02 -4.659143e-02 -3.571429e-02
    endloop
  endfacet
  facet normal 6.068001e-01 7.948544e-01 1.178946e-16
    outer loop
      vertex   -3.780527e-02 -4.659143e-02 -1.071429e-01
      vertex   -3.780527e-02 -4.659143e-02 -3.571429e-02
      vertex   -3.497877e-02 -4.874921e-02 -1.071429e-01
    endloop
  endfacet
  facet normal 6.068001e-01 7.948544e-01 -7.721575e-17
    outer loop
      vertex   -3.497877e-02 -4.874921e-02 -1.071429e-01
      vertex   -3.780527e-02 -4.659143e-02 -3.571429e-02
      vertex   -3.497877e-02 -4.874921e-02 -3.571429e-02
    endloop
  endfacet
  facet normal 5.586468e-01 8.294057e-01 -8.057221e-17
    outer loop
      vertex   -3.497877e-02 -4.874921e-02 -1.071429e-01
      vertex   -3.497877e-02 -4.874921e-02 -3.571429e-02
      vertex   -3.202940e-02 -5.073576e-02 -1.071429e-01
    endloop
  endfacet
  facet normal 5.586468e-01 8.294057e-01 -0.000000e+00
    outer loop
      vertex   -3.202940e-02 -5.073576e-02 -1.071429e-01
      vertex   -3.497877e-02 -4.874921e-02 -3.571429e-02
      vertex   -3.202940e-02 -5.073576e-02 -3.571429e-02
    endloop
  endfacet
  facet normal 5.085311e-01 8.610436e-01 -0.000000e+00
    outer loop
      vertex   -3.202940e-02 -5.073576e-02 -1.071429e-01
      vertex   -3.202940e-02 -5.073576e-02 -3.571429e-02
      vertex   -2.896753e-02 -5.254410e-02 -1.071429e-01
    endloop
  endfacet
  facet normal 5.085311e-01 8.610436e-01 -0.000000e+00
    outer loop
      vertex   -2.896753e-02 -5.254410e-02 -1.071429e-01
      vertex   -3.202940e-02 -5.073576e-02 -3.571429e-02
      vertex   -2.896753e-02 -5.254410e-02 -3.571429e-02
    endloop
  endfacet
  facet normal 4.566292e-01 8.896571e-01 -0.000000e+00
    outer loop
      vertex   -2.896753e-02 -5.254410e-02 -1.071429e-01
      vertex   -2.896753e-02 -5.254410e-02 -3.571429e-02
      vertex   -2.580391e-02 -5.416787e-02 -1.071429e-01
    endloop
  endfacet
  facet normal 4.566292e-01 8.896571e-01 -0.000000e+00
    outer loop
      vertex   -2.580391e-02 -5.416787e-02 -1.071429e-01
      vertex   -2.896753e-02 -5.254410e-02 -3.571429e-02
      vertex   -2.580391e-02 -5.416787e-02 -3.571429e-02
    endloop
  endfacet
  facet normal 4.031234e-01 9.151456e-01 -0.000000e+00
    outer loop
      vertex   -2.580391e-02 -5.416787e-02 -1.071429e-01
      vertex   -2.580391e-02 -5.416787e-02 -3.571429e-02
      vertex   -2.254965e-02 -5.560138e-02 -1.071429e-01
    endloop
  endfacet
  facet normal 4.031234e-01 9.151456e-01 -0.000000e+00
    outer loop
      vertex   -2.254965e-02 -5.560138e-02 -1.071429e-01
      vertex   -2.580391e-02 -5.416787e-02 -3.571429e-02
      vertex   -2.254965e-02 -5.560138e-02 -3.571429e-02
    endloop
  endfacet
  facet normal 3.482016e-01 9.374197e-01 -0.000000e+00
    outer loop
      vertex   -2.254965e-02 -5.560138e-02 -1.071429e-01
      vertex   -2.254965e-02 -5.560138e-02 -3.571429e-02
      vertex   -1.921619e-02 -5.683958e-02 -1.071429e-01
    endloop
  endfacet
  facet normal 3.482016e-01 9.374197e-01 6.765176e-17
    outer loop
      vertex   -1.921619e-02 -5.683958e-02 -1.071429e-01
      vertex   -2.254965e-02 -5.560138e-02 -3.571429e-02
      vertex   -1.921619e-02 -5.683958e-02 -3.571429e-02
    endloop
  endfacet
  facet normal 2.920568e-01 9.564010e-01 5.674343e-17
    outer loop
      vertex   -1.921619e-02 -5.683958e-02 -1.071429e-01
      vertex   -1.921619e-02 -5.683958e-02 -3.571429e-02
      vertex   -1.581523e-02 -5.787813e-02 -1.071429e-01
    endloop
  endfacet
  facet normal 2.920568e-01 9.564010e-01 -0.000000e+00
    outer loop
      vertex   -1.581523e-02 -5.787813e-02 -1.071429e-01
      vertex   -1.921619e-02 -5.683958e-02 -3.571429e-02
      vertex   -1.581523e-02 -5.787813e-02 -3.571429e-02
    endloop
  endfacet
  facet normal 2.348860e-01 9.720229e-01 -0.000000e+00
    outer loop
      vertex   -1.581523e-02 -5.787813e-02 -1.071429e-01
      vertex   -1.581523e-02 -5.787813e-02 -3.571429e-02
      vertex   -1.235872e-02 -5.871339e-02 -1.071429e-01
    endloop
  endfacet
  facet normal 2.348860e-01 9.720229e-01 -0.000000e+00
    outer loop
      vertex   -1.235872e-02 -5.871339e-02 -1.071429e-01
      vertex   -1.581523e-02 -5.787813e-02 -3.571429e-02
      vertex   -1.235872e-02 -5.871339e-02 -3.571429e-02
    endloop
  endfacet
  facet normal 1.768903e-01 9.842306e-01 -0.000000e+00
    outer loop
      vertex   -1.235872e-02 -5.871339e-02 -1.071429e-01
      vertex   -1.235872e-02 -5.871339e-02 -3.571429e-02
      vertex   -8.858794e-03 -5.934241e-02 -1.071429e-01
    endloop
  endfacet
  facet normal 1.768903e-01 9.842306e-01 -0.000000e+00
    outer loop
      vertex   -8.858794e-03 -5.934241e-02 -1.071429e-01
      vertex   -1.235872e-02 -5.871339e-02 -3.571429e-02
      vertex   -8.858794e-03 -5.934241e-02 -3.571429e-02
    endloop
  endfacet
  facet normal 1.182732e-01 9.929811e-01 -0.000000e+00
    outer loop
      vertex   -8.858794e-03 -5.934241e-02 -1.071429e-01
      vertex   -8.858794e-03 -5.934241e-02 -3.571429e-02
      vertex   -5.327754e-03 -5.976299e-02 -1.071429e-01
    endloop
  endfacet
  facet normal 1.182732e-01 9.929811e-01 -0.000000e+00
    outer loop
      vertex   -5.327754e-03 -5.976299e-02 -1.071429e-01
      vertex   -8.858794e-03 -5.934241e-02 -3.571429e-02
      vertex   -5.327754e-03 -5.976299e-02 -3.571429e-02
    endloop
  endfacet
  facet normal 5.924063e-02 9.982437e-01 -0.000000e+00
    outer loop
      vertex   -5.327754e-03 -5.976299e-02 -1.071429e-01
      vertex   -5.327754e-03 -5.976299e-02 -3.571429e-02
      vertex   -1.778000e-03 -5.997365e-02 -1.071429e-01
    endloop
  endfacet
  facet normal 5.924063e-02 9.982437e-01 -0.000000e+00
    outer loop
      vertex   -1.778000e-03 -5.997365e-02 -1.071429e-01
      vertex   -5.327754e-03 -5.976299e-02 -3.571429e-02
      vertex   -1.778000e-03 -5.997365e-02 -3.571429e-02
    endloop
  endfacet
  facet normal 0.000000e+00 1.000000e+00 0.000000e+00
    outer loop
      vertex   -1.778000e-03 -5.997365e-02 -1.071429e-01
      vertex   -1.778000e-03 -5.997365e-02 -3.571429e-02
      vertex   1.778000e-03 -5.997365e-02 -1.071429e-01
    endloop
  endfacet
  facet normal 0.000000e+00 1.000000e+00 -0.000000e+00
    outer loop
      vertex   1.778000e-03 -5.997365e-02 -1.071429e-01
      vertex   -1.778000e-03 -5.997365e-02 -3.571429e-02
      vertex   1.778000e-03 -5.997365e-02 -3.571429e-02
    endloop
  endfacet
  facet normal -5.924063e-02 9.982437e-01 0.000000e+00
    outer loop
      vertex   1.778000e-03 -5.997365e-02 -1.071429e-01
      vertex   1.778000e-03 -5.997365e-02 -3.571429e-02
      vertex   5.327754e-03 -5.976299e-02 -1.071429e-01
    endloop
  endfacet
  facet normal -5.924063e-02 9.982437e-01 0.000000e+00
    outer loop
      vertex   5.327754e-03 -5.976299e-02 -1.071429e-01
      vertex   1.778000e-03 -5.997365e-02 -3.571429e-02
      vertex   5.327754e-03 -5.976299e-02 -3.571429e-02
    endloop
  endfacet
  facet normal -1.182732e-01 9.929811e-01 0.000000e+00
    outer loop
      vertex   5.327754e-03 -5.976299e-02 -1.071429e-01
      vertex   5.327754e-03 -5.976299e-02 -3.571429e-02
      vertex   8.858794e-03 -5.934241e-02 -1.071429e-01
    endloop
  endfacet
  facet normal -1.182732e-01 9.929811e-01 0.000000e+00
    outer loop
      vertex   8.858794e-03 -5.934241e-02 -1.071429e-01
      vertex   5.327754e-03 -5.976299e-02 -3.571429e-02
      vertex   8.858794e-03 -5.934241e-02 -3.571429e-02
    endloop
  endfacet
  facet normal -1.768903e-01 9.842306e-01 0.000000e+00
    outer loop
      vertex   8.858794e-03 -5.934241e-02 -1.071429e-01
      vertex   8.858794e-03 -5.934241e-02 -3.571429e-02
      vertex   1.235872e-02 -5.871339e-02 -1.071429e-01
    endloop
  endfacet
  facet normal -1.768903e-01 9.842306e-01 0.000000e+00
    outer loop
      vertex   1.235872e-02 -5.871339e-02 -1.071429e-01
      vertex   8.858794e-03 -5.934241e-02 -3.571429e-02
      vertex   1.235872e-02 -5.871339e-02 -3.571429e-02
    endloop
  endfacet
  facet normal -2.348860e-01 9.720229e-01 0.000000e+00
    outer loop
      vertex   1.235872e-02 -5.871339e-02 -1.071429e-01
      vertex   1.235872e-02 -5.871339e-02 -3.571429e-02
      vertex   1.581523e-02 -5.787813e-02 -1.071429e-01
    endloop
  endfacet
  facet normal -2.348860e-01 9.720229e-01 -3.422684e-17
    outer loop
      vertex   1.581523e-02 -5.787813e-02 -1.071429e-01
      vertex   1.235872e-02 -5.871339e-02 -3.571429e-02
      vertex   1.581523e-02 -5.787813e-02 -3.571429e-02
    endloop
  endfacet
  facet normal -2.920568e-01 9.564010e-01 -4.255757e-17
    outer loop
      vertex   1.581523e-02 -5.787813e-02 -1.071429e-01
      vertex   1.581523e-02 -5.787813e-02 -3.571429e-02
      vertex   1.921619e-02 -5.683958e-02 -1.071429e-01
    endloop
  endfacet
  facet normal -2.920568e-01 9.564010e-01 0.000000e+00
    outer loop
      vertex   1.921619e-02 -5.683958e-02 -1.071429e-01
      vertex   1.581523e-02 -5.787813e-02 -3.571429e-02
      vertex   1.921619e-02 -5.683958e-02 -3.571429e-02
    endloop
  endfacet
  facet normal -3.482016e-01 9.374197e-01 0.000000e+00
    outer loop
      vertex   1.921619e-02 -5.683958e-02 -1.071429e-01
      vertex   1.921619e-02 -5.683958e-02 -3.571429e-02
      vertex   2.254965e-02 -5.560138e-02 -1.071429e-01
    endloop
  endfacet
  facet normal -3.482016e-01 9.374197e-01 0.000000e+00
    outer loop
      vertex   2.254965e-02 -5.560138e-02 -1.071429e-01
      vertex   1.921619e-02 -5.683958e-02 -3.571429e-02
      vertex   2.254965e-02 -5.560138e-02 -3.571429e-02
    endloop
  endfacet
  facet normal -4.031234e-01 9.151456e-01 0.000000e+00
    outer loop
      vertex   2.254965e-02 -5.560138e-02 -1.071429e-01
      vertex   2.254965e-02 -5.560138e-02 -3.571429e-02
      vertex   2.580391e-02 -5.416787e-02 -1.071429e-01
    endloop
  endfacet
  facet normal -4.031234e-01 9.151456e-01 0.000000e+00
    outer loop
      vertex   2.580391e-02 -5.416787e-02 -1.071429e-01
      vertex   2.254965e-02 -5.560138e-02 -3.571429e-02
      vertex   2.580391e-02 -5.416787e-02 -3.571429e-02
    endloop
  endfacet
  facet normal -4.566292e-01 8.896571e-01 0.000000e+00
    outer loop
      vertex   2.580391e-02 -5.416787e-02 -1.071429e-01
      vertex   2.580391e-02 -5.416787e-02 -3.571429e-02
      vertex   2.896753e-02 -5.254410e-02 -1.071429e-01
    endloop
  endfacet
  facet normal -4.566292e-01 8.896571e-01 0.000000e+00
    outer loop
      vertex   2.896753e-02 -5.254410e-02 -1.071429e-01
      vertex   2.580391e-02 -5.416787e-02 -3.571429e-02
      vertex   2.896753e-02 -5.254410e-02 -3.571429e-02
    endloop
  endfacet
  facet normal -5.085311e-01 8.610436e-01 0.000000e+00
    outer loop
      vertex   2.896753e-02 -5.254410e-02 -1.071429e-01
      vertex   2.896753e-02 -5.254410e-02 -3.571429e-02
      vertex   3.202940e-02 -5.073576e-02 -1.071429e-01
    endloop
  endfacet
  facet normal -5.085311e-01 8.610436e-01 0.000000e+00
    outer loop
      vertex   3.202940e-02 -5.073576e-02 -1.071429e-01
      vertex   2.896753e-02 -5.254410e-02 -3.571429e-02
      vertex   3.202940e-02 -5.073576e-02 -3.571429e-02
    endloop
  endfacet
  facet normal -5.586468e-01 8.294057e-01 0.000000e+00
    outer loop
      vertex   3.202940e-02 -5.073576e-02 -1.071429e-01
      vertex   3.202940e-02 -5.073576e-02 -3.571429e-02
      vertex   3.497877e-02 -4.874921e-02 -1.071429e-01
    endloop
  endfacet
  facet normal -5.586468e-01 8.294057e-01 0.000000e+00
    outer loop
      vertex   3.497877e-02 -4.874921e-02 -1.071429e-01
      vertex   3.202940e-02 -5.073576e-02 -3.571429e-02
      vertex   3.497877e-02 -4.874921e-02 -3.571429e-02
    endloop
  endfacet
  facet normal -6.068001e-01 7.948544e-01 0.000000e+00
    outer loop
      vertex   3.497877e-02 -4.874921e-02 -1.071429e-01
      vertex   3.497877e-02 -4.874921e-02 -3.571429e-02
      vertex   3.780527e-02 -4.659143e-02 -1.071429e-01
    endloop
  endfacet
  facet normal -6.068001e-01 7.948544e-01 0.000000e+00
    outer loop
      vertex   3.780527e-02 -4.659143e-02 -1.071429e-01
      vertex   3.497877e-02 -4.874921e-02 -3.571429e-02
      vertex   3.780527e-02 -4.659143e-02 -3.571429e-02
    endloop
  endfacet
  facet normal -6.528221e-01 7.575112e-01 0.000000e+00
    outer loop
      vertex   3.780527e-02 -4.659143e-02 -1.071429e-01
      vertex   3.780527e-02 -4.659143e-02 -3.571429e-02
      vertex   4.049898e-02 -4.427000e-02 -1.071429e-01
    endloop
  endfacet
  facet normal -6.528221e-01 7.575112e-01 0.000000e+00
    outer loop
      vertex   4.049898e-02 -4.427000e-02 -1.071429e-01
      vertex   3.780527e-02 -4.659143e-02 -3.571429e-02
      vertex   4.049898e-02 -4.427000e-02 -3.571429e-02
    endloop
  endfacet
  facet normal -6.965510e-01 7.175073e-01 0.000000e+00
    outer loop
      vertex   4.049898e-02 -4.427000e-02 -1.071429e-01
      vertex   4.049898e-02 -4.427000e-02 -3.571429e-02
      vertex   4.305044e-02 -4.179306e-02 -1.071429e-01
    endloop
  endfacet
  facet normal -6.965510e-01 7.175073e-01 0.000000e+00
    outer loop
      vertex   4.305044e-02 -4.179306e-02 -1.071429e-01
      vertex   4.049898e-02 -4.427000e-02 -3.571429e-02
      vertex   4.305044e-02 -4.179306e-02 -3.571429e-02
    endloop
  endfacet
  facet normal -7.378333e-01 6.749830e-01 0.000000e+00
    outer loop
      vertex   4.305044e-02 -4.179306e-02 -1.071429e-01
      vertex   4.305044e-02 -4.179306e-02 -3.571429e-02
      vertex   4.545067e-02 -3.916933e-02 -1.071429e-01
    endloop
  endfacet
  facet normal -7.378333e-01 6.749830e-01 0.000000e+00
    outer loop
      vertex   4.545067e-02 -3.916933e-02 -1.071429e-01
      vertex   4.305044e-02 -4.179306e-02 -3.571429e-02
      vertex   4.545067e-02 -3.916933e-02 -3.571429e-02
    endloop
  endfacet
  facet normal -7.765239e-01 6.300878e-01 0.000000e+00
    outer loop
      vertex   4.545067e-02 -3.916933e-02 -1.071429e-01
      vertex   4.545067e-02 -3.916933e-02 -3.571429e-02
      vertex   4.769127e-02 -3.640801e-02 -1.071429e-01
    endloop
  endfacet
  facet normal -7.765239e-01 6.300878e-01 0.000000e+00
    outer loop
      vertex   4.769127e-02 -3.640801e-02 -1.071429e-01
      vertex   4.545067e-02 -3.916933e-02 -3.571429e-02
      vertex   4.769127e-02 -3.640801e-02 -3.571429e-02
    endloop
  endfacet
  facet normal -8.124869e-01 5.829795e-01 0.000000e+00
    outer loop
      vertex   4.769127e-02 -3.640801e-02 -1.071429e-01
      vertex   4.769127e-02 -3.640801e-02 -3.571429e-02
      vertex   4.976434e-02 -3.351881e-02 -1.071429e-01
    endloop
  endfacet
  facet normal -8.124869e-01 5.829795e-01 0.000000e+00
    outer loop
      vertex   4.976434e-02 -3.351881e-02 -1.071429e-01
      vertex   4.769127e-02 -3.640801e-02 -3.571429e-02
      vertex   4.976434e-02 -3.351881e-02 -3.571429e-02
    endloop
  endfacet
  facet normal -8.455960e-01 5.338234e-01 0.000000e+00
    outer loop
      vertex   4.976434e-02 -3.351881e-02 -1.071429e-01
      vertex   4.976434e-02 -3.351881e-02 -3.571429e-02
      vertex   5.166262e-02 -3.051187e-02 -1.071429e-01
    endloop
  endfacet
  facet normal -8.455960e-01 5.338234e-01 0.000000e+00
    outer loop
      vertex   5.166262e-02 -3.051187e-02 -1.071429e-01
      vertex   4.976434e-02 -3.351881e-02 -3.571429e-02
      vertex   5.166262e-02 -3.051187e-02 -3.571429e-02
    endloop
  endfacet
  facet normal -8.757349e-01 4.827922e-01 0.000000e+00
    outer loop
      vertex   5.166262e-02 -3.051187e-02 -1.071429e-01
      vertex   5.166262e-02 -3.051187e-02 -3.571429e-02
      vertex   5.337943e-02 -2.739775e-02 -1.071429e-01
    endloop
  endfacet
  facet normal -8.757349e-01 4.827922e-01 0.000000e+00
    outer loop
      vertex   5.337943e-02 -2.739775e-02 -1.071429e-01
      vertex   5.166262e-02 -3.051187e-02 -3.571429e-02
      vertex   5.337943e-02 -2.739775e-02 -3.571429e-02
    endloop
  endfacet
  facet normal -9.027978e-01 4.300652e-01 0.000000e+00
    outer loop
      vertex   5.337943e-02 -2.739775e-02 -1.071429e-01
      vertex   5.337943e-02 -2.739775e-02 -3.571429e-02
      vertex   5.490874e-02 -2.418741e-02 -1.071429e-01
    endloop
  endfacet
  facet normal -9.027978e-01 4.300652e-01 0.000000e+00
    outer loop
      vertex   5.490874e-02 -2.418741e-02 -1.071429e-01
      vertex   5.337943e-02 -2.739775e-02 -3.571429e-02
      vertex   5.490874e-02 -2.418741e-02 -3.571429e-02
    endloop
  endfacet
  facet normal -9.266896e-01 3.758276e-01 0.000000e+00
    outer loop
      vertex   5.490874e-02 -2.418741e-02 -1.071429e-01
      vertex   5.490874e-02 -2.418741e-02 -3.571429e-02
      vertex   5.624518e-02 -2.089210e-02 -1.071429e-01
    endloop
  endfacet
  facet normal -9.266896e-01 3.758276e-01 0.000000e+00
    outer loop
      vertex   5.624518e-02 -2.089210e-02 -1.071429e-01
      vertex   5.490874e-02 -2.418741e-02 -3.571429e-02
      vertex   5.624518e-02 -2.089210e-02 -3.571429e-02
    endloop
  endfacet
  facet normal -9.473264e-01 3.202699e-01 0.000000e+00
    outer loop
      vertex   5.624518e-02 -2.089210e-02 -1.071429e-01
      vertex   5.624518e-02 -2.089210e-02 -3.571429e-02
      vertex   5.738406e-02 -1.752341e-02 -1.071429e-01
    endloop
  endfacet
  facet normal -9.473264e-01 3.202699e-01 0.000000e+00
    outer loop
      vertex   5.738406e-02 -1.752341e-02 -1.071429e-01
      vertex   5.624518e-02 -2.089210e-02 -3.571429e-02
      vertex   5.738406e-02 -1.752341e-02 -3.571429e-02
    endloop
  endfacet
  facet normal -9.646356e-01 2.635872e-01 0.000000e+00
    outer loop
      vertex   5.738406e-02 -1.752341e-02 -1.071429e-01
      vertex   5.738406e-02 -1.752341e-02 -3.571429e-02
      vertex   5.832137e-02 -1.409316e-02 -1.071429e-01
    endloop
  endfacet
  facet normal -9.646356e-01 2.635872e-01 0.000000e+00
    outer loop
      vertex   5.832137e-02 -1.409316e-02 -1.071429e-01
      vertex   5.738406e-02 -1.752341e-02 -3.571429e-02
      vertex   5.832137e-02 -1.409316e-02 -3.571429e-02
    endloop
  endfacet
  facet normal -9.785565e-01 2.059786e-01 0.000000e+00
    outer loop
      vertex   5.832137e-02 -1.409316e-02 -1.071429e-01
      vertex   5.832137e-02 -1.409316e-02 -3.571429e-02
      vertex   5.905383e-02 -1.061342e-02 -1.071429e-01
    endloop
  endfacet
  facet normal -9.785565e-01 2.059786e-01 0.000000e+00
    outer loop
      vertex   5.905383e-02 -1.061342e-02 -1.071429e-01
      vertex   5.832137e-02 -1.409316e-02 -3.571429e-02
      vertex   5.905383e-02 -1.061342e-02 -3.571429e-02
    endloop
  endfacet
  facet normal -9.890402e-01 1.476466e-01 0.000000e+00
    outer loop
      vertex   5.905383e-02 -1.061342e-02 -1.071429e-01
      vertex   5.905383e-02 -1.061342e-02 -3.571429e-02
      vertex   5.957887e-02 -7.096390e-03 -1.071429e-01
    endloop
  endfacet
  facet normal -9.890402e-01 1.476466e-01 0.000000e+00
    outer loop
      vertex   5.957887e-02 -7.096390e-03 -1.071429e-01
      vertex   5.905383e-02 -1.061342e-02 -3.571429e-02
      vertex   5.957887e-02 -7.096390e-03 -3.571429e-02
    endloop
  endfacet
  facet normal -9.960498e-01 8.879590e-02 0.000000e+00
    outer loop
      vertex   5.957887e-02 -7.096390e-03 -1.071429e-01
      vertex   5.957887e-02 -7.096390e-03 -3.571429e-02
      vertex   5.989462e-02 -3.554438e-03 -1.071429e-01
    endloop
  endfacet
  facet normal -9.960498e-01 8.879590e-02 0.000000e+00
    outer loop
      vertex   5.989462e-02 -3.554438e-03 -1.071429e-01
      vertex   5.957887e-02 -7.096390e-03 -3.571429e-02
      vertex   5.989462e-02 -3.554438e-03 -3.571429e-02
    endloop
  endfacet
  facet normal -9.995608e-01 2.963333e-02 0.000000e+00
    outer loop
      vertex   5.989462e-02 -3.554438e-03 -1.071429e-01
      vertex   5.989462e-02 -3.554438e-03 -3.571429e-02
      vertex   6.000000e-02 7.347881e-18 -1.071429e-01
    endloop
  endfacet
  facet normal -9.995608e-01 2.963333e-02 0.000000e+00
    outer loop
      vertex   6.000000e-02 7.347881e-18 -1.071429e-01
      vertex   5.989462e-02 -3.554438e-03 -3.571429e-02
      vertex   6.000000e-02 7.347881e-18 -3.571429e-02
    endloop
  endfacet
  facet normal -9.995608e-01 -2.963333e-02 0.000000e+00
    outer loop
      vertex   6.000000e-02 7.347881e-18 -3.571429e-02
      vertex   6.000000e-02 7.347881e-18 3.571429e-02
      vertex   5.989462e-02 3.554438e-03 -3.571429e-02
    endloop
  endfacet
  facet normal -9.995608e-01 -2.963333e-02 0.000000e+00
    outer loop
      vertex   5.989462e-02 3.554438e-03 -3.571429e-02
      vertex   6.000000e-02 7.347881e-18 3.571429e-02
      vertex   5.989462e-02 3.554438e-03 3.571429e-02
    endloop
  endfacet
  facet normal -9.960498e-01 -8.879590e-02 0.000000e+00
    outer loop
      vertex   5.989462e-02 3.554438e-03 -3.571429e-02
      vertex   5.989462e-02 3.554438e-03 3.571429e-02
      vertex   5.957887e-02 7.096390e-03 -3.571429e-02
    endloop
  endfacet
  facet normal -9.960498e-01 -8.879590e-02 0.000000e+00
    outer loop
      vertex   5.957887e-02 7.096390e-03 -3.571429e-02
      vertex   5.989462e-02 3.554438e-03 3.571429e-02
      vertex   5.957887e-02 7.096390e-03 3.571429e-02
    endloop
  endfacet
  facet normal -9.890402e-01 -1.476466e-01 0.000000e+00
    outer loop
      vertex   5.957887e-02 7.096390e-03 -3.571429e-02
      vertex   5.957887e-02 7.096390e-03 3.571429e-02
      vertex   5.905383e-02 1.061342e-02 -3.571429e-02
    endloop
  endfacet
  facet normal -9.890402e-01 -1.476466e-01 0.000000e+00
    outer loop
      vertex   5.905383e-02 1.061342e-02 -3.571429e-02
      vertex   5.957887e-02 7.096390e-03 3.571429e-02
      vertex   5.905383e-02 1.061342e-02 3.571429e-02
    endloop
  endfacet
  facet normal -9.785565e-01 -2.059786e-01 0.000000e+00
    outer loop
      vertex   5.905383e-02 1.061342e-02 -3.571429e-02
      vertex   5.905383e-02 1.061342e-02 3.571429e-02
      vertex   5.832137e-02 1.409316e-02 -3.571429e-02
    endloop
  endfacet
  facet normal -9.785565e-01 -2.059786e-01 0.000000e+00
    outer loop
      vertex   5.832137e-02 1.409316e-02 -3.571429e-02
      vertex   5.905383e-02 1.061342e-02 3.571429e-02
      vertex   5.832137e-02 1.409316e-02 3.571429e-02
    endloop
  endfacet
  facet normal -9.646356e-01 -2.635872e-01 0.000000e+00
    outer loop
      vertex   5.832137e-02 1.409316e-02 -3.571429e-02
      vertex   5.832137e-02 1.409316e-02 3.571429e-02
      vertex   5.738406e-02 1.752341e-02 -3.571429e-02
    endloop
  endfacet
  facet normal -9.646356e-01 -2.635872e-01 0.000000e+00
    outer loop
      vertex   5.738406e-02 1.752341e-02 -3.571429e-02
      vertex   5.832137e-02 1.409316e-02 3.571429e-02
      vertex   5.738406e-02 1.752341e-02 3.571429e-02
    endloop
  endfacet
  facet normal -9.473264e-01 -3.202699e-01 0.000000e+00
    outer loop
      vertex   5.738406e-02 1.752341e-02 -3.571429e-02
      vertex   5.738406e-02 1.752341e-02 3.571429e-02
      vertex   5.624518e-02 2.089210e-02 -3.571429e-02
    endloop
  endfacet
  facet normal -9.473264e-01 -3.202699e-01 0.000000e+00
    outer loop
      vertex   5.624518e-02 2.089210e-02 -3.571429e-02
      vertex   5.738406e-02 1.752341e-02 3.571429e-02
      vertex   5.624518e-02 2.089210e-02 3.571429e-02
    endloop
  endfacet
  facet normal -9.266896e-01 -3.758276e-01 0.000000e+00
    outer loop
      vertex   5.624518e-02 2.089210e-02 -3.571429e-02
      vertex   5.624518e-02 2.089210e-02 3.571429e-02
      vertex   5.490874e-02 2.418741e-02 -3.571429e-02
    endloop
  endfacet
  facet normal -9.266896e-01 -3.758276e-01 0.000000e+00
    outer loop
      vertex   5.490874e-02 2.418741e-02 -3.571429e-02
      vertex   5.624518e-02 2.089210e-02 3.571429e-02
      vertex   5.490874e-02 2.418741e-02 3.571429e-02
    endloop
  endfacet
  facet normal -9.027978e-01 -4.300652e-01 0.000000e+00
    outer loop
      vertex   5.490874e-02 2.418741e-02 -3.571429e-02
      vertex   5.490874e-02 2.418741e-02 3.571429e-02
      vertex   5.337943e-02 2.739775e-02 -3.571429e-02
    endloop
  endfacet
  facet normal -9.027978e-01 -4.300652e-01 0.000000e+00
    outer loop
      vertex   5.337943e-02 2.739775e-02 -3.571429e-02
      vertex   5.490874e-02 2.418741e-02 3.571429e-02
      vertex   5.337943e-02 2.739775e-02 3.571429e-02
    endloop
  endfacet
  facet normal -8.757349e-01 -4.827922e-01 0.000000e+00
    outer loop
      vertex   5.337943e-02 2.739775e-02 -3.571429e-02
      vertex   5.337943e-02 2.739775e-02 3.571429e-02
      vertex   5.166262e-02 3.051187e-02 -3.571429e-02
    endloop
  endfacet
  facet normal -8.757349e-01 -4.827922e-01 0.000000e+00
    outer loop
      vertex   5.166262e-02 3.051187e-02 -3.571429e-02
      vertex   5.337943e-02 2.739775e-02 3.571429e-02
      vertex   5.166262e-02 3.051187e-02 3.571429e-02
    endloop
  endfacet
  facet normal -8.455960e-01 -5.338234e-01 0.000000e+00
    outer loop
      vertex   5.166262e-02 3.051187e-02 -3.571429e-02
      vertex   5.166262e-02 3.051187e-02 3.571429e-02
      vertex   4.976434e-02 3.351881e-02 -3.571429e-02
    endloop
  endfacet
  facet normal -8.455960e-01 -5.338234e-01 0.000000e+00
    outer loop
      vertex   4.976434e-02 3.351881e-02 -3.571429e-02
      vertex   5.166262e-02 3.051187e-02 3.571429e-02
      vertex   4.976434e-02 3.351881e-02 3.571429e-02
    endloop
  endfacet
  facet normal -8.124869e-01 -5.829795e-01 0.000000e+00
    outer loop
      vertex   4.976434e-02 3.351881e-02 -3.571429e-02
      vertex   4.976434e-02 3.351881e-02 3.571429e-02
      vertex   4.769127e-02 3.640801e-02 -3.571429e-02
    endloop
  endfacet
  facet normal -8.124869e-01 -5.829795e-01 0.000000e+00
    outer loop
      vertex   4.769127e-02 3.640801e-02 -3.571429e-02
      vertex   4.976434e-02 3.351881e-02 3.571429e-02
      vertex   4.769127e-02 3.640801e-02 3.571429e-02
    endloop
  endfacet
  facet normal -7.765239e-01 -6.300878e-01 0.000000e+00
    outer loop
      vertex   4.769127e-02 3.640801e-02 -3.571429e-02
      vertex   4.769127e-02 3.640801e-02 3.571429e-02
      vertex   4.545067e-02 3.916933e-02 -3.571429e-02
    endloop
  endfacet
  facet normal -7.765239e-01 -6.300878e-01 0.000000e+00
    outer loop
      vertex   4.545067e-02 3.916933e-02 -3.571429e-02
      vertex   4.769127e-02 3.640801e-02 3.571429e-02
      vertex   4.545067e-02 3.916933e-02 3.571429e-02
    endloop
  endfacet
  facet normal -7.378333e-01 -6.749830e-01 0.000000e+00
    outer loop
      vertex   4.545067e-02 3.916933e-02 -3.571429e-02
      vertex   4.545067e-02 3.916933e-02 3.571429e-02
      vertex   4.305044e-02 4.179306e-02 -3.571429e-02
    endloop
  endfacet
  facet normal -7.378333e-01 -6.749830e-01 0.000000e+00
    outer loop
      vertex   4.305044e-02 4.179306e-02 -3.571429e-02
      vertex   4.545067e-02 3.916933e-02 3.571429e-02
      vertex   4.305044e-02 4.179306e-02 3.571429e-02
    endloop
  endfacet
  facet normal -6.965510e-01 -7.175073e-01 0.000000e+00
    outer loop
      vertex   4.305044e-02 4.179306e-02 -3.571429e-02
      vertex   4.305044e-02 4.179306e-02 3.571429e-02
      vertex   4.049898e-02 4.427000e-02 -3.571429e-02
    endloop
  endfacet
  facet normal -6.965510e-01 -7.175073e-01 0.000000e+00
    outer loop
      vertex   4.049898e-02 4.427000e-02 -3.571429e-02
      vertex   4.305044e-02 4.179306e-02 3.571429e-02
      vertex   4.049898e-02 4.427000e-02 3.571429e-02
    endloop
  endfacet
  facet normal -6.528221e-01 -7.575112e-01 0.000000e+00
    outer loop
      vertex   4.049898e-02 4.427000e-02 -3.571429e-02
      vertex   4.049898e-02 4.427000e-02 3.571429e-02
      vertex   3.780527e-02 4.659143e-02 -3.571429e-02
    endloop
  endfacet
  facet normal -6.528221e-01 -7.575112e-01 0.000000e+00
    outer loop
      vertex   3.780527e-02 4.659143e-02 -3.571429e-02
      vertex   4.049898e-02 4.427000e-02 3.571429e-02
      vertex   3.780527e-02 4.659143e-02 3.571429e-02
    endloop
  endfacet
  facet normal -6.068001e-01 -7.948544e-01 0.000000e+00
    outer loop
      vertex   3.780527e-02 4.659143e-02 -3.571429e-02
      vertex   3.780527e-02 4.659143e-02 3.571429e-02
      vertex   3.497877e-02 4.874921e-02 -3.571429e-02
    endloop
  endfacet
  facet normal -6.068001e-01 -7.948544e-01 0.000000e+00
    outer loop
      vertex   3.497877e-02 4.874921e-02 -3.571429e-02
      vertex   3.780527e-02 4.659143e-02 3.571429e-02
      vertex   3.497877e-02 4.874921e-02 3.571429e-02
    endloop
  endfacet
  facet normal -5.586468e-01 -8.294057e-01 0.000000e+00
    outer loop
      vertex   3.497877e-02 4.874921e-02 -3.571429e-02
      vertex   3.497877e-02 4.874921e-02 3.571429e-02
      vertex   3.202940e-02 5.073576e-02 -3.571429e-02
    endloop
  endfacet
  facet normal -5.586468e-01 -8.294057e-01 0.000000e+00
    outer loop
      vertex   3.202940e-02 5.073576e-02 -3.571429e-02
      vertex   3.497877e-02 4.874921e-02 3.571429e-02
      vertex   3.202940e-02 5.073576e-02 3.571429e-02
    endloop
  endfacet
  facet normal -5.085311e-01 -8.610436e-01 0.000000e+00
    outer loop
      vertex   3.202940e-02 5.073576e-02 -3.571429e-02
      vertex   3.202940e-02 5.073576e-02 3.571429e-02
      vertex   2.896753e-02 5.254410e-02 -3.571429e-02
    endloop
  endfacet
  facet normal -5.085311e-01 -8.610436e-01 0.000000e+00
    outer loop
      vertex   2.896753e-02 5.254410e-02 -3.571429e-02
      vertex   3.202940e-02 5.073576e-02 3.571429e-02
      vertex   2.896753e-02 5.254410e-02 3.571429e-02
    endloop
  endfacet
  facet normal -4.566292e-01 -8.896571e-01 0.000000e+00
    outer loop
      vertex   2.896753e-02 5.254410e-02 -3.571429e-02
      vertex   2.896753e-02 5.254410e-02 3.571429e-02
      vertex   2.580391e-02 5.416787e-02 -3.571429e-02
    endloop
  endfacet
  facet normal -4.566292e-01 -8.896571e-01 0.000000e+00
    outer loop
      vertex   2.580391e-02 5.416787e-02 -3.571429e-02
      vertex   2.896753e-02 5.254410e-02 3.571429e-02
      vertex   2.580391e-02 5.416787e-02 3.571429e-02
    endloop
  endfacet
  facet normal -4.031234e-01 -9.151456e-01 0.000000e+00
    outer loop
      vertex   2.580391e-02 5.416787e-02 -3.571429e-02
      vertex   2.580391e-02 5.416787e-02 3.571429e-02
      vertex   2.254965e-02 5.560138e-02 -3.571429e-02
    endloop
  endfacet
  facet normal -4.031234e-01 -9.151456e-01 0.000000e+00
    outer loop
      vertex   2.254965e-02 5.560138e-02 -3.571429e-02
      vertex   2.580391e-02 5.416787e-02 3.571429e-02
      vertex   2.254965e-02 5.560138e-02 3.571429e-02
    endloop
  endfacet
  facet normal -3.482016e-01 -9.374197e-01 0.000000e+00
    outer loop
      vertex   2.254965e-02 5.560138e-02 -3.571429e-02
      vertex   2.254965e-02 5.560138e-02 3.571429e-02
      vertex   1.921619e-02 5.683958e-02 -3.571429e-02
    endloop
  endfacet
  facet normal -3.482016e-01 -9.374197e-01 0.000000e+00
    outer loop
      vertex   1.921619e-02 5.683958e-02 -3.571429e-02
      vertex   2.254965e-02 5.560138e-02 3.571429e-02
      vertex   1.921619e-02 5.683958e-02 3.571429e-02
    endloop
  endfacet
  facet normal -2.920568e-01 -9.564010e-01 0.000000e+00
    outer loop
      vertex   1.921619e-02 5.683958e-02 -3.571429e-02
      vertex   1.921619e-02 5.683958e-02 3.571429e-02
      vertex   1.581523e-02 5.787813e-02 -3.571429e-02
    endloop
  endfacet
  facet normal -2.920568e-01 -9.564010e-01 0.000000e+00
    outer loop
      vertex   1.581523e-02 5.787813e-02 -3.571429e-02
      vertex   1.921619e-02 5.683958e-02 3.571429e-02
      vertex   1.581523e-02 5.787813e-02 3.571429e-02
    endloop
  endfacet
  facet normal -2.348860e-01 -9.720229e-01 0.000000e+00
    outer loop
      vertex   1.581523e-02 5.787813e-02 -3.571429e-02
      vertex   1.581523e-02 5.787813e-02 3.571429e-02
      vertex   1.235872e-02 5.871339e-02 -3.571429e-02
    endloop
  endfacet
  facet normal -2.348860e-01 -9.720229e-01 0.000000e+00
    outer loop
      vertex   1.235872e-02 5.871339e-02 -3.571429e-02
      vertex   1.581523e-02 5.787813e-02 3.571429e-02
      vertex   1.235872e-02 5.871339e-02 3.571429e-02
    endloop
  endfacet
  facet normal -1.768903e-01 -9.842306e-01 0.000000e+00
    outer loop
      vertex   1.235872e-02 5.871339e-02 -3.571429e-02
      vertex   1.235872e-02 5.871339e-02 3.571429e-02
      vertex   8.858794e-03 5.934241e-02 -3.571429e-02
    endloop
  endfacet
  facet normal -1.768903e-01 -9.842306e-01 0.000000e+00
    outer loop
      vertex   8.858794e-03 5.934241e-02 -3.571429e-02
      vertex   1.235872e-02 5.871339e-02 3.571429e-02
      vertex   8.858794e-03 5.934241e-02 3.571429e-02
    endloop
  endfacet
  facet normal -1.182732e-01 -9.929811e-01 0.000000e+00
    outer loop
      vertex   8.858794e-03 5.934241e-02 -3.571429e-02
      vertex   8.858794e-03 5.934241e-02 3.571429e-02
      vertex   5.327754e-03 5.976299e-02 -3.571429e-02
    endloop
  endfacet
  facet normal -1.182732e-01 -9.929811e-01 0.000000e+00
    outer loop
      vertex   5.327754e-03 5.976299e-02 -3.571429e-02
      vertex   8.858794e-03 5.934241e-02 3.571429e-02
      vertex   5.327754e-03 5.976299e-02 3.571429e-02
    endloop
  endfacet
  facet normal -5.924063e-02 -9.982437e-01 0.000000e+00
    outer loop
      vertex   5.327754e-03 5.976299e-02 -3.571429e-02
      vertex   5.327754e-03 5.976299e-02 3.571429e-02
      vertex   1.778000e-03 5.997365e-02 -3.571429e-02
    endloop
  endfacet
  facet normal -5.924063e-02 -9.982437e-01 0.000000e+00
    outer loop
      vertex   1.778000e-03 5.997365e-02 -3.571429e-02
      vertex   5.327754e-03 5.976299e-02 3.571429e-02
      vertex   1.778000e-03 5.997365e-02 3.571429e-02
    endloop
  endfacet
  facet normal 0.000000e+00 -1.000000e+00 0.000000e+00
    outer loop
      vertex   1.778000e-03 5.997365e-02 -3.571429e-02
      vertex   1.778000e-03 5.997365e-02 3.571429e-02
      vertex   -1.778000e-03 5.997365e-02 -3.571429e-02
    endloop
  endfacet
  facet normal 0.000000e+00 -1.000000e+00 0.000000e+00
    outer loop
      vertex   -1.778000e-03 5.997365e-02 -3.571429e-02
      vertex   1.778000e-03 5.997365e-02 3.571429e-02
      vertex   -1.778000e-03 5.997365e-02 3.571429e-02
    endloop
  endfacet
  facet normal 5.924063e-02 -9.982437e-01 0.000000e+00
    outer loop
      vertex   -1.778000e-03 5.997365e-02 -3.571429e-02
      vertex   -1.778000e-03 5.997365e-02 3.571429e-02
      vertex   -5.327754e-03 5.976299e-02 -3.571429e-02
    endloop
  endfacet
  facet normal 5.924063e-02 -9.982437e-01 0.000000e+00
    outer loop
      vertex   -5.327754e-03 5.976299e-02 -3.571429e-02
      vertex   -1.778000e-03 5.997365e-02 3.571429e-02
      vertex   -5.327754e-03 5.976299e-02 3.571429e-02
    endloop
  endfacet
  facet normal 1.182732e-01 -9.929811e-01 0.000000e+00
    outer loop
      vertex   -5.327754e-03 5.976299e-02 -3.571429e-02
      vertex   -5.327754e-03 5.976299e-02 3.571429e-02
      vertex   -8.858794e-03 5.934241e-02 -3.571429e-02
    endloop
  endfacet
  facet normal 1.182732e-01 -9.929811e-01 0.000000e+00
    outer loop
      vertex   -8.858794e-03 5.934241e-02 -3.571429e-02
      vertex   -5.327754e-03 5.976299e-02 3.571429e-02
      vertex   -8.858794e-03 5.934241e-02 3.571429e-02
    endloop
  endfacet
  facet normal 1.768903e-01 -9.842306e-01 0.000000e+00
    outer loop
      vertex   -8.858794e-03 5.934241e-02 -3.571429e-02
      vertex   -8.858794e-03 5.934241e-02 3.571429e-02
      vertex   -1.235872e-02 5.871339e-02 -3.571429e-02
    endloop
  endfacet
  facet normal 1.768903e-01 -9.842306e-01 0.000000e+00
    outer loop
      vertex   -1.235872e-02 5.871339e-02 -3.571429e-02
      vertex   -8.858794e-03 5.934241e-02 3.571429e-02
      vertex   -1.235872e-02 5.871339e-02 3.571429e-02
    endloop
  endfacet
  facet normal 2.348860e-01 -9.720229e-01 0.000000e+00
    outer loop
      vertex   -1.235872e-02 5.871339e-02 -3.571429e-02
      vertex   -1.235872e-02 5.871339e-02 3.571429e-02
      vertex   -1.581523e-02 5.787813e-02 -3.571429e-02
    endloop
  endfacet
  facet normal 2.348860e-01 -9.720229e-01 0.000000e+00
    outer loop
      vertex   -1.581523e-02 5.787813e-02 -3.571429e-02
      vertex   -1.235872e-02 5.871339e-02 3.571429e-02
      vertex   -1.581523e-02 5.787813e-02 3.571429e-02
    endloop
  endfacet
  facet normal 2.920568e-01 -9.564010e-01 0.000000e+00
    outer loop
      vertex   -1.581523e-02 5.787813e-02 -3.571429e-02
      vertex   -1.581523e-02 5.787813e-02 3.571429e-02
      vertex   -1.921619e-02 5.683958e-02 -3.571429e-02
    endloop
  endfacet
  facet normal 2.920568e-01 -9.564010e-01 0.000000e+00
    outer loop
      vertex   -1.921619e-02 5.683958e-02 -3.571429e-02
      vertex   -1.581523e-02 5.787813e-02 3.571429e-02
      vertex   -1.921619e-02 5.683958e-02 3.571429e-02
    endloop
  endfacet
  facet normal 3.482016e-01 -9.374197e-01 0.000000e+00
    outer loop
      vertex   -1.921619e-02 5.683958e-02 -3.571429e-02
      vertex   -1.921619e-02 5.683958e-02 3.571429e-02
      vertex   -2.254965e-02 5.560138e-02 -3.571429e-02
    endloop
  endfacet
  facet normal 3.482016e-01 -9.374197e-01 0.000000e+00
    outer loop
      vertex   -2.254965e-02 5.560138e-02 -3.571429e-02
      vertex   -1.921619e-02 5.683958e-02 3.571429e-02
      vertex   -2.254965e-02 5.560138e-02 3.571429e-02
    endloop
  endfacet
  facet normal 4.031234e-01 -9.151456e-01 0.000000e+00
    outer loop
      vertex   -2.254965e-02 5.560138e-02 -3.571429e-02
      vertex   -2.254965e-02 5.560138e-02 3.571429e-02
      vertex   -2.580391e-02 5.416787e-02 -3.571429e-02
    endloop
  endfacet
  facet normal 4.031234e-01 -9.151456e-01 0.000000e+00
    outer loop
      vertex   -2.580391e-02 5.416787e-02 -3.571429e-02
      vertex   -2.254965e-02 5.560138e-02 3.571429e-02
      vertex   -2.580391e-02 5.416787e-02 3.571429e-02
    endloop
  endfacet
  facet normal 4.566292e-01 -8.896571e-01 0.000000e+00
    outer loop
      vertex   -2.580391e-02 5.416787e-02 -3.571429e-02
      vertex   -2.580391e-02 5.416787e-02 3.571429e-02
      vertex   -2.896753e-02 5.254410e-02 -3.571429e-02
    endloop
  endfacet
  facet normal 4.566292e-01 -8.896571e-01 0.000000e+00
    outer loop
      vertex   -2.896753e-02 5.254410e-02 -3.571429e-02
      vertex   -2.580391e-02 5.416787e-02 3.571429e-02
      vertex   -2.896753e-02 5.254410e-02 3.571429e-02
    endloop
  endfacet
  facet normal 5.085311e-01 -8.610436e-01 0.000000e+00
    outer loop
      vertex   -2.896753e-02 5.254410e-02 -3.571429e-02
      vertex   -2.896753e-02 5.254410e-02 3.571429e-02
      vertex   -3.202940e-02 5.073576e-02 -3.571429e-02
    endloop
  endfacet
  facet normal 5.085311e-01 -8.610436e-01 0.000000e+00
    outer loop
      vertex   -3.202940e-02 5.073576e-02 -3.571429e-02
      vertex   -2.896753e-02 5.254410e-02 3.571429e-02
      vertex   -3.202940e-02 5.073576e-02 3.571429e-02
    endloop
  endfacet
  facet normal 5.586468e-01 -8.294057e-01 0.000000e+00
    outer loop
      vertex   -3.202940e-02 5.073576e-02 -3.571429e-02
      vertex   -3.202940e-02 5.073576e-02 3.571429e-02
      vertex   -3.497877e-02 4.874921e-02 -3.571429e-02
    endloop
  endfacet
  facet normal 5.586468e-01 -8.294057e-01 0.000000e+00
    outer loop
      vertex   -3.497877e-02 4.874921e-02 -3.571429e-02
      vertex   -3.202940e-02 5.073576e-02 3.571429e-02
      vertex   -3.497877e-02 4.874921e-02 3.571429e-02
    endloop
  endfacet
  facet normal 6.068001e-01 -7.948544e-01 0.000000e+00
    outer loop
      vertex   -3.497877e-02 4.874921e-02 -3.571429e-02
      vertex   -3.497877e-02 4.874921e-02 3.571429e-02
      vertex   -3.780527e-02 4.659143e-02 -3.571429e-02
    endloop
  endfacet
  facet normal 6.068001e-01 -7.948544e-01 0.000000e+00
    outer loop
      vertex   -3.780527e-02 4.659143e-02 -3.571429e-02
      vertex   -3.497877e-02 4.874921e-02 3.571429e-02
      vertex   -3.780527e-02 4.659143e-02 3.571429e-02
    endloop
  endfacet
  facet normal 6.528221e-01 -7.575112e-01 0.000000e+00
    outer loop
      vertex   -3.780527e-02 4.659143e-02 -3.571429e-02
      vertex   -3.780527e-02 4.659143e-02 3.571429e-02
      vertex   -4.049898e-02 4.427000e-02 -3.571429e-02
    endloop
  endfacet
  facet normal 6.528221e-01 -7.575112e-01 -6.341809e-17
    outer loop
      vertex   -4.049898e-02 4.427000e-02 -3.571429e-02
      vertex   -3.780527e-02 4.659143e-02 3.571429e-02
      vertex   -4.049898e-02 4.427000e-02 3.571429e-02
    endloop
  endfacet
  facet normal 6.965510e-01 -7.175073e-01 -6.766611e-17
    outer loop
      vertex   -4.049898e-02 4.427000e-02 -3.571429e-02
      vertex   -4.049898e-02 4.427000e-02 3.571429e-02
      vertex   -4.305044e-02 4.179306e-02 -3.571429e-02
    endloop
  endfacet
  facet normal 6.965510e-01 -7.175073e-01 0.000000e+00
    outer loop
      vertex   -4.305044e-02 4.179306e-02 -3.571429e-02
      vertex   -4.049898e-02 4.427000e-02 3.571429e-02
      vertex   -4.305044e-02 4.179306e-02 3.571429e-02
    endloop
  endfacet
  facet normal 7.378333e-01 -6.749830e-01 0.000000e+00
    outer loop
      vertex   -4.305044e-02 4.179306e-02 -3.571429e-02
      vertex   -4.305044e-02 4.179306e-02 3.571429e-02
      vertex   -4.545067e-02 3.916933e-02 -3.571429e-02
    endloop
  endfacet
  facet normal 7.378333e-01 -6.749830e-01 0.000000e+00
    outer loop
      vertex   -4.545067e-02 3.916933e-02 -3.571429e-02
      vertex   -4.305044e-02 4.179306e-02 3.571429e-02
      vertex   -4.545067e-02 3.916933e-02 3.571429e-02
    endloop
  endfacet
  facet normal 7.765239e-01 -6.300878e-01 0.000000e+00
    outer loop
      vertex   -4.545067e-02 3.916933e-02 -3.571429e-02
      vertex   -4.545067e-02 3.916933e-02 3.571429e-02
      vertex   -4.769127e-02 3.640801e-02 -3.571429e-02
    endloop
  endfacet
  facet normal 7.765239e-01 -6.300878e-01 0.000000e+00
    outer loop
      vertex   -4.769127e-02 3.640801e-02 -3.571429e-02
      vertex   -4.545067e-02 3.916933e-02 3.571429e-02
      vertex   -4.769127e-02 3.640801e-02 3.571429e-02
    endloop
  endfacet
  facet normal 8.124869e-01 -5.829795e-01 0.000000e+00
    outer loop
      vertex   -4.769127e-02 3.640801e-02 -3.571429e-02
      vertex   -4.769127e-02 3.640801e-02 3.571429e-02
      vertex   -4.976434e-02 3.351881e-02 -3.571429e-02
    endloop
  endfacet
  facet normal 8.124869e-01 -5.829795e-01 0.000000e+00
    outer loop
      vertex   -4.976434e-02 3.351881e-02 -3.571429e-02
      vertex   -4.769127e-02 3.640801e-02 3.571429e-02
      vertex   -4.976434e-02 3.351881e-02 3.571429e-02
    endloop
  endfacet
  facet normal 8.455960e-01 -5.338234e-01 0.000000e+00
    outer loop
      vertex   -4.976434e-02 3.351881e-02 -3.571429e-02
      vertex   -4.976434e-02 3.351881e-02 3.571429e-02
      vertex   -5.166262e-02 3.051187e-02 -3.571429e-02
    endloop
  endfacet
  facet normal 8.455960e-01 -5.338234e-01 2.592901e-17
    outer loop
      vertex   -5.166262e-02 3.051187e-02 -3.571429e-02
      vertex   -4.976434e-02 3.351881e-02 3.571429e-02
      vertex   -5.166262e-02 3.051187e-02 3.571429e-02
    endloop
  endfacet
  facet normal 8.757349e-01 -4.827922e-01 2.345031e-17
    outer loop
      vertex   -5.166262e-02 3.051187e-02 -3.571429e-02
      vertex   -5.166262e-02 3.051187e-02 3.571429e-02
      vertex   -5.337943e-02 2.739775e-02 -3.571429e-02
    endloop
  endfacet
  facet normal 8.757349e-01 -4.827922e-01 0.000000e+00
    outer loop
      vertex   -5.337943e-02 2.739775e-02 -3.571429e-02
      vertex   -5.166262e-02 3.051187e-02 3.571429e-02
      vertex   -5.337943e-02 2.739775e-02 3.571429e-02
    endloop
  endfacet
  facet normal 9.027978e-01 -4.300652e-01 0.000000e+00
    outer loop
      vertex   -5.337943e-02 2.739775e-02 -3.571429e-02
      vertex   -5.337943e-02 2.739775e-02 3.571429e-02
      vertex   -5.490874e-02 2.418741e-02 -3.571429e-02
    endloop
  endfacet
  facet normal 9.027978e-01 -4.300652e-01 0.000000e+00
    outer loop
      vertex   -5.490874e-02 2.418741e-02 -3.571429e-02
      vertex   -5.337943e-02 2.739775e-02 3.571429e-02
      vertex   -5.490874e-02 2.418741e-02 3.571429e-02
    endloop
  endfacet
  facet normal 9.266896e-01 -3.758276e-01 0.000000e+00
    outer loop
      vertex   -5.490874e-02 2.418741e-02 -3.571429e-02
      vertex   -5.490874e-02 2.418741e-02 3.571429e-02
      vertex   -5.624518e-02 2.089210e-02 -3.571429e-02
    endloop
  endfacet
  facet normal 9.266896e-01 -3.758276e-01 0.000000e+00
    outer loop
      vertex   -5.624518e-02 2.089210e-02 -3.571429e-02
      vertex   -5.490874e-02 2.418741e-02 3.571429e-02
      vertex   -5.624518e-02 2.089210e-02 3.571429e-02
    endloop
  endfacet
  facet normal 9.473264e-01 -3.202699e-01 0.000000e+00
    outer loop
      vertex   -5.624518e-02 2.089210e-02 -3.571429e-02
      vertex   -5.624518e-02 2.089210e-02 3.571429e-02
      vertex   -5.738406e-02 1.752341e-02 -3.571429e-02
    endloop
  endfacet
  facet normal 9.473264e-01 -3.202699e-01 0.000000e+00
    outer loop
      vertex   -5.738406e-02 1.752341e-02 -3.571429e-02
      vertex   -5.624518e-02 2.089210e-02 3.571429e-02
      vertex   -5.738406e-02 1.752341e-02 3.571429e-02
    endloop
  endfacet
  facet normal 9.646356e-01 -2.635872e-01 0.000000e+00
    outer loop
      vertex   -5.738406e-02 1.752341e-02 -3.571429e-02
      vertex   -5.738406e-02 1.752341e-02 3.571429e-02
      vertex   -5.832137e-02 1.409316e-02 -3.571429e-02
    endloop
  endfacet
  facet normal 9.646356e-01 -2.635872e-01 1.280302e-17
    outer loop
      vertex   -5.832137e-02 1.409316e-02 -3.571429e-02
      vertex   -5.738406e-02 1.752341e-02 3.571429e-02
      vertex   -5.832137e-02 1.409316e-02 3.571429e-02
    endloop
  endfacet
  facet normal 9.785565e-01 -2.059786e-01 1.000485e-17
    outer loop
      vertex   -5.832137e-02 1.409316e-02 -3.571429e-02
      vertex   -5.832137e-02 1.409316e-02 3.571429e-02
      vertex   -5.905383e-02 1.061342e-02 -3.571429e-02
    endloop
  endfacet
  facet normal 9.785565e-01 -2.059786e-01 0.000000e+00
    outer loop
      vertex   -5.905383e-02 1.061342e-02 -3.571429e-02
      vertex   -5.832137e-02 1.409316e-02 3.571429e-02
      vertex   -5.905383e-02 1.061342e-02 3.571429e-02
    endloop
  endfacet
  facet normal 9.890402e-01 -1.476466e-01 0.000000e+00
    outer loop
      vertex   -5.905383e-02 1.061342e-02 -3.571429e-02
      vertex   -5.905383e-02 1.061342e-02 3.571429e-02
      vertex   -5.957887e-02 7.096390e-03 -3.571429e-02
    endloop
  endfacet
  facet normal 9.890402e-01 -1.476466e-01 8.964409e-18
    outer loop
      vertex   -5.957887e-02 7.096390e-03 -3.571429e-02
      vertex   -5.905383e-02 1.061342e-02 3.571429e-02
      vertex   -5.957887e-02 7.096390e-03 3.571429e-02
    endloop
  endfacet
  facet normal 9.960498e-01 -8.879590e-02 5.391271e-18
    outer loop
      vertex   -5.957887e-02 7.096390e-03 -3.571429e-02
      vertex   -5.957887e-02 7.096390e-03 3.571429e-02
      vertex   -5.989462e-02 3.554438e-03 -3.571429e-02
    endloop
  endfacet
  facet normal 9.960498e-01 -8.879590e-02 4.313017e-18
    outer loop
      vertex   -5.989462e-02 3.554438e-03 -3.571429e-02
      vertex   -5.957887e-02 7.096390e-03 3.571429e-02
      vertex   -5.989462e-02 3.554438e-03 3.571429e-02
    endloop
  endfacet
  facet normal 9.995608e-01 -2.963333e-02 1.439358e-18
    outer loop
      vertex   -5.989462e-02 3.554438e-03 -3.571429e-02
      vertex   -5.989462e-02 3.554438e-03 3.571429e-02
      vertex   -6.000000e-02 0.000000e+00 -3.571429e-02
    endloop
  endfacet
  facet normal 9.995608e-01 -2.963333e-02 0.000000e+00
    outer loop
      vertex   -6.000000e-02 0.000000e+00 -3.571429e-02
      vertex   -5.989462e-02 3.554438e-03 3.571429e-02
      vertex   -6.000000e-02 0.000000e+00 3.571429e-02
    endloop
  endfacet
  facet normal 9.995608e-01 2.963333e-02 -0.000000e+00
    outer loop
      vertex   -6.000000e-02 0.000000e+00 -3.571429e-02
      vertex   -6.000000e-02 0.000000e+00 3.571429e-02
      vertex   -5.989462e-02 -3.554438e-03 -3.571429e-02
    endloop
  endfacet
  facet normal 9.995608e-01 2.963333e-02 -1.619277e-18
    outer loop
      vertex   -5.989462e-02 -3.554438e-03 -3.571429e-02
      vertex   -6.000000e-02 0.000000e+00 3.571429e-02
      vertex   -5.989462e-02 -3.554438e-03 3.571429e-02
    endloop
  endfacet
  facet normal 9.960498e-01 8.879590e-02 -4.852144e-18
    outer loop
      vertex   -5.989462e-02 -3.554438e-03 -3.571429e-02
      vertex   -5.989462e-02 -3.554438e-03 3.571429e-02
      vertex   -5.957887e-02 -7.096390e-03 -3.571429e-02
    endloop
  endfacet
  facet normal 9.960498e-01 8.879590e-02 -5.391271e-18
    outer loop
      vertex   -5.957887e-02 -7.096390e-03 -3.571429e-02
      vertex   -5.989462e-02 -3.554438e-03 3.571429e-02
      vertex   -5.957887e-02 -7.096390e-03 3.571429e-02
    endloop
  endfacet
  facet normal 9.890402e-01 1.476466e-01 -8.964409e-18
    outer loop
      vertex   -5.957887e-02 -7.096390e-03 -3.571429e-02
      vertex   -5.957887e-02 -7.096390e-03 3.571429e-02
      vertex   -5.905383e-02 -1.061342e-02 -3.571429e-02
    endloop
  endfacet
  facet normal 9.890402e-01 1.476466e-01 -0.000000e+00
    outer loop
      vertex   -5.905383e-02 -1.061342e-02 -3.571429e-02
      vertex   -5.957887e-02 -7.096390e-03 3.571429e-02
      vertex   -5.905383e-02 -1.061342e-02 3.571429e-02
    endloop
  endfacet
  facet normal 9.785565e-01 2.059786e-01 -0.000000e+00
    outer loop
      vertex   -5.905383e-02 -1.061342e-02 -3.571429e-02
      vertex   -5.905383e-02 -1.061342e-02 3.571429e-02
      vertex   -5.832137e-02 -1.409316e-02 -3.571429e-02
    endloop
  endfacet
  facet normal 9.785565e-01 2.059786e-01 -5.002423e-18
    outer loop
      vertex   -5.832137e-02 -1.409316e-02 -3.571429e-02
      vertex   -5.905383e-02 -1.061342e-02 3.571429e-02
      vertex   -5.832137e-02 -1.409316e-02 3.571429e-02
    endloop
  endfacet
  facet normal 9.646356e-01 2.635872e-01 -6.401512e-18
    outer loop
      vertex   -5.832137e-02 -1.409316e-02 -3.571429e-02
      vertex   -5.832137e-02 -1.409316e-02 3.571429e-02
      vertex   -5.738406e-02 -1.752341e-02 -3.571429e-02
    endloop
  endfacet
  facet normal 9.646356e-01 2.635872e-01 -0.000000e+00
    outer loop
      vertex   -5.738406e-02 -1.752341e-02 -3.571429e-02
      vertex   -5.832137e-02 -1.409316e-02 3.571429e-02
      vertex   -5.738406e-02 -1.752341e-02 3.571429e-02
    endloop
  endfacet
  facet normal 9.473264e-01 3.202699e-01 -0.000000e+00
    outer loop
      vertex   -5.738406e-02 -1.752341e-02 -3.571429e-02
      vertex   -5.738406e-02 -1.752341e-02 3.571429e-02
      vertex   -5.624518e-02 -2.089210e-02 -3.571429e-02
    endloop
  endfacet
  facet normal 9.473264e-01 3.202699e-01 -1.555623e-17
    outer loop
      vertex   -5.624518e-02 -2.089210e-02 -3.571429e-02
      vertex   -5.738406e-02 -1.752341e-02 3.571429e-02
      vertex   -5.624518e-02 -2.089210e-02 3.571429e-02
    endloop
  endfacet
  facet normal 9.266896e-01 3.758276e-01 -1.825479e-17
    outer loop
      vertex   -5.624518e-02 -2.089210e-02 -3.571429e-02
      vertex   -5.624518e-02 -2.089210e-02 3.571429e-02
      vertex   -5.490874e-02 -2.418741e-02 -3.571429e-02
    endloop
  endfacet
  facet normal 9.266896e-01 3.758276e-01 -1.825479e-17
    outer loop
      vertex   -5.490874e-02 -2.418741e-02 -3.571429e-02
      vertex   -5.624518e-02 -2.089210e-02 3.571429e-02
      vertex   -5.490874e-02 -2.418741e-02 3.571429e-02
    endloop
  endfacet
  facet normal 9.027978e-01 4.300652e-01 -2.088924e-17
    outer loop
      vertex   -5.490874e-02 -2.418741e-02 -3.571429e-02
      vertex   -5.490874e-02 -2.418741e-02 3.571429e-02
      vertex   -5.337943e-02 -2.739775e-02 -3.571429e-02
    endloop
  endfacet
  facet normal 9.027978e-01 4.300652e-01 -0.000000e+00
    outer loop
      vertex   -5.337943e-02 -2.739775e-02 -3.571429e-02
      vertex   -5.490874e-02 -2.418741e-02 3.571429e-02
      vertex   -5.337943e-02 -2.739775e-02 3.571429e-02
    endloop
  endfacet
  facet normal 8.757349e-01 4.827922e-01 -0.000000e+00
    outer loop
      vertex   -5.337943e-02 -2.739775e-02 -3.571429e-02
      vertex   -5.337943e-02 -2.739775e-02 3.571429e-02
      vertex   -5.166262e-02 -3.051187e-02 -3.571429e-02
    endloop
  endfacet
  facet normal 8.757349e-01 4.827922e-01 1.472192e-17
    outer loop
      vertex   -5.166262e-02 -3.051187e-02 -3.571429e-02
      vertex   -5.337943e-02 -2.739775e-02 3.571429e-02
      vertex   -5.166262e-02 -3.051187e-02 3.571429e-02
    endloop
  endfacet
  facet normal 8.455960e-01 5.338234e-01 4.357994e-18
    outer loop
      vertex   -5.166262e-02 -3.051187e-02 -3.571429e-02
      vertex   -5.166262e-02 -3.051187e-02 3.571429e-02
      vertex   -4.976434e-02 -3.351881e-02 -3.571429e-02
    endloop
  endfacet
  facet normal 8.455960e-01 5.338234e-01 -0.000000e+00
    outer loop
      vertex   -4.976434e-02 -3.351881e-02 -3.571429e-02
      vertex   -5.166262e-02 -3.051187e-02 3.571429e-02
      vertex   -4.976434e-02 -3.351881e-02 3.571429e-02
    endloop
  endfacet
  facet normal 8.124869e-01 5.829795e-01 -0.000000e+00
    outer loop
      vertex   -4.976434e-02 -3.351881e-02 -3.571429e-02
      vertex   -4.976434e-02 -3.351881e-02 3.571429e-02
      vertex   -4.769127e-02 -3.640801e-02 -3.571429e-02
    endloop
  endfacet
  facet normal 8.124869e-01 5.829795e-01 -0.000000e+00
    outer loop
      vertex   -4.769127e-02 -3.640801e-02 -3.571429e-02
      vertex   -4.976434e-02 -3.351881e-02 3.571429e-02
      vertex   -4.769127e-02 -3.640801e-02 3.571429e-02
    endloop
  endfacet
  facet normal 7.765239e-01 6.300878e-01 -0.000000e+00
    outer loop
      vertex   -4.769127e-02 -3.640801e-02 -3.571429e-02
      vertex   -4.769127e-02 -3.640801e-02 3.571429e-02
      vertex   -4.545067e-02 -3.916933e-02 -3.571429e-02
    endloop
  endfacet
  facet normal 7.765239e-01 6.300878e-01 -0.000000e+00
    outer loop
      vertex   -4.545067e-02 -3.916933e-02 -3.571429e-02
      vertex   -4.769127e-02 -3.640801e-02 3.571429e-02
      vertex   -4.545067e-02 -3.916933e-02 3.571429e-02
    endloop
  endfacet
  facet normal 7.378333e-01 6.749830e-01 -0.000000e+00
    outer loop
      vertex   -4.545067e-02 -3.916933e-02 -3.571429e-02
      vertex   -4.545067e-02 -3.916933e-02 3.571429e-02
      vertex   -4.305044e-02 -4.179306e-02 -3.571429e-02
    endloop
  endfacet
  facet normal 7.378333e-01 6.749830e-01 -0.000000e+00
    outer loop
      vertex   -4.305044e-02 -4.179306e-02 -3.571429e-02
      vertex   -4.545067e-02 -3.916933e-02 3.571429e-02
      vertex   -4.305044e-02 -4.179306e-02 3.571429e-02
    endloop
  endfacet
  facet normal 6.965510e-01 7.175073e-01 -0.000000e+00
    outer loop
      vertex   -4.305044e-02 -4.179306e-02 -3.571429e-02
      vertex   -4.305044e-02 -4.179306e-02 3.571429e-02
      vertex   -4.049898e-02 -4.427000e-02 -3.571429e-02
    endloop
  endfacet
  facet normal 6.965510e-01 7.175073e-01 -0.000000e+00
    outer loop
      vertex   -4.049898e-02 -4.427000e-02 -3.571429e-02
      vertex   -4.305044e-02 -4.179306e-02 3.571429e-02
      vertex   -4.049898e-02 -4.427000e-02 3.571429e-02
    endloop
  endfacet
  facet normal 6.528221e-01 7.575112e-01 -0.000000e+00
    outer loop
      vertex   -4.049898e-02 -4.427000e-02 -3.571429e-02
      vertex   -4.049898e-02 -4.427000e-02 3.571429e-02
      vertex   -3.780527e-02 -4.659143e-02 -3.571429e-02
    endloop
  endfacet
  facet normal 6.528221e-01 7.575112e-01 -0.000000e+00
    outer loop
      vertex   -3.780527e-02 -4.659143e-02 -3.571429e-02
      vertex   -4.049898e-02 -4.427000e-02 3.571429e-02
      vertex   -3.780527e-02 -4.659143e-02 3.571429e-02
    endloop
  endfacet
  facet normal 6.068001e-01 7.948544e-01 -0.000000e+00
    outer loop
      vertex   -3.780527e-02 -4.659143e-02 -3.571429e-02
      vertex   -3.780527e-02 -4.659143e-02 3.571429e-02
      vertex   -3.497877e-02 -4.874921e-02 -3.571429e-02
    endloop
  endfacet
  facet normal 6.068001e-01 7.948544e-01 -0.000000e+00
    outer loop
      vertex   -3.497877e-02 -4.874921e-02 -3.571429e-02
      vertex   -3.780527e-02 -4.659143e-02 3.571429e-02
      vertex   -3.497877e-02 -4.874921e-02 3.571429e-02
    endloop
  endfacet
  facet normal 5.586468e-01 8.294057e-01 -0.000000e+00
    outer loop
      vertex   -3.497877e-02 -4.874921e-02 -3.571429e-02
      vertex   -3.497877e-02 -4.874921e-02 3.571429e-02
      vertex   -3.202940e-02 -5.073576e-02 -3.571429e-02
    endloop
  endfacet
  facet normal 5.586468e-01 8.294057e-01 -0.000000e+00
    outer loop
      vertex   -3.202940e-02 -5.073576e-02 -3.571429e-02
      vertex   -3.497877e-02 -4.874921e-02 3.571429e-02
      vertex   -3.202940e-02 -5.073576e-02 3.571429e-02
    endloop
  endfacet
  facet normal 5.085311e-01 8.610436e-01 -0.000000e+00
    outer loop
      vertex   -3.202940e-02 -5.073576e-02 -3.571429e-02
      vertex   -3.202940e-02 -5.073576e-02 3.571429e-02
      vertex   -2.896753e-02 -5.254410e-02 -3.571429e-02
    endloop
  endfacet
  facet normal 5.085311e-01 8.610436e-01 -0.000000e+00
    outer loop
      vertex   -2.896753e-02 -5.254410e-02 -3.571429e-02
      vertex   -3.202940e-02 -5.073576e-02 3.571429e-02
      vertex   -2.896753e-02 -5.254410e-02 3.571429e-02
    endloop
  endfacet
  facet normal 4.566292e-01 8.896571e-01 -0.000000e+00
    outer loop
      vertex   -2.896753e-02 -5.254410e-02 -3.571429e-02
      vertex   -2.896753e-02 -5.254410e-02 3.571429e-02
      vertex   -2.580391e-02 -5.416787e-02 -3.571429e-02
    endloop
  endfacet
  facet normal 4.566292e-01 8.896571e-01 -0.000000e+00
    outer loop
      vertex   -2.580391e-02 -5.416787e-02 -3.571429e-02
      vertex   -2.896753e-02 -5.254410e-02 3.571429e-02
      vertex   -2.580391e-02 -5.416787e-02 3.571429e-02
    endloop
  endfacet
  facet normal 4.031234e-01 9.151456e-01 -0.000000e+00
    outer loop
      vertex   -2.580391e-02 -5.416787e-02 -3.571429e-02
      vertex   -2.580391e-02 -5.416787e-02 3.571429e-02
      vertex   -2.254965e-02 -5.560138e-02 -3.571429e-02
    endloop
  endfacet
  facet normal 4.031234e-01 9.151456e-01 -0.000000e+00
    outer loop
      vertex   -2.254965e-02 -5.560138e-02 -3.571429e-02
      vertex   -2.580391e-02 -5.416787e-02 3.571429e-02
      vertex   -2.254965e-02 -5.560138e-02 3.571429e-02
    endloop
  endfacet
  facet normal 3.482016e-01 9.374197e-01 -0.000000e+00
    outer loop
      vertex   -2.254965e-02 -5.560138e-02 -3.571429e-02
      vertex   -2.254965e-02 -5.560138e-02 3.571429e-02
      vertex   -1.921619e-02 -5.683958e-02 -3.571429e-02
    endloop
  endfacet
  facet normal 3.482016e-01 9.374197e-01 -4.032636e-17
    outer loop
      vertex   -1.921619e-02 -5.683958e-02 -3.571429e-02
      vertex   -2.254965e-02 -5.560138e-02 3.571429e-02
      vertex   -1.921619e-02 -5.683958e-02 3.571429e-02
    endloop
  endfacet
  facet normal 2.920568e-01 9.564010e-01 -5.035154e-17
    outer loop
      vertex   -1.921619e-02 -5.683958e-02 -3.571429e-02
      vertex   -1.921619e-02 -5.683958e-02 3.571429e-02
      vertex   -1.581523e-02 -5.787813e-02 -3.571429e-02
    endloop
  endfacet
  facet normal 2.920568e-01 9.564010e-01 -0.000000e+00
    outer loop
      vertex   -1.581523e-02 -5.787813e-02 -3.571429e-02
      vertex   -1.921619e-02 -5.683958e-02 3.571429e-02
      vertex   -1.581523e-02 -5.787813e-02 3.571429e-02
    endloop
  endfacet
  facet normal 2.348860e-01 9.720229e-01 -0.000000e+00
    outer loop
      vertex   -1.581523e-02 -5.787813e-02 -3.571429e-02
      vertex   -1.581523e-02 -5.787813e-02 3.571429e-02
      vertex   -1.235872e-02 -5.871339e-02 -3.571429e-02
    endloop
  endfacet
  facet normal 2.348860e-01 9.720229e-01 -0.000000e+00
    outer loop
      vertex   -1.235872e-02 -5.871339e-02 -3.571429e-02
      vertex   -1.581523e-02 -5.787813e-02 3.571429e-02
      vertex   -1.235872e-02 -5.871339e-02 3.571429e-02
    endloop
  endfacet
  facet normal 1.768903e-01 9.842306e-01 -0.000000e+00
    outer loop
      vertex   -1.235872e-02 -5.871339e-02 -3.571429e-02
      vertex   -1.235872e-02 -5.871339e-02 3.571429e-02
      vertex   -8.858794e-03 -5.934241e-02 -3.571429e-02
    endloop
  endfacet
  facet normal 1.768903e-01 9.842306e-01 -0.000000e+00
    outer loop
      vertex   -8.858794e-03 -5.934241e-02 -3.571429e-02
      vertex   -1.235872e-02 -5.871339e-02 3.571429e-02
      vertex   -8.858794e-03 -5.934241e-02 3.571429e-02
    endloop
  endfacet
  facet normal 1.182732e-01 9.929811e-01 -0.000000e+00
    outer loop
      vertex   -8.858794e-03 -5.934241e-02 -3.571429e-02
      vertex   -8.858794e-03 -5.934241e-02 3.571429e-02
      vertex   -5.327754e-03 -5.976299e-02 -3.571429e-02
    endloop
  endfacet
  facet normal 1.182732e-01 9.929811e-01 -0.000000e+00
    outer loop
      vertex   -5.327754e-03 -5.976299e-02 -3.571429e-02
      vertex   -8.858794e-03 -5.934241e-02 3.571429e-02
      vertex   -5.327754e-03 -5.976299e-02 3.571429e-02
    endloop
  endfacet
  facet normal 5.924063e-02 9.982437e-01 -0.000000e+00
    outer loop
      vertex   -5.327754e-03 -5.976299e-02 -3.571429e-02
      vertex   -5.327754e-03 -5.976299e-02 3.571429e-02
      vertex   -1.778000e-03 -5.997365e-02 -3.571429e-02
    endloop
  endfacet
  facet normal 5.924063e-02 9.982437e-01 -0.000000e+00
    outer loop
      vertex   -1.778000e-03 -5.997365e-02 -3.571429e-02
      vertex   -5.327754e-03 -5.976299e-02 3.571429e-02
      vertex   -1.778000e-03 -5.997365e-02 3.571429e-02
    endloop
  endfacet
  facet normal 0.000000e+00 1.000000e+00 0.000000e+00
    outer loop
      vertex   -1.778000e-03 -5.997365e-02 -3.571429e-02
      vertex   -1.778000e-03 -5.997365e-02 3.571429e-02
      vertex   1.778000e-03 -5.997365e-02 -3.571429e-02
    endloop
  endfacet
  facet normal 0.000000e+00 1.000000e+00 -0.000000e+00
    outer loop
      vertex   1.778000e-03 -5.997365e-02 -3.571429e-02
      vertex   -1.778000e-03 -5.997365e-02 3.571429e-02
      vertex   1.778000e-03 -5.997365e-02 3.571429e-02
    endloop
  endfacet
  facet normal -5.924063e-02 9.982437e-01 0.000000e+00
    outer loop
      vertex   1.778000e-03 -5.997365e-02 -3.571429e-02
      vertex   1.778000e-03 -5.997365e-02 3.571429e-02
      vertex   5.327754e-03 -5.976299e-02 -3.571429e-02
    endloop
  endfacet
  facet normal -5.924063e-02 9.982437e-01 0.000000e+00
    outer loop
      vertex   5.327754e-03 -5.976299e-02 -3.571429e-02
      vertex   1.778000e-03 -5.997365e-02 3.571429e-02
      vertex   5.327754e-03 -5.976299e-02 3.571429e-02
    endloop
  endfacet
  facet normal -1.182732e-01 9.929811e-01 0.000000e+00
    outer loop
      vertex   5.327754e-03 -5.976299e-02 -3.571429e-02
      vertex   5.327754e-03 -5.976299e-02 3.571429e-02
      vertex   8.858794e-03 -5.934241e-02 -3.571429e-02
    endloop
  endfacet
  facet normal -1.182732e-01 9.929811e-01 0.000000e+00
    outer loop
      vertex   8.858794e-03 -5.934241e-02 -3.571429e-02
      vertex   5.327754e-03 -5.976299e-02 3.571429e-02
      vertex   8.858794e-03 -5.934241e-02 3.571429e-02
    endloop
  endfacet
  facet normal -1.768903e-01 9.842306e-01 0.000000e+00
    outer loop
      vertex   8.858794e-03 -5.934241e-02 -3.571429e-02
      vertex   8.858794e-03 -5.934241e-02 3.571429e-02
      vertex   1.235872e-02 -5.871339e-02 -3.571429e-02
    endloop
  endfacet
  facet normal -1.768903e-01 9.842306e-01 0.000000e+00
    outer loop
      vertex   1.235872e-02 -5.871339e-02 -3.571429e-02
      vertex   8.858794e-03 -5.934241e-02 3.571429e-02
      vertex   1.235872e-02 -5.871339e-02 3.571429e-02
    endloop
  endfacet
  facet normal -2.348860e-01 9.720229e-01 0.000000e+00
    outer loop
      vertex   1.235872e-02 -5.871339e-02 -3.571429e-02
      vertex   1.235872e-02 -5.871339e-02 3.571429e-02
      vertex   1.581523e-02 -5.787813e-02 -3.571429e-02
    endloop
  endfacet
  facet normal -2.348860e-01 9.720229e-01 -4.563578e-17
    outer loop
      vertex   1.581523e-02 -5.787813e-02 -3.571429e-02
      vertex   1.235872e-02 -5.871339e-02 3.571429e-02
      vertex   1.581523e-02 -5.787813e-02 3.571429e-02
    endloop
  endfacet
  facet normal -2.920568e-01 9.564010e-01 -5.674343e-17
    outer loop
      vertex   1.581523e-02 -5.787813e-02 -3.571429e-02
      vertex   1.581523e-02 -5.787813e-02 3.571429e-02
      vertex   1.921619e-02 -5.683958e-02 -3.571429e-02
    endloop
  endfacet
  facet normal -2.920568e-01 9.564010e-01 0.000000e+00
    outer loop
      vertex   1.921619e-02 -5.683958e-02 -3.571429e-02
      vertex   1.581523e-02 -5.787813e-02 3.571429e-02
      vertex   1.921619e-02 -5.683958e-02 3.571429e-02
    endloop
  endfacet
  facet normal -3.482016e-01 9.374197e-01 0.000000e+00
    outer loop
      vertex   1.921619e-02 -5.683958e-02 -3.571429e-02
      vertex   1.921619e-02 -5.683958e-02 3.571429e-02
      vertex   2.254965e-02 -5.560138e-02 -3.571429e-02
    endloop
  endfacet
  facet normal -3.482016e-01 9.374197e-01 0.000000e+00
    outer loop
      vertex   2.254965e-02 -5.560138e-02 -3.571429e-02
      vertex   1.921619e-02 -5.683958e-02 3.571429e-02
      vertex   2.254965e-02 -5.560138e-02 3.571429e-02
    endloop
  endfacet
  facet normal -4.031234e-01 9.151456e-01 0.000000e+00
    outer loop
      vertex   2.254965e-02 -5.560138e-02 -3.571429e-02
      vertex   2.254965e-02 -5.560138e-02 3.571429e-02
      vertex   2.580391e-02 -5.416787e-02 -3.571429e-02
    endloop
  endfacet
  facet normal -4.031234e-01 9.151456e-01 0.000000e+00
    outer loop
      vertex   2.580391e-02 -5.416787e-02 -3.571429e-02
      vertex   2.254965e-02 -5.560138e-02 3.571429e-02
      vertex   2.580391e-02 -5.416787e-02 3.571429e-02
    endloop
  endfacet
  facet normal -4.566292e-01 8.896571e-01 0.000000e+00
    outer loop
      vertex   2.580391e-02 -5.416787e-02 -3.571429e-02
      vertex   2.580391e-02 -5.416787e-02 3.571429e-02
      vertex   2.896753e-02 -5.254410e-02 -3.571429e-02
    endloop
  endfacet
  facet normal -4.566292e-01 8.896571e-01 0.000000e+00
    outer loop
      vertex   2.896753e-02 -5.254410e-02 -3.571429e-02
      vertex   2.580391e-02 -5.416787e-02 3.571429e-02
      vertex   2.896753e-02 -5.254410e-02 3.571429e-02
    endloop
  endfacet
  facet normal -5.085311e-01 8.610436e-01 0.000000e+00
    outer loop
      vertex   2.896753e-02 -5.254410e-02 -3.571429e-02
      vertex   2.896753e-02 -5.254410e-02 3.571429e-02
      vertex   3.202940e-02 -5.073576e-02 -3.571429e-02
    endloop
  endfacet
  facet normal -5.085311e-01 8.610436e-01 0.000000e+00
    outer loop
      vertex   3.202940e-02 -5.073576e-02 -3.571429e-02
      vertex   2.896753e-02 -5.254410e-02 3.571429e-02
      vertex   3.202940e-02 -5.073576e-02 3.571429e-02
    endloop
  endfacet
  facet normal -5.586468e-01 8.294057e-01 0.000000e+00
    outer loop
      vertex   3.202940e-02 -5.073576e-02 -3.571429e-02
      vertex   3.202940e-02 -5.073576e-02 3.571429e-02
      vertex   3.497877e-02 -4.874921e-02 -3.571429e-02
    endloop
  endfacet
  facet normal -5.586468e-01 8.294057e-01 0.000000e+00
    outer loop
      vertex   3.497877e-02 -4.874921e-02 -3.571429e-02
      vertex   3.202940e-02 -5.073576e-02 3.571429e-02
      vertex   3.497877e-02 -4.874921e-02 3.571429e-02
    endloop
  endfacet
  facet normal -6.068001e-01 7.948544e-01 0.000000e+00
    outer loop
      vertex   3.497877e-02 -4.874921e-02 -3.571429e-02
      vertex   3.497877e-02 -4.874921e-02 3.571429e-02
      vertex   3.780527e-02 -4.659143e-02 -3.571429e-02
    endloop
  endfacet
  facet normal -6.068001e-01 7.948544e-01 0.000000e+00
    outer loop
      vertex   3.780527e-02 -4.659143e-02 -3.571429e-02
      vertex   3.497877e-02 -4.874921e-02 3.571429e-02
      vertex   3.780527e-02 -4.659143e-02 3.571429e-02
    endloop
  endfacet
  facet normal -6.528221e-01 7.575112e-01 0.000000e+00
    outer loop
      vertex   3.780527e-02 -4.659143e-02 -3.571429e-02
      vertex   3.780527e-02 -4.659143e-02 3.571429e-02
      vertex   4.049898e-02 -4.427000e-02 -3.571429e-02
    endloop
  endfacet
  facet normal -6.528221e-01 7.575112e-01 0.000000e+00
    outer loop
      vertex   4.049898e-02 -4.427000e-02 -3.571429e-02
      vertex   3.780527e-02 -4.659143e-02 3.571429e-02
      vertex   4.049898e-02 -4.427000e-02 3.571429e-02
    endloop
  endfacet
  facet normal -6.965510e-01 7.175073e-01 0.000000e+00
    outer loop
      vertex   4.049898e-02 -4.427000e-02 -3.571429e-02
      vertex   4.049898e-02 -4.427000e-02 3.571429e-02
      vertex   4.305044e-02 -4.179306e-02 -3.571429e-02
    endloop
  endfacet
  facet normal -6.965510e-01 7.175073e-01 0.000000e+00
    outer loop
      vertex   4.305044e-02 -4.179306e-02 -3.571429e-02
      vertex   4.049898e-02 -4.427000e-02 3.571429e-02
      vertex   4.305044e-02 -4.179306e-02 3.571429e-02
    endloop
  endfacet
  facet normal -7.378333e-01 6.749830e-01 0.000000e+00
    outer loop
      vertex   4.305044e-02 -4.179306e-02 -3.571429e-02
      vertex   4.305044e-02 -4.179306e-02 3.571429e-02
      vertex   4.545067e-02 -3.916933e-02 -3.571429e-02
    endloop
  endfacet
  facet normal -7.378333e-01 6.749830e-01 0.000000e+00
    outer loop
      vertex   4.545067e-02 -3.916933e-02 -3.571429e-02
      vertex   4.305044e-02 -4.179306e-02 3.571429e-02
      vertex   4.545067e-02 -3.916933e-02 3.571429e-02
    endloop
  endfacet
  facet normal -7.765239e-01 6.300878e-01 0.000000e+00
    outer loop
      vertex   4.545067e-02 -3.916933e-02 -3.571429e-02
      vertex   4.545067e-02 -3.916933e-02 3.571429e-02
      vertex   4.769127e-02 -3.640801e-02 -3.571429e-02
    endloop
  endfacet
  facet normal -7.765239e-01 6.300878e-01 0.000000e+00
    outer loop
      vertex   4.769127e-02 -3.640801e-02 -3.571429e-02
      vertex   4.545067e-02 -3.916933e-02 3.571429e-02
      vertex   4.769127e-02 -3.640801e-02 3.571429e-02
    endloop
  endfacet
  facet normal -8.124869e-01 5.829795e-01 0.000000e+00
    outer loop
      vertex   4.769127e-02 -3.640801e-02 -3.571429e-02
      vertex   4.769127e-02 -3.640801e-02 3.571429e-02
      vertex   4.976434e-02 -3.351881e-02 -3.571429e-02
    endloop
  endfacet
  facet normal -8.124869e-01 5.829795e-01 0.000000e+00
    outer loop
      vertex   4.976434e-02 -3.351881e-02 -3.571429e-02
      vertex   4.769127e-02 -3.640801e-02 3.571429e-02
      vertex   4.976434e-02 -3.351881e-02 3.571429e-02
    endloop
  endfacet
  facet normal -8.455960e-01 5.338234e-01 0.000000e+00
    outer loop
      vertex   4.976434e-02 -3.351881e-02 -3.571429e-02
      vertex   4.976434e-02 -3.351881e-02 3.571429e-02
      vertex   5.166262e-02 -3.051187e-02 -3.571429e-02
    endloop
  endfacet
  facet normal -8.455960e-01 5.338234e-01 0.000000e+00
    outer loop
      vertex   5.166262e-02 -3.051187e-02 -3.571429e-02
      vertex   4.976434e-02 -3.351881e-02 3.571429e-02
      vertex   5.166262e-02 -3.051187e-02 3.571429e-02
    endloop
  endfacet
  facet normal -8.757349e-01 4.827922e-01 0.000000e+00
    outer loop
      vertex   5.166262e-02 -3.051187e-02 -3.571429e-02
      vertex   5.166262e-02 -3.051187e-02 3.571429e-02
      vertex   5.337943e-02 -2.739775e-02 -3.571429e-02
    endloop
  endfacet
  facet normal -8.757349e-01 4.827922e-01 0.000000e+00
    outer loop
      vertex   5.337943e-02 -2.739775e-02 -3.571429e-02
      vertex   5.166262e-02 -3.051187e-02 3.571429e-02
      vertex   5.337943e-02 -2.739775e-02 3.571429e-02
    endloop
  endfacet
  facet normal -9.027978e-01 4.300652e-01 0.000000e+00
    outer loop
      vertex   5.337943e-02 -2.739775e-02 -3.571429e-02
      vertex   5.337943e-02 -2.739775e-02 3.571429e-02
      vertex   5.490874e-02 -2.418741e-02 -3.571429e-02
    endloop
  endfacet
  facet normal -9.027978e-01 4.300652e-01 0.000000e+00
    outer loop
      vertex   5.490874e-02 -2.418741e-02 -3.571429e-02
      vertex   5.337943e-02 -2.739775e-02 3.571429e-02
      vertex   5.490874e-02 -2.418741e-02 3.571429e-02
    endloop
  endfacet
  facet normal -9.266896e-01 3.758276e-01 0.000000e+00
    outer loop
      vertex   5.490874e-02 -2.418741e-02 -3.571429e-02
      vertex   5.490874e-02 -2.418741e-02 3.571429e-02
      vertex   5.624518e-02 -2.089210e-02 -3.571429e-02
    endloop
  endfacet
  facet normal -9.266896e-01 3.758276e-01 0.000000e+00
    outer loop
      vertex   5.624518e-02 -2.089210e-02 -3.571429e-02
      vertex   5.490874e-02 -2.418741e-02 3.571429e-02
      vertex   5.624518e-02 -2.089210e-02 3.571429e-02
    endloop
  endfacet
  facet normal -9.473264e-01 3.202699e-01 0.000000e+00
    outer loop
      vertex   5.624518e-02 -2.089210e-02 -3.571429e-02
      vertex   5.624518e-02 -2.089210e-02 3.571429e-02
      vertex   5.738406e-02 -1.752341e-02 -3.571429e-02
    endloop
  endfacet
  facet normal -9.473264e-01 3.202699e-01 0.000000e+00
    outer loop
      vertex   5.738406e-02 -1.752341e-02 -3.571429e-02
      vertex   5.624518e-02 -2.089210e-02 3.571429e-02
      vertex   5.738406e-02 -1.752341e-02 3.571429e-02
    endloop
  endfacet
  facet normal -9.646356e-01 2.635872e-01 0.000000e+00
    outer loop
      vertex   5.738406e-02 -1.752341e-02 -3.571429e-02
      vertex   5.738406e-02 -1.752341e-02 3.571429e-02
      vertex   5.832137e-02 -1.409316e-02 -3.571429e-02
    endloop
  endfacet
  facet normal -9.646356e-01 2.635872e-01 0.000000e+00
    outer loop
      vertex   5.832137e-02 -1.409316e-02 -3.571429e-02
      vertex   5.738406e-02 -1.752341e-02 3.571429e-02
      vertex   5.832137e-02 -1.409316e-02 3.571429e-02
    endloop
  endfacet
  facet normal -9.785565e-01 2.059786e-01 0.000000e+00
    outer loop
      vertex   5.832137e-02 -1.409316e-02 -3.571429e-02
      vertex   5.832137e-02 -1.409316e-02 3.571429e-02
      vertex   5.905383e-02 -1.061342e-02 -3.571429e-02
    endloop
  endfacet
  facet normal -9.785565e-01 2.059786e-01 0.000000e+00
    outer loop
      vertex   5.905383e-02 -1.061342e-02 -3.571429e-02
      vertex   5.832137e-02 -1.409316e-02 3.571429e-02
      vertex   5.905383e-02 -1.061342e-02 3.571429e-02
    endloop
  endfacet
  facet normal -9.890402e-01 1.476466e-01 0.000000e+00
    outer loop
      vertex   5.905383e-02 -1.061342e-02 -3.571429e-02
      vertex   5.905383e-02 -1.061342e-02 3.571429e-02
      vertex   5.957887e-02 -7.096390e-03 -3.571429e-02
    endloop
  endfacet
  facet normal -9.890402e-01 1.476466e-01 0.000000e+00
    outer loop
      vertex   5.957887e-02 -7.096390e-03 -3.571429e-02
      vertex   5.905383e-02 -1.061342e-02 3.571429e-02
      vertex   5.957887e-02 -7.096390e-03 3.571429e-02
    endloop
  endfacet
  facet normal -9.960498e-01 8.879590e-02 0.000000e+00
    outer loop
      vertex   5.957887e-02 -7.096390e-03 -3.571429e-02
      vertex   5.957887e-02 -7.096390e-03 3.571429e-02
      vertex   5.989462e-02 -3.554438e-03 -3.571429e-02
    endloop
  endfacet
  facet normal -9.960498e-01 8.879590e-02 0.000000e+00
    outer loop
      vertex   5.989462e-02 -3.554438e-03 -3.571429e-02
      vertex   5.957887e-02 -7.096390e-03 3.571429e-02
      vertex   5.989462e-02 -3.554438e-03 3.571429e-02
    endloop
  endfacet
  facet normal -9.995608e-01 2.963333e-02 0.000000e+00
    outer loop
      vertex   5.989462e-02 -3.554438e-03 -3.571429e-02
      vertex   5.989462e-02 -3.554438e-03 3.571429e-02
      vertex   6.000000e-02 7.347881e-18 -3.571429e-02
    endloop
  endfacet
  facet normal -9.995608e-01 2.963333e-02 0.000000e+00
    outer loop
      vertex   6.000000e-02 7.347881e-18 -3.571429e-02
      vertex   5.989462e-02 -3.554438e-03 3.571429e-02
      vertex   6.000000e-02 7.347881e-18 3.571429e-02
    endloop
  endfacet
  facet normal -9.995608e-01 -2.963333e-02 0.000000e+00
    outer loop
      vertex   6.000000e-02 7.347881e-18 3.571429e-02
      vertex   6.000000e-02 7.347881e-18 1.071429e-01
      vertex   5.989462e-02 3.554438e-03 3.571429e-02
    endloop
  endfacet
  facet normal -9.995608e-01 -2.963333e-02 0.000000e+00
    outer loop
      vertex   5.989462e-02 3.554438e-03 3.571429e-02
      vertex   6.000000e-02 7.347881e-18 1.071429e-01
      vertex   5.989462e-02 3.554438e-03 1.071429e-01
    endloop
  endfacet
  facet normal -9.960498e-01 -8.879590e-02 0.000000e+00
    outer loop
      vertex   5.989462e-02 3.554438e-03 3.571429e-02
      vertex   5.989462e-02 3.554438e-03 1.071429e-01
      vertex   5.957887e-02 7.096390e-03 3.571429e-02
    endloop
  endfacet
  facet normal -9.960498e-01 -8.879590e-02 0.000000e+00
    outer loop
      vertex   5.957887e-02 7.096390e-03 3.571429e-02
      vertex   5.989462e-02 3.554438e-03 1.071429e-01
      vertex   5.957887e-02 7.096390e-03 1.071429e-01
    endloop
  endfacet
  facet normal -9.890402e-01 -1.476466e-01 0.000000e+00
    outer loop
      vertex   5.957887e-02 7.096390e-03 3.571429e-02
      vertex   5.957887e-02 7.096390e-03 1.071429e-01
      vertex   5.905383e-02 1.061342e-02 3.571429e-02
    endloop
  endfacet
  facet normal -9.890402e-01 -1.476466e-01 0.000000e+00
    outer loop
      vertex   5.905383e-02 1.061342e-02 3.571429e-02
      vertex   5.957887e-02 7.096390e-03 1.071429e-01
      vertex   5.905383e-02 1.061342e-02 1.071429e-01
    endloop
  endfacet
  facet normal -9.785565e-01 -2.059786e-01 0.000000e+00
    outer loop
      vertex   5.905383e-02 1.061342e-02 3.571429e-02
      vertex   5.905383e-02 1.061342e-02 1.071429e-01
      vertex   5.832137e-02 1.409316e-02 3.571429e-02
    endloop
  endfacet
  facet normal -9.785565e-01 -2.059786e-01 0.000000e+00
    outer loop
      vertex   5.832137e-02 1.409316e-02 3.571429e-02
      vertex   5.905383e-02 1.061342e-02 1.071429e-01
      vertex   5.832137e-02 1.409316e-02 1.071429e-01
    endloop
  endfacet
  facet normal -9.646356e-01 -2.635872e-01 0.000000e+00
    outer loop
      vertex   5.832137e-02 1.409316e-02 3.571429e-02
      vertex   5.832137e-02 1.409316e-02 1.071429e-01
      vertex   5.738406e-02 1.752341e-02 3.571429e-02
    endloop
  endfacet
  facet normal -9.646356e-01 -2.635872e-01 0.000000e+00
    outer loop
      vertex   5.738406e-02 1.752341e-02 3.571429e-02
      vertex   5.832137e-02 1.409316e-02 1.071429e-01
      vertex   5.738406e-02 1.752341e-02 1.071429e-01
    endloop
  endfacet
  facet normal -9.473264e-01 -3.202699e-01 0.000000e+00
    outer loop
      vertex   5.738406e-02 1.752341e-02 3.571429e-02
      vertex   5.738406e-02 1.752341e-02 1.071429e-01
      vertex   5.624518e-02 2.089210e-02 3.571429e-02
    endloop
  endfacet
  facet normal -9.473264e-01 -3.202699e-01 0.000000e+00
    outer loop
      vertex   5.624518e-02 2.089210e-02 3.571429e-02
      vertex   5.738406e-02 1.752341e-02 1.071429e-01
      vertex   5.624518e-02 2.089210e-02 1.071429e-01
    endloop
  endfacet
  facet normal -9.266896e-01 -3.758276e-01 0.000000e+00
    outer loop
      vertex   5.624518e-02 2.089210e-02 3.571429e-02
      vertex   5.624518e-02 2.089210e-02 1.071429e-01
      vertex   5.490874e-02 2.418741e-02 3.571429e-02
    endloop
  endfacet
  facet normal -9.266896e-01 -3.758276e-01 0.000000e+00
    outer loop
      vertex   5.490874e-02 2.418741e-02 3.571429e-02
      vertex   5.624518e-02 2.089210e-02 1.071429e-01
      vertex   5.490874e-02 2.418741e-02 1.071429e-01
    endloop
  endfacet
  facet normal -9.027978e-01 -4.300652e-01 0.000000e+00
    outer loop
      vertex   5.490874e-02 2.418741e-02 3.571429e-02
      vertex   5.490874e-02 2.418741e-02 1.071429e-01
      vertex   5.337943e-02 2.739775e-02 3.571429e-02
    endloop
  endfacet
  facet normal -9.027978e-01 -4.300652e-01 0.000000e+00
    outer loop
      vertex   5.337943e-02 2.739775e-02 3.571429e-02
      vertex   5.490874e-02 2.418741e-02 1.071429e-01
      vertex   5.337943e-02 2.739775e-02 1.071429e-01
    endloop
  endfacet
  facet normal -8.757349e-01 -4.827922e-01 0.000000e+00
    outer loop
      vertex   5.337943e-02 2.739775e-02 3.571429e-02
      vertex   5.337943e-02 2.739775e-02 1.071429e-01
      vertex   5.166262e-02 3.051187e-02 3.571429e-02
    endloop
  endfacet
  facet normal -8.757349e-01 -4.827922e-01 1.379670e-16
    outer loop
      vertex   5.166262e-02 3.051187e-02 3.571429e-02
      vertex   5.337943e-02 2.739775e-02 1.071429e-01
      vertex   5.166262e-02 3.051187e-02 1.071429e-01
    endloop
  endfacet
  facet normal -8.455960e-01 -5.338234e-01 1.167900e-16
    outer loop
      vertex   5.166262e-02 3.051187e-02 3.571429e-02
      vertex   5.166262e-02 3.051187e-02 1.071429e-01
      vertex   4.976434e-02 3.351881e-02 3.571429e-02
    endloop
  endfacet
  facet normal -8.455960e-01 -5.338234e-01 0.000000e+00
    outer loop
      vertex   4.976434e-02 3.351881e-02 3.571429e-02
      vertex   5.166262e-02 3.051187e-02 1.071429e-01
      vertex   4.976434e-02 3.351881e-02 1.071429e-01
    endloop
  endfacet
  facet normal -8.124869e-01 -5.829795e-01 0.000000e+00
    outer loop
      vertex   4.976434e-02 3.351881e-02 3.571429e-02
      vertex   4.976434e-02 3.351881e-02 1.071429e-01
      vertex   4.769127e-02 3.640801e-02 3.571429e-02
    endloop
  endfacet
  facet normal -8.124869e-01 -5.829795e-01 0.000000e+00
    outer loop
      vertex   4.769127e-02 3.640801e-02 3.571429e-02
      vertex   4.976434e-02 3.351881e-02 1.071429e-01
      vertex   4.769127e-02 3.640801e-02 1.071429e-01
    endloop
  endfacet
  facet normal -7.765239e-01 -6.300878e-01 0.000000e+00
    outer loop
      vertex   4.769127e-02 3.640801e-02 3.571429e-02
      vertex   4.769127e-02 3.640801e-02 1.071429e-01
      vertex   4.545067e-02 3.916933e-02 3.571429e-02
    endloop
  endfacet
  facet normal -7.765239e-01 -6.300878e-01 0.000000e+00
    outer loop
      vertex   4.545067e-02 3.916933e-02 3.571429e-02
      vertex   4.769127e-02 3.640801e-02 1.071429e-01
      vertex   4.545067e-02 3.916933e-02 1.071429e-01
    endloop
  endfacet
  facet normal -7.378333e-01 -6.749830e-01 0.000000e+00
    outer loop
      vertex   4.545067e-02 3.916933e-02 3.571429e-02
      vertex   4.545067e-02 3.916933e-02 1.071429e-01
      vertex   4.305044e-02 4.179306e-02 3.571429e-02
    endloop
  endfacet
  facet normal -7.378333e-01 -6.749830e-01 0.000000e+00
    outer loop
      vertex   4.305044e-02 4.179306e-02 3.571429e-02
      vertex   4.545067e-02 3.916933e-02 1.071429e-01
      vertex   4.305044e-02 4.179306e-02 1.071429e-01
    endloop
  endfacet
  facet normal -6.965510e-01 -7.175073e-01 0.000000e+00
    outer loop
      vertex   4.305044e-02 4.179306e-02 3.571429e-02
      vertex   4.305044e-02 4.179306e-02 1.071429e-01
      vertex   4.049898e-02 4.427000e-02 3.571429e-02
    endloop
  endfacet
  facet normal -6.965510e-01 -7.175073e-01 0.000000e+00
    outer loop
      vertex   4.049898e-02 4.427000e-02 3.571429e-02
      vertex   4.305044e-02 4.179306e-02 1.071429e-01
      vertex   4.049898e-02 4.427000e-02 1.071429e-01
    endloop
  endfacet
  facet normal -6.528221e-01 -7.575112e-01 0.000000e+00
    outer loop
      vertex   4.049898e-02 4.427000e-02 3.571429e-02
      vertex   4.049898e-02 4.427000e-02 1.071429e-01
      vertex   3.780527e-02 4.659143e-02 3.571429e-02
    endloop
  endfacet
  facet normal -6.528221e-01 -7.575112e-01 0.000000e+00
    outer loop
      vertex   3.780527e-02 4.659143e-02 3.571429e-02
      vertex   4.049898e-02 4.427000e-02 1.071429e-01
      vertex   3.780527e-02 4.659143e-02 1.071429e-01
    endloop
  endfacet
  facet normal -6.068001e-01 -7.948544e-01 0.000000e+00
    outer loop
      vertex   3.780527e-02 4.659143e-02 3.571429e-02
      vertex   3.780527e-02 4.659143e-02 1.071429e-01
      vertex   3.497877e-02 4.874921e-02 3.571429e-02
    endloop
  endfacet
  facet normal -6.068001e-01 -7.948544e-01 0.000000e+00
    outer loop
      vertex   3.497877e-02 4.874921e-02 3.571429e-02
      vertex   3.780527e-02 4.659143e-02 1.071429e-01
      vertex   3.497877e-02 4.874921e-02 1.071429e-01
    endloop
  endfacet
  facet normal -5.586468e-01 -8.294057e-01 0.000000e+00
    outer loop
      vertex   3.497877e-02 4.874921e-02 3.571429e-02
      vertex   3.497877e-02 4.874921e-02 1.071429e-01
      vertex   3.202940e-02 5.073576e-02 3.571429e-02
    endloop
  endfacet
  facet normal -5.586468e-01 -8.294057e-01 0.000000e+00
    outer loop
      vertex   3.202940e-02 5.073576e-02 3.571429e-02
      vertex   3.497877e-02 4.874921e-02 1.071429e-01
      vertex   3.202940e-02 5.073576e-02 1.071429e-01
    endloop
  endfacet
  facet normal -5.085311e-01 -8.610436e-01 0.000000e+00
    outer loop
      vertex   3.202940e-02 5.073576e-02 3.571429e-02
      vertex   3.202940e-02 5.073576e-02 1.071429e-01
      vertex   2.896753e-02 5.254410e-02 3.571429e-02
    endloop
  endfacet
  facet normal -5.085311e-01 -8.610436e-01 0.000000e+00
    outer loop
      vertex   2.896753e-02 5.254410e-02 3.571429e-02
      vertex   3.202940e-02 5.073576e-02 1.071429e-01
      vertex   2.896753e-02 5.254410e-02 1.071429e-01
    endloop
  endfacet
  facet normal -4.566292e-01 -8.896571e-01 0.000000e+00
    outer loop
      vertex   2.896753e-02 5.254410e-02 3.571429e-02
      vertex   2.896753e-02 5.254410e-02 1.071429e-01
      vertex   2.580391e-02 5.416787e-02 3.571429e-02
    endloop
  endfacet
  facet normal -4.566292e-01 -8.896571e-01 -3.977354e-17
    outer loop
      vertex   2.580391e-02 5.416787e-02 3.571429e-02
      vertex   2.896753e-02 5.254410e-02 1.071429e-01
      vertex   2.580391e-02 5.416787e-02 1.071429e-01
    endloop
  endfacet
  facet normal -4.031234e-01 -9.151456e-01 -6.031906e-17
    outer loop
      vertex   2.580391e-02 5.416787e-02 3.571429e-02
      vertex   2.580391e-02 5.416787e-02 1.071429e-01
      vertex   2.254965e-02 5.560138e-02 3.571429e-02
    endloop
  endfacet
  facet normal -4.031234e-01 -9.151456e-01 0.000000e+00
    outer loop
      vertex   2.254965e-02 5.560138e-02 3.571429e-02
      vertex   2.580391e-02 5.416787e-02 1.071429e-01
      vertex   2.254965e-02 5.560138e-02 1.071429e-01
    endloop
  endfacet
  facet normal -3.482016e-01 -9.374197e-01 0.000000e+00
    outer loop
      vertex   2.254965e-02 5.560138e-02 3.571429e-02
      vertex   2.254965e-02 5.560138e-02 1.071429e-01
      vertex   1.921619e-02 5.683958e-02 3.571429e-02
    endloop
  endfacet
  facet normal -3.482016e-01 -9.374197e-01 -2.341342e-17
    outer loop
      vertex   1.921619e-02 5.683958e-02 3.571429e-02
      vertex   2.254965e-02 5.560138e-02 1.071429e-01
      vertex   1.921619e-02 5.683958e-02 1.071429e-01
    endloop
  endfacet
  facet normal -2.920568e-01 -9.564010e-01 -3.616568e-17
    outer loop
      vertex   1.921619e-02 5.683958e-02 3.571429e-02
      vertex   1.921619e-02 5.683958e-02 1.071429e-01
      vertex   1.581523e-02 5.787813e-02 3.571429e-02
    endloop
  endfacet
  facet normal -2.920568e-01 -9.564010e-01 5.674343e-17
    outer loop
      vertex   1.581523e-02 5.787813e-02 3.571429e-02
      vertex   1.921619e-02 5.683958e-02 1.071429e-01
      vertex   1.581523e-02 5.787813e-02 1.071429e-01
    endloop
  endfacet
  facet normal -2.348860e-01 -9.720229e-01 4.563578e-17
    outer loop
      vertex   1.581523e-02 5.787813e-02 3.571429e-02
      vertex   1.581523e-02 5.787813e-02 1.071429e-01
      vertex   1.235872e-02 5.871339e-02 3.571429e-02
    endloop
  endfacet
  facet normal -2.348860e-01 -9.720229e-01 0.000000e+00
    outer loop
      vertex   1.235872e-02 5.871339e-02 3.571429e-02
      vertex   1.581523e-02 5.787813e-02 1.071429e-01
      vertex   1.235872e-02 5.871339e-02 1.071429e-01
    endloop
  endfacet
  facet normal -1.768903e-01 -9.842306e-01 0.000000e+00
    outer loop
      vertex   1.235872e-02 5.871339e-02 3.571429e-02
      vertex   1.235872e-02 5.871339e-02 1.071429e-01
      vertex   8.858794e-03 5.934241e-02 3.571429e-02
    endloop
  endfacet
  facet normal -1.768903e-01 -9.842306e-01 0.000000e+00
    outer loop
      vertex   8.858794e-03 5.934241e-02 3.571429e-02
      vertex   1.235872e-02 5.871339e-02 1.071429e-01
      vertex   8.858794e-03 5.934241e-02 1.071429e-01
    endloop
  endfacet
  facet normal -1.182732e-01 -9.929811e-01 0.000000e+00
    outer loop
      vertex   8.858794e-03 5.934241e-02 3.571429e-02
      vertex   8.858794e-03 5.934241e-02 1.071429e-01
      vertex   5.327754e-03 5.976299e-02 3.571429e-02
    endloop
  endfacet
  facet normal -1.182732e-01 -9.929811e-01 2.154298e-17
    outer loop
      vertex   5.327754e-03 5.976299e-02 3.571429e-02
      vertex   8.858794e-03 5.934241e-02 1.071429e-01
      vertex   5.327754e-03 5.976299e-02 1.071429e-01
    endloop
  endfacet
  facet normal -5.924063e-02 -9.982437e-01 1.079044e-17
    outer loop
      vertex   5.327754e-03 5.976299e-02 3.571429e-02
      vertex   5.327754e-03 5.976299e-02 1.071429e-01
      vertex   1.778000e-03 5.997365e-02 3.571429e-02
    endloop
  endfacet
  facet normal -5.924063e-02 -9.982437e-01 0.000000e+00
    outer loop
      vertex   1.778000e-03 5.997365e-02 3.571429e-02
      vertex   5.327754e-03 5.976299e-02 1.071429e-01
      vertex   1.778000e-03 5.997365e-02 1.071429e-01
    endloop
  endfacet
  facet normal 0.000000e+00 -1.000000e+00 0.000000e+00
    outer loop
      vertex   1.778000e-03 5.997365e-02 3.571429e-02
      vertex   1.778000e-03 5.997365e-02 1.071429e-01
      vertex   -1.778000e-03 5.997365e-02 3.571429e-02
    endloop
  endfacet
  facet normal 0.000000e+00 -1.000000e+00 0.000000e+00
    outer loop
      vertex   -1.778000e-03 5.997365e-02 3.571429e-02
      vertex   1.778000e-03 5.997365e-02 1.071429e-01
      vertex   -1.778000e-03 5.997365e-02 1.071429e-01
    endloop
  endfacet
  facet normal 5.924063e-02 -9.982437e-01 0.000000e+00
    outer loop
      vertex   -1.778000e-03 5.997365e-02 3.571429e-02
      vertex   -1.778000e-03 5.997365e-02 1.071429e-01
      vertex   -5.327754e-03 5.976299e-02 3.571429e-02
    endloop
  endfacet
  facet normal 5.924063e-02 -9.982437e-01 -1.079044e-17
    outer loop
      vertex   -5.327754e-03 5.976299e-02 3.571429e-02
      vertex   -1.778000e-03 5.997365e-02 1.071429e-01
      vertex   -5.327754e-03 5.976299e-02 1.071429e-01
    endloop
  endfacet
  facet normal 1.182732e-01 -9.929811e-01 -2.154298e-17
    outer loop
      vertex   -5.327754e-03 5.976299e-02 3.571429e-02
      vertex   -5.327754e-03 5.976299e-02 1.071429e-01
      vertex   -8.858794e-03 5.934241e-02 3.571429e-02
    endloop
  endfacet
  facet normal 1.182732e-01 -9.929811e-01 0.000000e+00
    outer loop
      vertex   -8.858794e-03 5.934241e-02 3.571429e-02
      vertex   -5.327754e-03 5.976299e-02 1.071429e-01
      vertex   -8.858794e-03 5.934241e-02 1.071429e-01
    endloop
  endfacet
  facet normal 1.768903e-01 -9.842306e-01 0.000000e+00
    outer loop
      vertex   -8.858794e-03 5.934241e-02 3.571429e-02
      vertex   -8.858794e-03 5.934241e-02 1.071429e-01
      vertex   -1.235872e-02 5.871339e-02 3.571429e-02
    endloop
  endfacet
  facet normal 1.768903e-01 -9.842306e-01 0.000000e+00
    outer loop
      vertex   -1.235872e-02 5.871339e-02 3.571429e-02
      vertex   -8.858794e-03 5.934241e-02 1.071429e-01
      vertex   -1.235872e-02 5.871339e-02 1.071429e-01
    endloop
  endfacet
  facet normal 2.348860e-01 -9.720229e-01 0.000000e+00
    outer loop
      vertex   -1.235872e-02 5.871339e-02 3.571429e-02
      vertex   -1.235872e-02 5.871339e-02 1.071429e-01
      vertex   -1.581523e-02 5.787813e-02 3.571429e-02
    endloop
  endfacet
  facet normal 2.348860e-01 -9.720229e-01 -3.422684e-17
    outer loop
      vertex   -1.581523e-02 5.787813e-02 3.571429e-02
      vertex   -1.235872e-02 5.871339e-02 1.071429e-01
      vertex   -1.581523e-02 5.787813e-02 1.071429e-01
    endloop
  endfacet
  facet normal 2.920568e-01 -9.564010e-01 -4.255757e-17
    outer loop
      vertex   -1.581523e-02 5.787813e-02 3.571429e-02
      vertex   -1.581523e-02 5.787813e-02 1.071429e-01
      vertex   -1.921619e-02 5.683958e-02 3.571429e-02
    endloop
  endfacet
  facet normal 2.920568e-01 -9.564010e-01 5.035154e-17
    outer loop
      vertex   -1.921619e-02 5.683958e-02 3.571429e-02
      vertex   -1.581523e-02 5.787813e-02 1.071429e-01
      vertex   -1.921619e-02 5.683958e-02 1.071429e-01
    endloop
  endfacet
  facet normal 3.482016e-01 -9.374197e-01 4.032636e-17
    outer loop
      vertex   -1.921619e-02 5.683958e-02 3.571429e-02
      vertex   -1.921619e-02 5.683958e-02 1.071429e-01
      vertex   -2.254965e-02 5.560138e-02 3.571429e-02
    endloop
  endfacet
  facet normal 3.482016e-01 -9.374197e-01 0.000000e+00
    outer loop
      vertex   -2.254965e-02 5.560138e-02 3.571429e-02
      vertex   -1.921619e-02 5.683958e-02 1.071429e-01
      vertex   -2.254965e-02 5.560138e-02 1.071429e-01
    endloop
  endfacet
  facet normal 4.031234e-01 -9.151456e-01 0.000000e+00
    outer loop
      vertex   -2.254965e-02 5.560138e-02 3.571429e-02
      vertex   -2.254965e-02 5.560138e-02 1.071429e-01
      vertex   -2.580391e-02 5.416787e-02 3.571429e-02
    endloop
  endfacet
  facet normal 4.031234e-01 -9.151456e-01 -5.874184e-17
    outer loop
      vertex   -2.580391e-02 5.416787e-02 3.571429e-02
      vertex   -2.254965e-02 5.560138e-02 1.071429e-01
      vertex   -2.580391e-02 5.416787e-02 1.071429e-01
    endloop
  endfacet
  facet normal 4.566292e-01 -8.896571e-01 -6.653854e-17
    outer loop
      vertex   -2.580391e-02 5.416787e-02 3.571429e-02
      vertex   -2.580391e-02 5.416787e-02 1.071429e-01
      vertex   -2.896753e-02 5.254410e-02 3.571429e-02
    endloop
  endfacet
  facet normal 4.566292e-01 -8.896571e-01 -4.435903e-17
    outer loop
      vertex   -2.896753e-02 5.254410e-02 3.571429e-02
      vertex   -2.580391e-02 5.416787e-02 1.071429e-01
      vertex   -2.896753e-02 5.254410e-02 1.071429e-01
    endloop
  endfacet
  facet normal 5.085311e-01 -8.610436e-01 -4.940101e-17
    outer loop
      vertex   -2.896753e-02 5.254410e-02 3.571429e-02
      vertex   -2.896753e-02 5.254410e-02 1.071429e-01
      vertex   -3.202940e-02 5.073576e-02 3.571429e-02
    endloop
  endfacet
  facet normal 5.085311e-01 -8.610436e-01 0.000000e+00
    outer loop
      vertex   -3.202940e-02 5.073576e-02 3.571429e-02
      vertex   -2.896753e-02 5.254410e-02 1.071429e-01
      vertex   -3.202940e-02 5.073576e-02 1.071429e-01
    endloop
  endfacet
  facet normal 5.586468e-01 -8.294057e-01 0.000000e+00
    outer loop
      vertex   -3.202940e-02 5.073576e-02 3.571429e-02
      vertex   -3.202940e-02 5.073576e-02 1.071429e-01
      vertex   -3.497877e-02 4.874921e-02 3.571429e-02
    endloop
  endfacet
  facet normal 5.586468e-01 -8.294057e-01 8.057221e-17
    outer loop
      vertex   -3.497877e-02 4.874921e-02 3.571429e-02
      vertex   -3.202940e-02 5.073576e-02 1.071429e-01
      vertex   -3.497877e-02 4.874921e-02 1.071429e-01
    endloop
  endfacet
  facet normal 6.068001e-01 -7.948544e-01 7.721575e-17
    outer loop
      vertex   -3.497877e-02 4.874921e-02 3.571429e-02
      vertex   -3.497877e-02 4.874921e-02 1.071429e-01
      vertex   -3.780527e-02 4.659143e-02 3.571429e-02
    endloop
  endfacet
  facet normal 6.068001e-01 -7.948544e-01 0.000000e+00
    outer loop
      vertex   -3.780527e-02 4.659143e-02 3.571429e-02
      vertex   -3.497877e-02 4.874921e-02 1.071429e-01
      vertex   -3.780527e-02 4.659143e-02 1.071429e-01
    endloop
  endfacet
  facet normal 6.528221e-01 -7.575112e-01 0.000000e+00
    outer loop
      vertex   -3.780527e-02 4.659143e-02 3.571429e-02
      vertex   -3.780527e-02 4.659143e-02 1.071429e-01
      vertex   -4.049898e-02 4.427000e-02 3.571429e-02
    endloop
  endfacet
  facet normal 6.528221e-01 -7.575112e-01 0.000000e+00
    outer loop
      vertex   -4.049898e-02 4.427000e-02 3.571429e-02
      vertex   -3.780527e-02 4.659143e-02 1.071429e-01
      vertex   -4.049898e-02 4.427000e-02 1.071429e-01
    endloop
  endfacet
  facet normal 6.965510e-01 -7.175073e-01 0.000000e+00
    outer loop
      vertex   -4.049898e-02 4.427000e-02 3.571429e-02
      vertex   -4.049898e-02 4.427000e-02 1.071429e-01
      vertex   -4.305044e-02 4.179306e-02 3.571429e-02
    endloop
  endfacet
  facet normal 6.965510e-01 -7.175073e-01 0.000000e+00
    outer loop
      vertex   -4.305044e-02 4.179306e-02 3.571429e-02
      vertex   -4.049898e-02 4.427000e-02 1.071429e-01
      vertex   -4.305044e-02 4.179306e-02 1.071429e-01
    endloop
  endfacet
  facet normal 7.378333e-01 -6.749830e-01 0.000000e+00
    outer loop
      vertex   -4.305044e-02 4.179306e-02 3.571429e-02
      vertex   -4.305044e-02 4.179306e-02 1.071429e-01
      vertex   -4.545067e-02 3.916933e-02 3.571429e-02
    endloop
  endfacet
  facet normal 7.378333e-01 -6.749830e-01 6.557090e-17
    outer loop
      vertex   -4.545067e-02 3.916933e-02 3.571429e-02
      vertex   -4.305044e-02 4.179306e-02 1.071429e-01
      vertex   -4.545067e-02 3.916933e-02 1.071429e-01
    endloop
  endfacet
  facet normal 7.765239e-01 -6.300878e-01 6.120958e-17
    outer loop
      vertex   -4.545067e-02 3.916933e-02 3.571429e-02
      vertex   -4.545067e-02 3.916933e-02 1.071429e-01
      vertex   -4.769127e-02 3.640801e-02 3.571429e-02
    endloop
  endfacet
  facet normal 7.765239e-01 -6.300878e-01 1.224192e-16
    outer loop
      vertex   -4.769127e-02 3.640801e-02 3.571429e-02
      vertex   -4.545067e-02 3.916933e-02 1.071429e-01
      vertex   -4.769127e-02 3.640801e-02 1.071429e-01
    endloop
  endfacet
  facet normal 8.124869e-01 -5.829795e-01 1.132665e-16
    outer loop
      vertex   -4.769127e-02 3.640801e-02 3.571429e-02
      vertex   -4.769127e-02 3.640801e-02 1.071429e-01
      vertex   -4.976434e-02 3.351881e-02 3.571429e-02
    endloop
  endfacet
  facet normal 8.124869e-01 -5.829795e-01 0.000000e+00
    outer loop
      vertex   -4.976434e-02 3.351881e-02 3.571429e-02
      vertex   -4.769127e-02 3.640801e-02 1.071429e-01
      vertex   -4.976434e-02 3.351881e-02 1.071429e-01
    endloop
  endfacet
  facet normal 8.455960e-01 -5.338234e-01 0.000000e+00
    outer loop
      vertex   -4.976434e-02 3.351881e-02 3.571429e-02
      vertex   -4.976434e-02 3.351881e-02 1.071429e-01
      vertex   -5.166262e-02 3.051187e-02 3.571429e-02
    endloop
  endfacet
  facet normal 8.455960e-01 -5.338234e-01 0.000000e+00
    outer loop
      vertex   -5.166262e-02 3.051187e-02 3.571429e-02
      vertex   -4.976434e-02 3.351881e-02 1.071429e-01
      vertex   -5.166262e-02 3.051187e-02 1.071429e-01
    endloop
  endfacet
  facet normal 8.757349e-01 -4.827922e-01 0.000000e+00
    outer loop
      vertex   -5.166262e-02 3.051187e-02 3.571429e-02
      vertex   -5.166262e-02 3.051187e-02 1.071429e-01
      vertex   -5.337943e-02 2.739775e-02 3.571429e-02
    endloop
  endfacet
  facet normal 8.757349e-01 -4.827922e-01 0.000000e+00
    outer loop
      vertex   -5.337943e-02 2.739775e-02 3.571429e-02
      vertex   -5.166262e-02 3.051187e-02 1.071429e-01
      vertex   -5.337943e-02 2.739775e-02 1.071429e-01
    endloop
  endfacet
  facet normal 9.027978e-01 -4.300652e-01 0.000000e+00
    outer loop
      vertex   -5.337943e-02 2.739775e-02 3.571429e-02
      vertex   -5.337943e-02 2.739775e-02 1.071429e-01
      vertex   -5.490874e-02 2.418741e-02 3.571429e-02
    endloop
  endfacet
  facet normal 9.027978e-01 -4.300652e-01 2.088924e-17
    outer loop
      vertex   -5.490874e-02 2.418741e-02 3.571429e-02
      vertex   -5.337943e-02 2.739775e-02 1.071429e-01
      vertex   -5.490874e-02 2.418741e-02 1.071429e-01
    endloop
  endfacet
  facet normal 9.266896e-01 -3.758276e-01 1.825479e-17
    outer loop
      vertex   -5.490874e-02 2.418741e-02 3.571429e-02
      vertex   -5.490874e-02 2.418741e-02 1.071429e-01
      vertex   -5.624518e-02 2.089210e-02 3.571429e-02
    endloop
  endfacet
  facet normal 9.266896e-01 -3.758276e-01 1.825479e-17
    outer loop
      vertex   -5.624518e-02 2.089210e-02 3.571429e-02
      vertex   -5.490874e-02 2.418741e-02 1.071429e-01
      vertex   -5.624518e-02 2.089210e-02 1.071429e-01
    endloop
  endfacet
  facet normal 9.473264e-01 -3.202699e-01 1.555623e-17
    outer loop
      vertex   -5.624518e-02 2.089210e-02 3.571429e-02
      vertex   -5.624518e-02 2.089210e-02 1.071429e-01
      vertex   -5.738406e-02 1.752341e-02 3.571429e-02
    endloop
  endfacet
  facet normal 9.473264e-01 -3.202699e-01 0.000000e+00
    outer loop
      vertex   -5.738406e-02 1.752341e-02 3.571429e-02
      vertex   -5.624518e-02 2.089210e-02 1.071429e-01
      vertex   -5.738406e-02 1.752341e-02 1.071429e-01
    endloop
  endfacet
  facet normal 9.646356e-01 -2.635872e-01 0.000000e+00
    outer loop
      vertex   -5.738406e-02 1.752341e-02 3.571429e-02
      vertex   -5.738406e-02 1.752341e-02 1.071429e-01
      vertex   -5.832137e-02 1.409316e-02 3.571429e-02
    endloop
  endfacet
  facet normal 9.646356e-01 -2.635872e-01 1.280302e-17
    outer loop
      vertex   -5.832137e-02 1.409316e-02 3.571429e-02
      vertex   -5.738406e-02 1.752341e-02 1.071429e-01
      vertex   -5.832137e-02 1.409316e-02 1.071429e-01
    endloop
  endfacet
  facet normal 9.785565e-01 -2.059786e-01 1.000485e-17
    outer loop
      vertex   -5.832137e-02 1.409316e-02 3.571429e-02
      vertex   -5.832137e-02 1.409316e-02 1.071429e-01
      vertex   -5.905383e-02 1.061342e-02 3.571429e-02
    endloop
  endfacet
  facet normal 9.785565e-01 -2.059786e-01 0.000000e+00
    outer loop
      vertex   -5.905383e-02 1.061342e-02 3.571429e-02
      vertex   -5.832137e-02 1.409316e-02 1.071429e-01
      vertex   -5.905383e-02 1.061342e-02 1.071429e-01
    endloop
  endfacet
  facet normal 9.890402e-01 -1.476466e-01 0.000000e+00
    outer loop
      vertex   -5.905383e-02 1.061342e-02 3.571429e-02
      vertex   -5.905383e-02 1.061342e-02 1.071429e-01
      vertex   -5.957887e-02 7.096390e-03 3.571429e-02
    endloop
  endfacet
  facet normal 9.890402e-01 -1.476466e-01 8.964409e-18
    outer loop
      vertex   -5.957887e-02 7.096390e-03 3.571429e-02
      vertex   -5.905383e-02 1.061342e-02 1.071429e-01
      vertex   -5.957887e-02 7.096390e-03 1.071429e-01
    endloop
  endfacet
  facet normal 9.960498e-01 -8.879590e-02 5.391271e-18
    outer loop
      vertex   -5.957887e-02 7.096390e-03 3.571429e-02
      vertex   -5.957887e-02 7.096390e-03 1.071429e-01
      vertex   -5.989462e-02 3.554438e-03 3.571429e-02
    endloop
  endfacet
  facet normal 9.960498e-01 -8.879590e-02 4.852144e-18
    outer loop
      vertex   -5.989462e-02 3.554438e-03 3.571429e-02
      vertex   -5.957887e-02 7.096390e-03 1.071429e-01
      vertex   -5.989462e-02 3.554438e-03 1.071429e-01
    endloop
  endfacet
  facet normal 9.995608e-01 -2.963333e-02 1.619277e-18
    outer loop
      vertex   -5.989462e-02 3.554438e-03 3.571429e-02
      vertex   -5.989462e-02 3.554438e-03 1.071429e-01
      vertex   -6.000000e-02 0.000000e+00 3.571429e-02
    endloop
  endfacet
  facet normal 9.995608e-01 -2.963333e-02 0.000000e+00
    outer loop
      vertex   -6.000000e-02 0.000000e+00 3.571429e-02
      vertex   -5.989462e-02 3.554438e-03 1.071429e-01
      vertex   -6.000000e-02 0.000000e+00 1.071429e-01
    endloop
  endfacet
  facet normal 9.995608e-01 2.963333e-02 -0.000000e+00
    outer loop
      vertex   -6.000000e-02 0.000000e+00 3.571429e-02
      vertex   -6.000000e-02 0.000000e+00 1.071429e-01
      vertex   -5.989462e-02 -3.554438e-03 3.571429e-02
    endloop
  endfacet
  facet normal 9.995608e-01 2.963333e-02 -1.619277e-18
    outer loop
      vertex   -5.989462e-02 -3.554438e-03 3.571429e-02
      vertex   -6.000000e-02 0.000000e+00 1.071429e-01
      vertex   -5.989462e-02 -3.554438e-03 1.071429e-01
    endloop
  endfacet
  facet normal 9.960498e-01 8.879590e-02 -4.852144e-18
    outer loop
      vertex   -5.989462e-02 -3.554438e-03 3.571429e-02
      vertex   -5.989462e-02 -3.554438e-03 1.071429e-01
      vertex   -5.957887e-02 -7.096390e-03 3.571429e-02
    endloop
  endfacet
  facet normal 9.960498e-01 8.879590e-02 -4.313017e-18
    outer loop
      vertex   -5.957887e-02 -7.096390e-03 3.571429e-02
      vertex   -5.989462e-02 -3.554438e-03 1.071429e-01
      vertex   -5.957887e-02 -7.096390e-03 1.071429e-01
    endloop
  endfacet
  facet normal 9.890402e-01 1.476466e-01 -7.171527e-18
    outer loop
      vertex   -5.957887e-02 -7.096390e-03 3.571429e-02
      vertex   -5.957887e-02 -7.096390e-03 1.071429e-01
      vertex   -5.905383e-02 -1.061342e-02 3.571429e-02
    endloop
  endfacet
  facet normal 9.890402e-01 1.476466e-01 -0.000000e+00
    outer loop
      vertex   -5.905383e-02 -1.061342e-02 3.571429e-02
      vertex   -5.957887e-02 -7.096390e-03 1.071429e-01
      vertex   -5.905383e-02 -1.061342e-02 1.071429e-01
    endloop
  endfacet
  facet normal 9.785565e-01 2.059786e-01 -0.000000e+00
    outer loop
      vertex   -5.905383e-02 -1.061342e-02 3.571429e-02
      vertex   -5.905383e-02 -1.061342e-02 1.071429e-01
      vertex   -5.832137e-02 -1.409316e-02 3.571429e-02
    endloop
  endfacet
  facet normal 9.785565e-01 2.059786e-01 -1.500727e-17
    outer loop
      vertex   -5.832137e-02 -1.409316e-02 3.571429e-02
      vertex   -5.905383e-02 -1.061342e-02 1.071429e-01
      vertex   -5.832137e-02 -1.409316e-02 1.071429e-01
    endloop
  endfacet
  facet normal 9.646356e-01 2.635872e-01 -1.920454e-17
    outer loop
      vertex   -5.832137e-02 -1.409316e-02 3.571429e-02
      vertex   -5.832137e-02 -1.409316e-02 1.071429e-01
      vertex   -5.738406e-02 -1.752341e-02 3.571429e-02
    endloop
  endfacet
  facet normal 9.646356e-01 2.635872e-01 -0.000000e+00
    outer loop
      vertex   -5.738406e-02 -1.752341e-02 3.571429e-02
      vertex   -5.832137e-02 -1.409316e-02 1.071429e-01
      vertex   -5.738406e-02 -1.752341e-02 1.071429e-01
    endloop
  endfacet
  facet normal 9.473264e-01 3.202699e-01 -0.000000e+00
    outer loop
      vertex   -5.738406e-02 -1.752341e-02 3.571429e-02
      vertex   -5.738406e-02 -1.752341e-02 1.071429e-01
      vertex   -5.624518e-02 -2.089210e-02 3.571429e-02
    endloop
  endfacet
  facet normal 9.473264e-01 3.202699e-01 -0.000000e+00
    outer loop
      vertex   -5.624518e-02 -2.089210e-02 3.571429e-02
      vertex   -5.738406e-02 -1.752341e-02 1.071429e-01
      vertex   -5.624518e-02 -2.089210e-02 1.071429e-01
    endloop
  endfacet
  facet normal 9.266896e-01 3.758276e-01 -0.000000e+00
    outer loop
      vertex   -5.624518e-02 -2.089210e-02 3.571429e-02
      vertex   -5.624518e-02 -2.089210e-02 1.071429e-01
      vertex   -5.490874e-02 -2.418741e-02 3.571429e-02
    endloop
  endfacet
  facet normal 9.266896e-01 3.758276e-01 -0.000000e+00
    outer loop
      vertex   -5.490874e-02 -2.418741e-02 3.571429e-02
      vertex   -5.624518e-02 -2.089210e-02 1.071429e-01
      vertex   -5.490874e-02 -2.418741e-02 1.071429e-01
    endloop
  endfacet
  facet normal 9.027978e-01 4.300652e-01 -0.000000e+00
    outer loop
      vertex   -5.490874e-02 -2.418741e-02 3.571429e-02
      vertex   -5.490874e-02 -2.418741e-02 1.071429e-01
      vertex   -5.337943e-02 -2.739775e-02 3.571429e-02
    endloop
  endfacet
  facet normal 9.027978e-01 4.300652e-01 -0.000000e+00
    outer loop
      vertex   -5.337943e-02 -2.739775e-02 3.571429e-02
      vertex   -5.490874e-02 -2.418741e-02 1.071429e-01
      vertex   -5.337943e-02 -2.739775e-02 1.071429e-01
    endloop
  endfacet
  facet normal 8.757349e-01 4.827922e-01 -0.000000e+00
    outer loop
      vertex   -5.337943e-02 -2.739775e-02 3.571429e-02
      vertex   -5.337943e-02 -2.739775e-02 1.071429e-01
      vertex   -5.166262e-02 -3.051187e-02 3.571429e-02
    endloop
  endfacet
  facet normal 8.757349e-01 4.827922e-01 -0.000000e+00
    outer loop
      vertex   -5.166262e-02 -3.051187e-02 3.571429e-02
      vertex   -5.337943e-02 -2.739775e-02 1.071429e-01
      vertex   -5.166262e-02 -3.051187e-02 1.071429e-01
    endloop
  endfacet
  facet normal 8.455960e-01 5.338234e-01 -0.000000e+00
    outer loop
      vertex   -5.166262e-02 -3.051187e-02 3.571429e-02
      vertex   -5.166262e-02 -3.051187e-02 1.071429e-01
      vertex   -4.976434e-02 -3.351881e-02 3.571429e-02
    endloop
  endfacet
  facet normal 8.455960e-01 5.338234e-01 -0.000000e+00
    outer loop
      vertex   -4.976434e-02 -3.351881e-02 3.571429e-02
      vertex   -5.166262e-02 -3.051187e-02 1.071429e-01
      vertex   -4.976434e-02 -3.351881e-02 1.071429e-01
    endloop
  endfacet
  facet normal 8.124869e-01 5.829795e-01 -0.000000e+00
    outer loop
      vertex   -4.976434e-02 -3.351881e-02 3.571429e-02
      vertex   -4.976434e-02 -3.351881e-02 1.071429e-01
      vertex   -4.769127e-02 -3.640801e-02 3.571429e-02
    endloop
  endfacet
  facet normal 8.124869e-01 5.829795e-01 7.892864e-17
    outer loop
      vertex   -4.769127e-02 -3.640801e-02 3.571429e-02
      vertex   -4.976434e-02 -3.351881e-02 1.071429e-01
      vertex   -4.769127e-02 -3.640801e-02 1.071429e-01
    endloop
  endfacet
  facet normal 7.765239e-01 6.300878e-01 7.543503e-17
    outer loop
      vertex   -4.769127e-02 -3.640801e-02 3.571429e-02
      vertex   -4.769127e-02 -3.640801e-02 1.071429e-01
      vertex   -4.545067e-02 -3.916933e-02 3.571429e-02
    endloop
  endfacet
  facet normal 7.765239e-01 6.300878e-01 1.422546e-17
    outer loop
      vertex   -4.545067e-02 -3.916933e-02 3.571429e-02
      vertex   -4.769127e-02 -3.640801e-02 1.071429e-01
      vertex   -4.545067e-02 -3.916933e-02 1.071429e-01
    endloop
  endfacet
  facet normal 7.378333e-01 6.749830e-01 6.105560e-18
    outer loop
      vertex   -4.545067e-02 -3.916933e-02 3.571429e-02
      vertex   -4.545067e-02 -3.916933e-02 1.071429e-01
      vertex   -4.305044e-02 -4.179306e-02 3.571429e-02
    endloop
  endfacet
  facet normal 7.378333e-01 6.749830e-01 -0.000000e+00
    outer loop
      vertex   -4.305044e-02 -4.179306e-02 3.571429e-02
      vertex   -4.545067e-02 -3.916933e-02 1.071429e-01
      vertex   -4.305044e-02 -4.179306e-02 1.071429e-01
    endloop
  endfacet
  facet normal 6.965510e-01 7.175073e-01 -0.000000e+00
    outer loop
      vertex   -4.305044e-02 -4.179306e-02 3.571429e-02
      vertex   -4.305044e-02 -4.179306e-02 1.071429e-01
      vertex   -4.049898e-02 -4.427000e-02 3.571429e-02
    endloop
  endfacet
  facet normal 6.965510e-01 7.175073e-01 -6.970189e-17
    outer loop
      vertex   -4.049898e-02 -4.427000e-02 3.571429e-02
      vertex   -4.305044e-02 -4.179306e-02 1.071429e-01
      vertex   -4.049898e-02 -4.427000e-02 1.071429e-01
    endloop
  endfacet
  facet normal 6.528221e-01 7.575112e-01 -7.358806e-17
    outer loop
      vertex   -4.049898e-02 -4.427000e-02 3.571429e-02
      vertex   -4.049898e-02 -4.427000e-02 1.071429e-01
      vertex   -3.780527e-02 -4.659143e-02 3.571429e-02
    endloop
  endfacet
  facet normal 6.528221e-01 7.575112e-01 -0.000000e+00
    outer loop
      vertex   -3.780527e-02 -4.659143e-02 3.571429e-02
      vertex   -4.049898e-02 -4.427000e-02 1.071429e-01
      vertex   -3.780527e-02 -4.659143e-02 1.071429e-01
    endloop
  endfacet
  facet normal 6.068001e-01 7.948544e-01 -0.000000e+00
    outer loop
      vertex   -3.780527e-02 -4.659143e-02 3.571429e-02
      vertex   -3.780527e-02 -4.659143e-02 1.071429e-01
      vertex   -3.497877e-02 -4.874921e-02 3.571429e-02
    endloop
  endfacet
  facet normal 6.068001e-01 7.948544e-01 -0.000000e+00
    outer loop
      vertex   -3.497877e-02 -4.874921e-02 3.571429e-02
      vertex   -3.780527e-02 -4.659143e-02 1.071429e-01
      vertex   -3.497877e-02 -4.874921e-02 1.071429e-01
    endloop
  endfacet
  facet normal 5.586468e-01 8.294057e-01 -0.000000e+00
    outer loop
      vertex   -3.497877e-02 -4.874921e-02 3.571429e-02
      vertex   -3.497877e-02 -4.874921e-02 1.071429e-01
      vertex   -3.202940e-02 -5.073576e-02 3.571429e-02
    endloop
  endfacet
  facet normal 5.586468e-01 8.294057e-01 -0.000000e+00
    outer loop
      vertex   -3.202940e-02 -5.073576e-02 3.571429e-02
      vertex   -3.497877e-02 -4.874921e-02 1.071429e-01
      vertex   -3.202940e-02 -5.073576e-02 1.071429e-01
    endloop
  endfacet
  facet normal 5.085311e-01 8.610436e-01 -0.000000e+00
    outer loop
      vertex   -3.202940e-02 -5.073576e-02 3.571429e-02
      vertex   -3.202940e-02 -5.073576e-02 1.071429e-01
      vertex   -2.896753e-02 -5.254410e-02 3.571429e-02
    endloop
  endfacet
  facet normal 5.085311e-01 8.610436e-01 -6.848931e-17
    outer loop
      vertex   -2.896753e-02 -5.254410e-02 3.571429e-02
      vertex   -3.202940e-02 -5.073576e-02 1.071429e-01
      vertex   -2.896753e-02 -5.254410e-02 1.071429e-01
    endloop
  endfacet
  facet normal 4.566292e-01 8.896571e-01 -8.413256e-17
    outer loop
      vertex   -2.896753e-02 -5.254410e-02 3.571429e-02
      vertex   -2.896753e-02 -5.254410e-02 1.071429e-01
      vertex   -2.580391e-02 -5.416787e-02 3.571429e-02
    endloop
  endfacet
  facet normal 4.566292e-01 8.896571e-01 -8.413256e-17
    outer loop
      vertex   -2.580391e-02 -5.416787e-02 3.571429e-02
      vertex   -2.896753e-02 -5.254410e-02 1.071429e-01
      vertex   -2.580391e-02 -5.416787e-02 1.071429e-01
    endloop
  endfacet
  facet normal 4.031234e-01 9.151456e-01 -9.948029e-17
    outer loop
      vertex   -2.580391e-02 -5.416787e-02 3.571429e-02
      vertex   -2.580391e-02 -5.416787e-02 1.071429e-01
      vertex   -2.254965e-02 -5.560138e-02 3.571429e-02
    endloop
  endfacet
  facet normal 4.031234e-01 9.151456e-01 -0.000000e+00
    outer loop
      vertex   -2.254965e-02 -5.560138e-02 3.571429e-02
      vertex   -2.580391e-02 -5.416787e-02 1.071429e-01
      vertex   -2.254965e-02 -5.560138e-02 1.071429e-01
    endloop
  endfacet
  facet normal 3.482016e-01 9.374197e-01 -0.000000e+00
    outer loop
      vertex   -2.254965e-02 -5.560138e-02 3.571429e-02
      vertex   -2.254965e-02 -5.560138e-02 1.071429e-01
      vertex   -1.921619e-02 -5.683958e-02 3.571429e-02
    endloop
  endfacet
  facet normal 3.482016e-01 9.374197e-01 -0.000000e+00
    outer loop
      vertex   -1.921619e-02 -5.683958e-02 3.571429e-02
      vertex   -2.254965e-02 -5.560138e-02 1.071429e-01
      vertex   -1.921619e-02 -5.683958e-02 1.071429e-01
    endloop
  endfacet
  facet normal 2.920568e-01 9.564010e-01 -0.000000e+00
    outer loop
      vertex   -1.921619e-02 -5.683958e-02 3.571429e-02
      vertex   -1.921619e-02 -5.683958e-02 1.071429e-01
      vertex   -1.581523e-02 -5.787813e-02 3.571429e-02
    endloop
  endfacet
  facet normal 2.920568e-01 9.564010e-01 -1.432606e-16
    outer loop
      vertex   -1.581523e-02 -5.787813e-02 3.571429e-02
      vertex   -1.921619e-02 -5.683958e-02 1.071429e-01
      vertex   -1.581523e-02 -5.787813e-02 1.071429e-01
    endloop
  endfacet
  facet normal 2.348860e-01 9.720229e-01 -1.546266e-16
    outer loop
      vertex   -1.581523e-02 -5.787813e-02 3.571429e-02
      vertex   -1.581523e-02 -5.787813e-02 1.071429e-01
      vertex   -1.235872e-02 -5.871339e-02 3.571429e-02
    endloop
  endfacet
  facet normal 2.348860e-01 9.720229e-01 -0.000000e+00
    outer loop
      vertex   -1.235872e-02 -5.871339e-02 3.571429e-02
      vertex   -1.581523e-02 -5.787813e-02 1.071429e-01
      vertex   -1.235872e-02 -5.871339e-02 1.071429e-01
    endloop
  endfacet
  facet normal 1.768903e-01 9.842306e-01 -0.000000e+00
    outer loop
      vertex   -1.235872e-02 -5.871339e-02 3.571429e-02
      vertex   -1.235872e-02 -5.871339e-02 1.071429e-01
      vertex   -8.858794e-03 -5.934241e-02 3.571429e-02
    endloop
  endfacet
  facet normal 1.768903e-01 9.842306e-01 -0.000000e+00
    outer loop
      vertex   -8.858794e-03 -5.934241e-02 3.571429e-02
      vertex   -1.235872e-02 -5.871339e-02 1.071429e-01
      vertex   -8.858794e-03 -5.934241e-02 1.071429e-01
    endloop
  endfacet
  facet normal 1.182732e-01 9.929811e-01 -0.000000e+00
    outer loop
      vertex   -8.858794e-03 -5.934241e-02 3.571429e-02
      vertex   -8.858794e-03 -5.934241e-02 1.071429e-01
      vertex   -5.327754e-03 -5.976299e-02 3.571429e-02
    endloop
  endfacet
  facet normal 1.182732e-01 9.929811e-01 -7.491969e-17
    outer loop
      vertex   -5.327754e-03 -5.976299e-02 3.571429e-02
      vertex   -8.858794e-03 -5.934241e-02 1.071429e-01
      vertex   -5.327754e-03 -5.976299e-02 1.071429e-01
    endloop
  endfacet
  facet normal 5.924063e-02 9.982437e-01 -8.618346e-17
    outer loop
      vertex   -5.327754e-03 -5.976299e-02 3.571429e-02
      vertex   -5.327754e-03 -5.976299e-02 1.071429e-01
      vertex   -1.778000e-03 -5.997365e-02 3.571429e-02
    endloop
  endfacet
  facet normal 5.924063e-02 9.982437e-01 -0.000000e+00
    outer loop
      vertex   -1.778000e-03 -5.997365e-02 3.571429e-02
      vertex   -5.327754e-03 -5.976299e-02 1.071429e-01
      vertex   -1.778000e-03 -5.997365e-02 1.071429e-01
    endloop
  endfacet
  facet normal 0.000000e+00 1.000000e+00 0.000000e+00
    outer loop
      vertex   -1.778000e-03 -5.997365e-02 3.571429e-02
      vertex   -1.778000e-03 -5.997365e-02 1.071429e-01
      vertex   1.778000e-03 -5.997365e-02 3.571429e-02
    endloop
  endfacet
  facet normal 0.000000e+00 1.000000e+00 -0.000000e+00
    outer loop
      vertex   1.778000e-03 -5.997365e-02 3.571429e-02
      vertex   -1.778000e-03 -5.997365e-02 1.071429e-01
      vertex   1.778000e-03 -5.997365e-02 1.071429e-01
    endloop
  endfacet
  facet normal -5.924063e-02 9.982437e-01 0.000000e+00
    outer loop
      vertex   1.778000e-03 -5.997365e-02 3.571429e-02
      vertex   1.778000e-03 -5.997365e-02 1.071429e-01
      vertex   5.327754e-03 -5.976299e-02 3.571429e-02
    endloop
  endfacet
  facet normal -5.924063e-02 9.982437e-01 -1.079044e-17
    outer loop
      vertex   5.327754e-03 -5.976299e-02 3.571429e-02
      vertex   1.778000e-03 -5.997365e-02 1.071429e-01
      vertex   5.327754e-03 -5.976299e-02 1.071429e-01
    endloop
  endfacet
  facet normal -1.182732e-01 9.929811e-01 -2.154298e-17
    outer loop
      vertex   5.327754e-03 -5.976299e-02 3.571429e-02
      vertex   5.327754e-03 -5.976299e-02 1.071429e-01
      vertex   8.858794e-03 -5.934241e-02 3.571429e-02
    endloop
  endfacet
  facet normal -1.182732e-01 9.929811e-01 0.000000e+00
    outer loop
      vertex   8.858794e-03 -5.934241e-02 3.571429e-02
      vertex   5.327754e-03 -5.976299e-02 1.071429e-01
      vertex   8.858794e-03 -5.934241e-02 1.071429e-01
    endloop
  endfacet
  facet normal -1.768903e-01 9.842306e-01 0.000000e+00
    outer loop
      vertex   8.858794e-03 -5.934241e-02 3.571429e-02
      vertex   8.858794e-03 -5.934241e-02 1.071429e-01
      vertex   1.235872e-02 -5.871339e-02 3.571429e-02
    endloop
  endfacet
  facet normal -1.768903e-01 9.842306e-01 0.000000e+00
    outer loop
      vertex   1.235872e-02 -5.871339e-02 3.571429e-02
      vertex   8.858794e-03 -5.934241e-02 1.071429e-01
      vertex   1.235872e-02 -5.871339e-02 1.071429e-01
    endloop
  endfacet
  facet normal -2.348860e-01 9.720229e-01 0.000000e+00
    outer loop
      vertex   1.235872e-02 -5.871339e-02 3.571429e-02
      vertex   1.235872e-02 -5.871339e-02 1.071429e-01
      vertex   1.581523e-02 -5.787813e-02 3.571429e-02
    endloop
  endfacet
  facet normal -2.348860e-01 9.720229e-01 0.000000e+00
    outer loop
      vertex   1.581523e-02 -5.787813e-02 3.571429e-02
      vertex   1.235872e-02 -5.871339e-02 1.071429e-01
      vertex   1.581523e-02 -5.787813e-02 1.071429e-01
    endloop
  endfacet
  facet normal -2.920568e-01 9.564010e-01 0.000000e+00
    outer loop
      vertex   1.581523e-02 -5.787813e-02 3.571429e-02
      vertex   1.581523e-02 -5.787813e-02 1.071429e-01
      vertex   1.921619e-02 -5.683958e-02 3.571429e-02
    endloop
  endfacet
  facet normal -2.920568e-01 9.564010e-01 -5.674343e-17
    outer loop
      vertex   1.921619e-02 -5.683958e-02 3.571429e-02
      vertex   1.581523e-02 -5.787813e-02 1.071429e-01
      vertex   1.921619e-02 -5.683958e-02 1.071429e-01
    endloop
  endfacet
  facet normal -3.482016e-01 9.374197e-01 -6.765176e-17
    outer loop
      vertex   1.921619e-02 -5.683958e-02 3.571429e-02
      vertex   1.921619e-02 -5.683958e-02 1.071429e-01
      vertex   2.254965e-02 -5.560138e-02 3.571429e-02
    endloop
  endfacet
  facet normal -3.482016e-01 9.374197e-01 0.000000e+00
    outer loop
      vertex   2.254965e-02 -5.560138e-02 3.571429e-02
      vertex   1.921619e-02 -5.683958e-02 1.071429e-01
      vertex   2.254965e-02 -5.560138e-02 1.071429e-01
    endloop
  endfacet
  facet normal -4.031234e-01 9.151456e-01 0.000000e+00
    outer loop
      vertex   2.254965e-02 -5.560138e-02 3.571429e-02
      vertex   2.254965e-02 -5.560138e-02 1.071429e-01
      vertex   2.580391e-02 -5.416787e-02 3.571429e-02
    endloop
  endfacet
  facet normal -4.031234e-01 9.151456e-01 -4.816293e-17
    outer loop
      vertex   2.580391e-02 -5.416787e-02 3.571429e-02
      vertex   2.254965e-02 -5.560138e-02 1.071429e-01
      vertex   2.580391e-02 -5.416787e-02 1.071429e-01
    endloop
  endfacet
  facet normal -4.566292e-01 8.896571e-01 -6.883128e-17
    outer loop
      vertex   2.580391e-02 -5.416787e-02 3.571429e-02
      vertex   2.580391e-02 -5.416787e-02 1.071429e-01
      vertex   2.896753e-02 -5.254410e-02 3.571429e-02
    endloop
  endfacet
  facet normal -4.566292e-01 8.896571e-01 0.000000e+00
    outer loop
      vertex   2.896753e-02 -5.254410e-02 3.571429e-02
      vertex   2.580391e-02 -5.416787e-02 1.071429e-01
      vertex   2.896753e-02 -5.254410e-02 1.071429e-01
    endloop
  endfacet
  facet normal -5.085311e-01 8.610436e-01 0.000000e+00
    outer loop
      vertex   2.896753e-02 -5.254410e-02 3.571429e-02
      vertex   2.896753e-02 -5.254410e-02 1.071429e-01
      vertex   3.202940e-02 -5.073576e-02 3.571429e-02
    endloop
  endfacet
  facet normal -5.085311e-01 8.610436e-01 0.000000e+00
    outer loop
      vertex   3.202940e-02 -5.073576e-02 3.571429e-02
      vertex   2.896753e-02 -5.254410e-02 1.071429e-01
      vertex   3.202940e-02 -5.073576e-02 1.071429e-01
    endloop
  endfacet
  facet normal -5.586468e-01 8.294057e-01 0.000000e+00
    outer loop
      vertex   3.202940e-02 -5.073576e-02 3.571429e-02
      vertex   3.202940e-02 -5.073576e-02 1.071429e-01
      vertex   3.497877e-02 -4.874921e-02 3.571429e-02
    endloop
  endfacet
  facet normal -5.586468e-01 8.294057e-01 0.000000e+00
    outer loop
      vertex   3.497877e-02 -4.874921e-02 3.571429e-02
      vertex   3.202940e-02 -5.073576e-02 1.071429e-01
      vertex   3.497877e-02 -4.874921e-02 1.071429e-01
    endloop
  endfacet
  facet normal -6.068001e-01 7.948544e-01 0.000000e+00
    outer loop
      vertex   3.497877e-02 -4.874921e-02 3.571429e-02
      vertex   3.497877e-02 -4.874921e-02 1.071429e-01
      vertex   3.780527e-02 -4.659143e-02 3.571429e-02
    endloop
  endfacet
  facet normal -6.068001e-01 7.948544e-01 0.000000e+00
    outer loop
      vertex   3.780527e-02 -4.659143e-02 3.571429e-02
      vertex   3.497877e-02 -4.874921e-02 1.071429e-01
      vertex   3.780527e-02 -4.659143e-02 1.071429e-01
    endloop
  endfacet
  facet normal -6.528221e-01 7.575112e-01 0.000000e+00
    outer loop
      vertex   3.780527e-02 -4.659143e-02 3.571429e-02
      vertex   3.780527e-02 -4.659143e-02 1.071429e-01
      vertex   4.049898e-02 -4.427000e-02 3.571429e-02
    endloop
  endfacet
  facet normal -6.528221e-01 7.575112e-01 0.000000e+00
    outer loop
      vertex   4.049898e-02 -4.427000e-02 3.571429e-02
      vertex   3.780527e-02 -4.659143e-02 1.071429e-01
      vertex   4.049898e-02 -4.427000e-02 1.071429e-01
    endloop
  endfacet
  facet normal -6.965510e-01 7.175073e-01 0.000000e+00
    outer loop
      vertex   4.049898e-02 -4.427000e-02 3.571429e-02
      vertex   4.049898e-02 -4.427000e-02 1.071429e-01
      vertex   4.305044e-02 -4.179306e-02 3.571429e-02
    endloop
  endfacet
  facet normal -6.965510e-01 7.175073e-01 0.000000e+00
    outer loop
      vertex   4.305044e-02 -4.179306e-02 3.571429e-02
      vertex   4.049898e-02 -4.427000e-02 1.071429e-01
      vertex   4.305044e-02 -4.179306e-02 1.071429e-01
    endloop
  endfacet
  facet normal -7.378333e-01 6.749830e-01 0.000000e+00
    outer loop
      vertex   4.305044e-02 -4.179306e-02 3.571429e-02
      vertex   4.305044e-02 -4.179306e-02 1.071429e-01
      vertex   4.545067e-02 -3.916933e-02 3.571429e-02
    endloop
  endfacet
  facet normal -7.378333e-01 6.749830e-01 0.000000e+00
    outer loop
      vertex   4.545067e-02 -3.916933e-02 3.571429e-02
      vertex   4.305044e-02 -4.179306e-02 1.071429e-01
      vertex   4.545067e-02 -3.916933e-02 1.071429e-01
    endloop
  endfacet
  facet normal -7.765239e-01 6.300878e-01 0.000000e+00
    outer loop
      vertex   4.545067e-02 -3.916933e-02 3.571429e-02
      vertex   4.545067e-02 -3.916933e-02 1.071429e-01
      vertex   4.769127e-02 -3.640801e-02 3.571429e-02
    endloop
  endfacet
  facet normal -7.765239e-01 6.300878e-01 0.000000e+00
    outer loop
      vertex   4.769127e-02 -3.640801e-02 3.571429e-02
      vertex   4.545067e-02 -3.916933e-02 1.071429e-01
      vertex   4.769127e-02 -3.640801e-02 1.071429e-01
    endloop
  endfacet
  facet normal -8.124869e-01 5.829795e-01 0.000000e+00
    outer loop
      vertex   4.769127e-02 -3.640801e-02 3.571429e-02
      vertex   4.769127e-02 -3.640801e-02 1.071429e-01
      vertex   4.976434e-02 -3.351881e-02 3.571429e-02
    endloop
  endfacet
  facet normal -8.124869e-01 5.829795e-01 0.000000e+00
    outer loop
      vertex   4.976434e-02 -3.351881e-02 3.571429e-02
      vertex   4.769127e-02 -3.640801e-02 1.071429e-01
      vertex   4.976434e-02 -3.351881e-02 1.071429e-01
    endloop
  endfacet
  facet normal -8.455960e-01 5.338234e-01 0.000000e+00
    outer loop
      vertex   4.976434e-02 -3.351881e-02 3.571429e-02
      vertex   4.976434e-02 -3.351881e-02 1.071429e-01
      vertex   5.166262e-02 -3.051187e-02 3.571429e-02
    endloop
  endfacet
  facet normal -8.455960e-01 5.338234e-01 7.342903e-17
    outer loop
      vertex   5.166262e-02 -3.051187e-02 3.571429e-02
      vertex   4.976434e-02 -3.351881e-02 1.071429e-01
      vertex   5.166262e-02 -3.051187e-02 1.071429e-01
    endloop
  endfacet
  facet normal -8.757349e-01 4.827922e-01 5.562900e-17
    outer loop
      vertex   5.166262e-02 -3.051187e-02 3.571429e-02
      vertex   5.166262e-02 -3.051187e-02 1.071429e-01
      vertex   5.337943e-02 -2.739775e-02 3.571429e-02
    endloop
  endfacet
  facet normal -8.757349e-01 4.827922e-01 0.000000e+00
    outer loop
      vertex   5.337943e-02 -2.739775e-02 3.571429e-02
      vertex   5.166262e-02 -3.051187e-02 1.071429e-01
      vertex   5.337943e-02 -2.739775e-02 1.071429e-01
    endloop
  endfacet
  facet normal -9.027978e-01 4.300652e-01 0.000000e+00
    outer loop
      vertex   5.337943e-02 -2.739775e-02 3.571429e-02
      vertex   5.337943e-02 -2.739775e-02 1.071429e-01
      vertex   5.490874e-02 -2.418741e-02 3.571429e-02
    endloop
  endfacet
  facet normal -9.027978e-01 4.300652e-01 0.000000e+00
    outer loop
      vertex   5.490874e-02 -2.418741e-02 3.571429e-02
      vertex   5.337943e-02 -2.739775e-02 1.071429e-01
      vertex   5.490874e-02 -2.418741e-02 1.071429e-01
    endloop
  endfacet
  facet normal -9.266896e-01 3.758276e-01 0.000000e+00
    outer loop
      vertex   5.490874e-02 -2.418741e-02 3.571429e-02
      vertex   5.490874e-02 -2.418741e-02 1.071429e-01
      vertex   5.624518e-02 -2.089210e-02 3.571429e-02
    endloop
  endfacet
  facet normal -9.266896e-01 3.758276e-01 0.000000e+00
    outer loop
      vertex   5.624518e-02 -2.089210e-02 3.571429e-02
      vertex   5.490874e-02 -2.418741e-02 1.071429e-01
      vertex   5.624518e-02 -2.089210e-02 1.071429e-01
    endloop
  endfacet
  facet normal -9.473264e-01 3.202699e-01 0.000000e+00
    outer loop
      vertex   5.624518e-02 -2.089210e-02 3.571429e-02
      vertex   5.624518e-02 -2.089210e-02 1.071429e-01
      vertex   5.738406e-02 -1.752341e-02 3.571429e-02
    endloop
  endfacet
  facet normal -9.473264e-01 3.202699e-01 0.000000e+00
    outer loop
      vertex   5.738406e-02 -1.752341e-02 3.571429e-02
      vertex   5.624518e-02 -2.089210e-02 1.071429e-01
      vertex   5.738406e-02 -1.752341e-02 1.071429e-01
    endloop
  endfacet
  facet normal -9.646356e-01 2.635872e-01 0.000000e+00
    outer loop
      vertex   5.738406e-02 -1.752341e-02 3.571429e-02
      vertex   5.738406e-02 -1.752341e-02 1.071429e-01
      vertex   5.832137e-02 -1.409316e-02 3.571429e-02
    endloop
  endfacet
  facet normal -9.646356e-01 2.635872e-01 0.000000e+00
    outer loop
      vertex   5.832137e-02 -1.409316e-02 3.571429e-02
      vertex   5.738406e-02 -1.752341e-02 1.071429e-01
      vertex   5.832137e-02 -1.409316e-02 1.071429e-01
    endloop
  endfacet
  facet normal -9.785565e-01 2.059786e-01 0.000000e+00
    outer loop
      vertex   5.832137e-02 -1.409316e-02 3.571429e-02
      vertex   5.832137e-02 -1.409316e-02 1.071429e-01
      vertex   5.905383e-02 -1.061342e-02 3.571429e-02
    endloop
  endfacet
  facet normal -9.785565e-01 2.059786e-01 0.000000e+00
    outer loop
      vertex   5.905383e-02 -1.061342e-02 3.571429e-02
      vertex   5.832137e-02 -1.409316e-02 1.071429e-01
      vertex   5.905383e-02 -1.061342e-02 1.071429e-01
    endloop
  endfacet
  facet normal -9.890402e-01 1.476466e-01 0.000000e+00
    outer loop
      vertex   5.905383e-02 -1.061342e-02 3.571429e-02
      vertex   5.905383e-02 -1.061342e-02 1.071429e-01
      vertex   5.957887e-02 -7.096390e-03 3.571429e-02
    endloop
  endfacet
  facet normal -9.890402e-01 1.476466e-01 0.000000e+00
    outer loop
      vertex   5.957887e-02 -7.096390e-03 3.571429e-02
      vertex   5.905383e-02 -1.061342e-02 1.071429e-01
      vertex   5.957887e-02 -7.096390e-03 1.071429e-01
    endloop
  endfacet
  facet normal -9.960498e-01 8.879590e-02 0.000000e+00
    outer loop
      vertex   5.957887e-02 -7.096390e-03 3.571429e-02
      vertex   5.957887e-02 -7.096390e-03 1.071429e-01
      vertex   5.989462e-02 -3.554438e-03 3.571429e-02
    endloop
  endfacet
  facet normal -9.960498e-01 8.879590e-02 0.000000e+00
    outer loop
      vertex   5.989462e-02 -3.554438e-03 3.571429e-02
      vertex   5.957887e-02 -7.096390e-03 1.071429e-01
      vertex   5.989462e-02 -3.554438e-03 1.071429e-01
    endloop
  endfacet
  facet normal -9.995608e-01 2.963333e-02 0.000000e+00
    outer loop
      vertex   5.989462e-02 -3.554438e-03 3.571429e-02
      vertex   5.989462e-02 -3.554438e-03 1.071429e-01
      vertex   6.000000e-02 7.347881e-18 3.571429e-02
    endloop
  endfacet
  facet normal -9.995608e-01 2.963333e-02 0.000000e+00
    outer loop
      vertex   6.000000e-02 7.347881e-18 3.571429e-02
      vertex   5.989462e-02 -3.554438e-03 1.071429e-01
      vertex   6.000000e-02 7.347881e-18 1.071429e-01
    endloop
  endfacet
  facet normal -9.995608e-01 -2.963333e-02 0.000000e+00
    outer loop
      vertex   6.000000e-02 7.347881e-18 1.071429e-01
      vertex   6.000000e-02 7.347881e-18 1.785714e-01
      vertex   5.989462e-02 3.554438e-03 1.071429e-01
    endloop
  endfacet
  facet normal -9.995608e-01 -2.963333e-02 0.000000e+00
    outer loop
      vertex   5.989462e-02 3.554438e-03 1.071429e-01
      vertex   6.000000e-02 7.347881e-18 1.785714e-01
      vertex   5.989462e-02 3.554438e-03 1.785714e-01
    endloop
  endfacet
  facet normal -9.960498e-01 -8.879590e-02 0.000000e+00
    outer loop
      vertex   5.989462e-02 3.554438e-03 1.071429e-01
      vertex   5.989462e-02 3.554438e-03 1.785714e-01
      vertex   5.957887e-02 7.096390e-03 1.071429e-01
    endloop
  endfacet
  facet normal -9.960498e-01 -8.879590e-02 0.000000e+00
    outer loop
      vertex   5.957887e-02 7.096390e-03 1.071429e-01
      vertex   5.989462e-02 3.554438e-03 1.785714e-01
      vertex   5.957887e-02 7.096390e-03 1.785714e-01
    endloop
  endfacet
  facet normal -9.890402e-01 -1.476466e-01 0.000000e+00
    outer loop
      vertex   5.957887e-02 7.096390e-03 1.071429e-01
      vertex   5.957887e-02 7.096390e-03 1.785714e-01
      vertex   5.905383e-02 1.061342e-02 1.071429e-01
    endloop
  endfacet
  facet normal -9.890402e-01 -1.476466e-01 0.000000e+00
    outer loop
      vertex   5.905383e-02 1.061342e-02 1.071429e-01
      vertex   5.957887e-02 7.096390e-03 1.785714e-01
      vertex   5.905383e-02 1.061342e-02 1.785714e-01
    endloop
  endfacet
  facet normal -9.785565e-01 -2.059786e-01 0.000000e+00
    outer loop
      vertex   5.905383e-02 1.061342e-02 1.071429e-01
      vertex   5.905383e-02 1.061342e-02 1.785714e-01
      vertex   5.832137e-02 1.409316e-02 1.071429e-01
    endloop
  endfacet
  facet normal -9.785565e-01 -2.059786e-01 0.000000e+00
    outer loop
      vertex   5.832137e-02 1.409316e-02 1.071429e-01
      vertex   5.905383e-02 1.061342e-02 1.785714e-01
      vertex   5.832137e-02 1.409316e-02 1.785714e-01
    endloop
  endfacet
  facet normal -9.646356e-01 -2.635872e-01 0.000000e+00
    outer loop
      vertex   5.832137e-02 1.409316e-02 1.071429e-01
      vertex   5.832137e-02 1.409316e-02 1.785714e-01
      vertex   5.738406e-02 1.752341e-02 1.071429e-01
    endloop
  endfacet
  facet normal -9.646356e-01 -2.635872e-01 0.000000e+00
    outer loop
      vertex   5.738406e-02 1.752341e-02 1.071429e-01
      vertex   5.832137e-02 1.409316e-02 1.785714e-01
      vertex   5.738406e-02 1.752341e-02 1.785714e-01
    endloop
  endfacet
  facet normal -9.473264e-01 -3.202699e-01 0.000000e+00
    outer loop
      vertex   5.738406e-02 1.752341e-02 1.071429e-01
      vertex   5.738406e-02 1.752341e-02 1.785714e-01
      vertex   5.624518e-02 2.089210e-02 1.071429e-01
    endloop
  endfacet
  facet normal -9.473264e-01 -3.202699e-01 0.000000e+00
    outer loop
      vertex   5.624518e-02 2.089210e-02 1.071429e-01
      vertex   5.738406e-02 1.752341e-02 1.785714e-01
      vertex   5.624518e-02 2.089210e-02 1.785714e-01
    endloop
  endfacet
  facet normal -9.266896e-01 -3.758276e-01 0.000000e+00
    outer loop
      vertex   5.624518e-02 2.089210e-02 1.071429e-01
      vertex   5.624518e-02 2.089210e-02 1.785714e-01
      vertex   5.490874e-02 2.418741e-02 1.071429e-01
    endloop
  endfacet
  facet normal -9.266896e-01 -3.758276e-01 0.000000e+00
    outer loop
      vertex   5.490874e-02 2.418741e-02 1.071429e-01
      vertex   5.624518e-02 2.089210e-02 1.785714e-01
      vertex   5.490874e-02 2.418741e-02 1.785714e-01
    endloop
  endfacet
  facet normal -9.027978e-01 -4.300652e-01 0.000000e+00
    outer loop
      vertex   5.490874e-02 2.418741e-02 1.071429e-01
      vertex   5.490874e-02 2.418741e-02 1.785714e-01
      vertex   5.337943e-02 2.739775e-02 1.071429e-01
    endloop
  endfacet
  facet normal -9.027978e-01 -4.300652e-01 0.000000e+00
    outer loop
      vertex   5.337943e-02 2.739775e-02 1.071429e-01
      vertex   5.490874e-02 2.418741e-02 1.785714e-01
      vertex   5.337943e-02 2.739775e-02 1.785714e-01
    endloop
  endfacet
  facet normal -8.757349e-01 -4.827922e-01 0.000000e+00
    outer loop
      vertex   5.337943e-02 2.739775e-02 1.071429e-01
      vertex   5.337943e-02 2.739775e-02 1.785714e-01
      vertex   5.166262e-02 3.051187e-02 1.071429e-01
    endloop
  endfacet
  facet normal -8.757349e-01 -4.827922e-01 0.000000e+00
    outer loop
      vertex   5.166262e-02 3.051187e-02 1.071429e-01
      vertex   5.337943e-02 2.739775e-02 1.785714e-01
      vertex   5.166262e-02 3.051187e-02 1.785714e-01
    endloop
  endfacet
  facet normal -8.455960e-01 -5.338234e-01 0.000000e+00
    outer loop
      vertex   5.166262e-02 3.051187e-02 1.071429e-01
      vertex   5.166262e-02 3.051187e-02 1.785714e-01
      vertex   4.976434e-02 3.351881e-02 1.071429e-01
    endloop
  endfacet
  facet normal -8.455960e-01 -5.338234e-01 0.000000e+00
    outer loop
      vertex   4.976434e-02 3.351881e-02 1.071429e-01
      vertex   5.166262e-02 3.051187e-02 1.785714e-01
      vertex   4.976434e-02 3.351881e-02 1.785714e-01
    endloop
  endfacet
  facet normal -8.124869e-01 -5.829795e-01 0.000000e+00
    outer loop
      vertex   4.976434e-02 3.351881e-02 1.071429e-01
      vertex   4.976434e-02 3.351881e-02 1.785714e-01
      vertex   4.769127e-02 3.640801e-02 1.071429e-01
    endloop
  endfacet
  facet normal -8.124869e-01 -5.829795e-01 0.000000e+00
    outer loop
      vertex   4.769127e-02 3.640801e-02 1.071429e-01
      vertex   4.976434e-02 3.351881e-02 1.785714e-01
      vertex   4.769127e-02 3.640801e-02 1.785714e-01
    endloop
  endfacet
  facet normal -7.765239e-01 -6.300878e-01 0.000000e+00
    outer loop
      vertex   4.769127e-02 3.640801e-02 1.071429e-01
      vertex   4.769127e-02 3.640801e-02 1.785714e-01
      vertex   4.545067e-02 3.916933e-02 1.071429e-01
    endloop
  endfacet
  facet normal -7.765239e-01 -6.300878e-01 0.000000e+00
    outer loop
      vertex   4.545067e-02 3.916933e-02 1.071429e-01
      vertex   4.769127e-02 3.640801e-02 1.785714e-01
      vertex   4.545067e-02 3.916933e-02 1.785714e-01
    endloop
  endfacet
  facet normal -7.378333e-01 -6.749830e-01 0.000000e+00
    outer loop
      vertex   4.545067e-02 3.916933e-02 1.071429e-01
      vertex   4.545067e-02 3.916933e-02 1.785714e-01
      vertex   4.305044e-02 4.179306e-02 1.071429e-01
    endloop
  endfacet
  facet normal -7.378333e-01 -6.749830e-01 0.000000e+00
    outer loop
      vertex   4.305044e-02 4.179306e-02 1.071429e-01
      vertex   4.545067e-02 3.916933e-02 1.785714e-01
      vertex   4.305044e-02 4.179306e-02 1.785714e-01
    endloop
  endfacet
  facet normal -6.965510e-01 -7.175073e-01 0.000000e+00
    outer loop
      vertex   4.305044e-02 4.179306e-02 1.071429e-01
      vertex   4.305044e-02 4.179306e-02 1.785714e-01
      vertex   4.049898e-02 4.427000e-02 1.071429e-01
    endloop
  endfacet
  facet normal -6.965510e-01 -7.175073e-01 0.000000e+00
    outer loop
      vertex   4.049898e-02 4.427000e-02 1.071429e-01
      vertex   4.305044e-02 4.179306e-02 1.785714e-01
      vertex   4.049898e-02 4.427000e-02 1.785714e-01
    endloop
  endfacet
  facet normal -6.528221e-01 -7.575112e-01 0.000000e+00
    outer loop
      vertex   4.049898e-02 4.427000e-02 1.071429e-01
      vertex   4.049898e-02 4.427000e-02 1.785714e-01
      vertex   3.780527e-02 4.659143e-02 1.071429e-01
    endloop
  endfacet
  facet normal -6.528221e-01 -7.575112e-01 0.000000e+00
    outer loop
      vertex   3.780527e-02 4.659143e-02 1.071429e-01
      vertex   4.049898e-02 4.427000e-02 1.785714e-01
      vertex   3.780527e-02 4.659143e-02 1.785714e-01
    endloop
  endfacet
  facet normal -6.068001e-01 -7.948544e-01 0.000000e+00
    outer loop
      vertex   3.780527e-02 4.659143e-02 1.071429e-01
      vertex   3.780527e-02 4.659143e-02 1.785714e-01
      vertex   3.497877e-02 4.874921e-02 1.071429e-01
    endloop
  endfacet
  facet normal -6.068001e-01 -7.948544e-01 0.000000e+00
    outer loop
      vertex   3.497877e-02 4.874921e-02 1.071429e-01
      vertex   3.780527e-02 4.659143e-02 1.785714e-01
      vertex   3.497877e-02 4.874921e-02 1.785714e-01
    endloop
  endfacet
  facet normal -5.586468e-01 -8.294057e-01 0.000000e+00
    outer loop
      vertex   3.497877e-02 4.874921e-02 1.071429e-01
      vertex   3.497877e-02 4.874921e-02 1.785714e-01
      vertex   3.202940e-02 5.073576e-02 1.071429e-01
    endloop
  endfacet
  facet normal -5.586468e-01 -8.294057e-01 0.000000e+00
    outer loop
      vertex   3.202940e-02 5.073576e-02 1.071429e-01
      vertex   3.497877e-02 4.874921e-02 1.785714e-01
      vertex   3.202940e-02 5.073576e-02 1.785714e-01
    endloop
  endfacet
  facet normal -5.085311e-01 -8.610436e-01 0.000000e+00
    outer loop
      vertex   3.202940e-02 5.073576e-02 1.071429e-01
      vertex   3.202940e-02 5.073576e-02 1.785714e-01
      vertex   2.896753e-02 5.254410e-02 1.071429e-01
    endloop
  endfacet
  facet normal -5.085311e-01 -8.610436e-01 0.000000e+00
    outer loop
      vertex   2.896753e-02 5.254410e-02 1.071429e-01
      vertex   3.202940e-02 5.073576e-02 1.785714e-01
      vertex   2.896753e-02 5.254410e-02 1.785714e-01
    endloop
  endfacet
  facet normal -4.566292e-01 -8.896571e-01 0.000000e+00
    outer loop
      vertex   2.896753e-02 5.254410e-02 1.071429e-01
      vertex   2.896753e-02 5.254410e-02 1.785714e-01
      vertex   2.580391e-02 5.416787e-02 1.071429e-01
    endloop
  endfacet
  facet normal -4.566292e-01 -8.896571e-01 0.000000e+00
    outer loop
      vertex   2.580391e-02 5.416787e-02 1.071429e-01
      vertex   2.896753e-02 5.254410e-02 1.785714e-01
      vertex   2.580391e-02 5.416787e-02 1.785714e-01
    endloop
  endfacet
  facet normal -4.031234e-01 -9.151456e-01 0.000000e+00
    outer loop
      vertex   2.580391e-02 5.416787e-02 1.071429e-01
      vertex   2.580391e-02 5.416787e-02 1.785714e-01
      vertex   2.254965e-02 5.560138e-02 1.071429e-01
    endloop
  endfacet
  facet normal -4.031234e-01 -9.151456e-01 0.000000e+00
    outer loop
      vertex   2.254965e-02 5.560138e-02 1.071429e-01
      vertex   2.580391e-02 5.416787e-02 1.785714e-01
      vertex   2.254965e-02 5.560138e-02 1.785714e-01
    endloop
  endfacet
  facet normal -3.482016e-01 -9.374197e-01 0.000000e+00
    outer loop
      vertex   2.254965e-02 5.560138e-02 1.071429e-01
      vertex   2.254965e-02 5.560138e-02 1.785714e-01
      vertex   1.921619e-02 5.683958e-02 1.071429e-01
    endloop
  endfacet
  facet normal -3.482016e-01 -9.374197e-01 0.000000e+00
    outer loop
      vertex   1.921619e-02 5.683958e-02 1.071429e-01
      vertex   2.254965e-02 5.560138e-02 1.785714e-01
      vertex   1.921619e-02 5.683958e-02 1.785714e-01
    endloop
  endfacet
  facet normal -2.920568e-01 -9.564010e-01 0.000000e+00
    outer loop
      vertex   1.921619e-02 5.683958e-02 1.071429e-01
      vertex   1.921619e-02 5.683958e-02 1.785714e-01
      vertex   1.581523e-02 5.787813e-02 1.071429e-01
    endloop
  endfacet
  facet normal -2.920568e-01 -9.564010e-01 0.000000e+00
    outer loop
      vertex   1.581523e-02 5.787813e-02 1.071429e-01
      vertex   1.921619e-02 5.683958e-02 1.785714e-01
      vertex   1.581523e-02 5.787813e-02 1.785714e-01
    endloop
  endfacet
  facet normal -2.348860e-01 -9.720229e-01 0.000000e+00
    outer loop
      vertex   1.581523e-02 5.787813e-02 1.071429e-01
      vertex   1.581523e-02 5.787813e-02 1.785714e-01
      vertex   1.235872e-02 5.871339e-02 1.071429e-01
    endloop
  endfacet
  facet normal -2.348860e-01 -9.720229e-01 0.000000e+00
    outer loop
      vertex   1.235872e-02 5.871339e-02 1.071429e-01
      vertex   1.581523e-02 5.787813e-02 1.785714e-01
      vertex   1.235872e-02 5.871339e-02 1.785714e-01
    endloop
  endfacet
  facet normal -1.768903e-01 -9.842306e-01 0.000000e+00
    outer loop
      vertex   1.235872e-02 5.871339e-02 1.071429e-01
      vertex   1.235872e-02 5.871339e-02 1.785714e-01
      vertex   8.858794e-03 5.934241e-02 1.071429e-01
    endloop
  endfacet
  facet normal -1.768903e-01 -9.842306e-01 0.000000e+00
    outer loop
      vertex   8.858794e-03 5.934241e-02 1.071429e-01
      vertex   1.235872e-02 5.871339e-02 1.785714e-01
      vertex   8.858794e-03 5.934241e-02 1.785714e-01
    endloop
  endfacet
  facet normal -1.182732e-01 -9.929811e-01 0.000000e+00
    outer loop
      vertex   8.858794e-03 5.934241e-02 1.071429e-01
      vertex   8.858794e-03 5.934241e-02 1.785714e-01
      vertex   5.327754e-03 5.976299e-02 1.071429e-01
    endloop
  endfacet
  facet normal -1.182732e-01 -9.929811e-01 0.000000e+00
    outer loop
      vertex   5.327754e-03 5.976299e-02 1.071429e-01
      vertex   8.858794e-03 5.934241e-02 1.785714e-01
      vertex   5.327754e-03 5.976299e-02 1.785714e-01
    endloop
  endfacet
  facet normal -5.924063e-02 -9.982437e-01 0.000000e+00
    outer loop
      vertex   5.327754e-03 5.976299e-02 1.071429e-01
      vertex   5.327754e-03 5.976299e-02 1.785714e-01
      vertex   1.778000e-03 5.997365e-02 1.071429e-01
    endloop
  endfacet
  facet normal -5.924063e-02 -9.982437e-01 0.000000e+00
    outer loop
      vertex   1.778000e-03 5.997365e-02 1.071429e-01
      vertex   5.327754e-03 5.976299e-02 1.785714e-01
      vertex   1.778000e-03 5.997365e-02 1.785714e-01
    endloop
  endfacet
  facet normal 0.000000e+00 -1.000000e+00 0.000000e+00
    outer loop
      vertex   1.778000e-03 5.997365e-02 1.071429e-01
      vertex   1.778000e-03 5.997365e-02 1.785714e-01
      vertex   -1.778000e-03 5.997365e-02 1.071429e-01
    endloop
  endfacet
  facet normal 0.000000e+00 -1.000000e+00 0.000000e+00
    outer loop
      vertex   -1.778000e-03 5.997365e-02 1.071429e-01
      vertex   1.778000e-03 5.997365e-02 1.785714e-01
      vertex   -1.778000e-03 5.997365e-02 1.785714e-01
    endloop
  endfacet
  facet normal 5.924063e-02 -9.982437e-01 0.000000e+00
    outer loop
      vertex   -1.778000e-03 5.997365e-02 1.071429e-01
      vertex   -1.778000e-03 5.997365e-02 1.785714e-01
      vertex   -5.327754e-03 5.976299e-02 1.071429e-01
    endloop
  endfacet
  facet normal 5.924063e-02 -9.982437e-01 0.000000e+00
    outer loop
      vertex   -5.327754e-03 5.976299e-02 1.071429e-01
      vertex   -1.778000e-03 5.997365e-02 1.785714e-01
      vertex   -5.327754e-03 5.976299e-02 1.785714e-01
    endloop
  endfacet
  facet normal 1.182732e-01 -9.929811e-01 0.000000e+00
    outer loop
      vertex   -5.327754e-03 5.976299e-02 1.071429e-01
      vertex   -5.327754e-03 5.976299e-02 1.785714e-01
      vertex   -8.858794e-03 5.934241e-02 1.071429e-01
    endloop
  endfacet
  facet normal 1.182732e-01 -9.929811e-01 0.000000e+00
    outer loop
      vertex   -8.858794e-03 5.934241e-02 1.071429e-01
      vertex   -5.327754e-03 5.976299e-02 1.785714e-01
      vertex   -8.858794e-03 5.934241e-02 1.785714e-01
    endloop
  endfacet
  facet normal 1.768903e-01 -9.842306e-01 0.000000e+00
    outer loop
      vertex   -8.858794e-03 5.934241e-02 1.071429e-01
      vertex   -8.858794e-03 5.934241e-02 1.785714e-01
      vertex   -1.235872e-02 5.871339e-02 1.071429e-01
    endloop
  endfacet
  facet normal 1.768903e-01 -9.842306e-01 0.000000e+00
    outer loop
      vertex   -1.235872e-02 5.871339e-02 1.071429e-01
      vertex   -8.858794e-03 5.934241e-02 1.785714e-01
      vertex   -1.235872e-02 5.871339e-02 1.785714e-01
    endloop
  endfacet
  facet normal 2.348860e-01 -9.720229e-01 0.000000e+00
    outer loop
      vertex   -1.235872e-02 5.871339e-02 1.071429e-01
      vertex   -1.235872e-02 5.871339e-02 1.785714e-01
      vertex   -1.581523e-02 5.787813e-02 1.071429e-01
    endloop
  endfacet
  facet normal 2.348860e-01 -9.720229e-01 0.000000e+00
    outer loop
      vertex   -1.581523e-02 5.787813e-02 1.071429e-01
      vertex   -1.235872e-02 5.871339e-02 1.785714e-01
      vertex   -1.581523e-02 5.787813e-02 1.785714e-01
    endloop
  endfacet
  facet normal 2.920568e-01 -9.564010e-01 0.000000e+00
    outer loop
      vertex   -1.581523e-02 5.787813e-02 1.071429e-01
      vertex   -1.581523e-02 5.787813e-02 1.785714e-01
      vertex   -1.921619e-02 5.683958e-02 1.071429e-01
    endloop
  endfacet
  facet normal 2.920568e-01 -9.564010e-01 0.000000e+00
    outer loop
      vertex   -1.921619e-02 5.683958e-02 1.071429e-01
      vertex   -1.581523e-02 5.787813e-02 1.785714e-01
      vertex   -1.921619e-02 5.683958e-02 1.785714e-01
    endloop
  endfacet
  facet normal 3.482016e-01 -9.374197e-01 0.000000e+00
    outer loop
      vertex   -1.921619e-02 5.683958e-02 1.071429e-01
      vertex   -1.921619e-02 5.683958e-02 1.785714e-01
      vertex   -2.254965e-02 5.560138e-02 1.071429e-01
    endloop
  endfacet
  facet normal 3.482016e-01 -9.374197e-01 0.000000e+00
    outer loop
      vertex   -2.254965e-02 5.560138e-02 1.071429e-01
      vertex   -1.921619e-02 5.683958e-02 1.785714e-01
      vertex   -2.254965e-02 5.560138e-02 1.785714e-01
    endloop
  endfacet
  facet normal 4.031234e-01 -9.151456e-01 0.000000e+00
    outer loop
      vertex   -2.254965e-02 5.560138e-02 1.071429e-01
      vertex   -2.254965e-02 5.560138e-02 1.785714e-01
      vertex   -2.580391e-02 5.416787e-02 1.071429e-01
    endloop
  endfacet
  facet normal 4.031234e-01 -9.151456e-01 0.000000e+00
    outer loop
      vertex   -2.580391e-02 5.416787e-02 1.071429e-01
      vertex   -2.254965e-02 5.560138e-02 1.785714e-01
      vertex   -2.580391e-02 5.416787e-02 1.785714e-01
    endloop
  endfacet
  facet normal 4.566292e-01 -8.896571e-01 0.000000e+00
    outer loop
      vertex   -2.580391e-02 5.416787e-02 1.071429e-01
      vertex   -2.580391e-02 5.416787e-02 1.785714e-01
      vertex   -2.896753e-02 5.254410e-02 1.071429e-01
    endloop
  endfacet
  facet normal 4.566292e-01 -8.896571e-01 0.000000e+00
    outer loop
      vertex   -2.896753e-02 5.254410e-02 1.071429e-01
      vertex   -2.580391e-02 5.416787e-02 1.785714e-01
      vertex   -2.896753e-02 5.254410e-02 1.785714e-01
    endloop
  endfacet
  facet normal 5.085311e-01 -8.610436e-01 0.000000e+00
    outer loop
      vertex   -2.896753e-02 5.254410e-02 1.071429e-01
      vertex   -2.896753e-02 5.254410e-02 1.785714e-01
      vertex   -3.202940e-02 5.073576e-02 1.071429e-01
    endloop
  endfacet
  facet normal 5.085311e-01 -8.610436e-01 0.000000e+00
    outer loop
      vertex   -3.202940e-02 5.073576e-02 1.071429e-01
      vertex   -2.896753e-02 5.254410e-02 1.785714e-01
      vertex   -3.202940e-02 5.073576e-02 1.785714e-01
    endloop
  endfacet
  facet normal 5.586468e-01 -8.294057e-01 0.000000e+00
    outer loop
      vertex   -3.202940e-02 5.073576e-02 1.071429e-01
      vertex   -3.202940e-02 5.073576e-02 1.785714e-01
      vertex   -3.497877e-02 4.874921e-02 1.071429e-01
    endloop
  endfacet
  facet normal 5.586468e-01 -8.294057e-01 0.000000e+00
    outer loop
      vertex   -3.497877e-02 4.874921e-02 1.071429e-01
      vertex   -3.202940e-02 5.073576e-02 1.785714e-01
      vertex   -3.497877e-02 4.874921e-02 1.785714e-01
    endloop
  endfacet
  facet normal 6.068001e-01 -7.948544e-01 0.000000e+00
    outer loop
      vertex   -3.497877e-02 4.874921e-02 1.071429e-01
      vertex   -3.497877e-02 4.874921e-02 1.785714e-01
      vertex   -3.780527e-02 4.659143e-02 1.071429e-01
    endloop
  endfacet
  facet normal 6.068001e-01 -7.948544e-01 0.000000e+00
    outer loop
      vertex   -3.780527e-02 4.659143e-02 1.071429e-01
      vertex   -3.497877e-02 4.874921e-02 1.785714e-01
      vertex   -3.780527e-02 4.659143e-02 1.785714e-01
    endloop
  endfacet
  facet normal 6.528221e-01 -7.575112e-01 0.000000e+00
    outer loop
      vertex   -3.780527e-02 4.659143e-02 1.071429e-01
      vertex   -3.780527e-02 4.659143e-02 1.785714e-01
      vertex   -4.049898e-02 4.427000e-02 1.071429e-01
    endloop
  endfacet
  facet normal 6.528221e-01 -7.575112e-01 0.000000e+00
    outer loop
      vertex   -4.049898e-02 4.427000e-02 1.071429e-01
      vertex   -3.780527e-02 4.659143e-02 1.785714e-01
      vertex   -4.049898e-02 4.427000e-02 1.785714e-01
    endloop
  endfacet
  facet normal 6.965510e-01 -7.175073e-01 0.000000e+00
    outer loop
      vertex   -4.049898e-02 4.427000e-02 1.071429e-01
      vertex   -4.049898e-02 4.427000e-02 1.785714e-01
      vertex   -4.305044e-02 4.179306e-02 1.071429e-01
    endloop
  endfacet
  facet normal 6.965510e-01 -7.175073e-01 0.000000e+00
    outer loop
      vertex   -4.305044e-02 4.179306e-02 1.071429e-01
      vertex   -4.049898e-02 4.427000e-02 1.785714e-01
      vertex   -4.305044e-02 4.179306e-02 1.785714e-01
    endloop
  endfacet
  facet normal 7.378333e-01 -6.749830e-01 0.000000e+00
    outer loop
      vertex   -4.305044e-02 4.179306e-02 1.071429e-01
      vertex   -4.305044e-02 4.179306e-02 1.785714e-01
      vertex   -4.545067e-02 3.916933e-02 1.071429e-01
    endloop
  endfacet
  facet normal 7.378333e-01 -6.749830e-01 0.000000e+00
    outer loop
      vertex   -4.545067e-02 3.916933e-02 1.071429e-01
      vertex   -4.305044e-02 4.179306e-02 1.785714e-01
      vertex   -4.545067e-02 3.916933e-02 1.785714e-01
    endloop
  endfacet
  facet normal 7.765239e-01 -6.300878e-01 0.000000e+00
    outer loop
      vertex   -4.545067e-02 3.916933e-02 1.071429e-01
      vertex   -4.545067e-02 3.916933e-02 1.785714e-01
      vertex   -4.769127e-02 3.640801e-02 1.071429e-01
    endloop
  endfacet
  facet normal 7.765239e-01 -6.300878e-01 0.000000e+00
    outer loop
      vertex   -4.769127e-02 3.640801e-02 1.071429e-01
      vertex   -4.545067e-02 3.916933e-02 1.785714e-01
      vertex   -4.769127e-02 3.640801e-02 1.785714e-01
    endloop
  endfacet
  facet normal 8.124869e-01 -5.829795e-01 0.000000e+00
    outer loop
      vertex   -4.769127e-02 3.640801e-02 1.071429e-01
      vertex   -4.769127e-02 3.640801e-02 1.785714e-01
      vertex   -4.976434e-02 3.351881e-02 1.071429e-01
    endloop
  endfacet
  facet normal 8.124869e-01 -5.829795e-01 0.000000e+00
    outer loop
      vertex   -4.976434e-02 3.351881e-02 1.071429e-01
      vertex   -4.769127e-02 3.640801e-02 1.785714e-01
      vertex   -4.976434e-02 3.351881e-02 1.785714e-01
    endloop
  endfacet
  facet normal 8.455960e-01 -5.338234e-01 0.000000e+00
    outer loop
      vertex   -4.976434e-02 3.351881e-02 1.071429e-01
      vertex   -4.976434e-02 3.351881e-02 1.785714e-01
      vertex   -5.166262e-02 3.051187e-02 1.071429e-01
    endloop
  endfacet
  facet normal 8.455960e-01 -5.338234e-01 0.000000e+00
    outer loop
      vertex   -5.166262e-02 3.051187e-02 1.071429e-01
      vertex   -4.976434e-02 3.351881e-02 1.785714e-01
      vertex   -5.166262e-02 3.051187e-02 1.785714e-01
    endloop
  endfacet
  facet normal 8.757349e-01 -4.827922e-01 0.000000e+00
    outer loop
      vertex   -5.166262e-02 3.051187e-02 1.071429e-01
      vertex   -5.166262e-02 3.051187e-02 1.785714e-01
      vertex   -5.337943e-02 2.739775e-02 1.071429e-01
    endloop
  endfacet
  facet normal 8.757349e-01 -4.827922e-01 0.000000e+00
    outer loop
      vertex   -5.337943e-02 2.739775e-02 1.071429e-01
      vertex   -5.166262e-02 3.051187e-02 1.785714e-01
      vertex   -5.337943e-02 2.739775e-02 1.785714e-01
    endloop
  endfacet
  facet normal 9.027978e-01 -4.300652e-01 0.000000e+00
    outer loop
      vertex   -5.337943e-02 2.739775e-02 1.071429e-01
      vertex   -5.337943e-02 2.739775e-02 1.785714e-01
      vertex   -5.490874e-02 2.418741e-02 1.071429e-01
    endloop
  endfacet
  facet normal 9.027978e-01 -4.300652e-01 0.000000e+00
    outer loop
      vertex   -5.490874e-02 2.418741e-02 1.071429e-01
      vertex   -5.337943e-02 2.739775e-02 1.785714e-01
      vertex   -5.490874e-02 2.418741e-02 1.785714e-01
    endloop
  endfacet
  facet normal 9.266896e-01 -3.758276e-01 0.000000e+00
    outer loop
      vertex   -5.490874e-02 2.418741e-02 1.071429e-01
      vertex   -5.490874e-02 2.418741e-02 1.785714e-01
      vertex   -5.624518e-02 2.089210e-02 1.071429e-01
    endloop
  endfacet
  facet normal 9.266896e-01 -3.758276e-01 1.825479e-17
    outer loop
      vertex   -5.624518e-02 2.089210e-02 1.071429e-01
      vertex   -5.490874e-02 2.418741e-02 1.785714e-01
      vertex   -5.624518e-02 2.089210e-02 1.785714e-01
    endloop
  endfacet
  facet normal 9.473264e-01 -3.202699e-01 1.555623e-17
    outer loop
      vertex   -5.624518e-02 2.089210e-02 1.071429e-01
      vertex   -5.624518e-02 2.089210e-02 1.785714e-01
      vertex   -5.738406e-02 1.752341e-02 1.071429e-01
    endloop
  endfacet
  facet normal 9.473264e-01 -3.202699e-01 0.000000e+00
    outer loop
      vertex   -5.738406e-02 1.752341e-02 1.071429e-01
      vertex   -5.624518e-02 2.089210e-02 1.785714e-01
      vertex   -5.738406e-02 1.752341e-02 1.785714e-01
    endloop
  endfacet
  facet normal 9.646356e-01 -2.635872e-01 0.000000e+00
    outer loop
      vertex   -5.738406e-02 1.752341e-02 1.071429e-01
      vertex   -5.738406e-02 1.752341e-02 1.785714e-01
      vertex   -5.832137e-02 1.409316e-02 1.071429e-01
    endloop
  endfacet
  facet normal 9.646356e-01 -2.635872e-01 1.920454e-17
    outer loop
      vertex   -5.832137e-02 1.409316e-02 1.071429e-01
      vertex   -5.738406e-02 1.752341e-02 1.785714e-01
      vertex   -5.832137e-02 1.409316e-02 1.785714e-01
    endloop
  endfacet
  facet normal 9.785565e-01 -2.059786e-01 1.500727e-17
    outer loop
      vertex   -5.832137e-02 1.409316e-02 1.071429e-01
      vertex   -5.832137e-02 1.409316e-02 1.785714e-01
      vertex   -5.905383e-02 1.061342e-02 1.071429e-01
    endloop
  endfacet
  facet normal 9.785565e-01 -2.059786e-01 0.000000e+00
    outer loop
      vertex   -5.905383e-02 1.061342e-02 1.071429e-01
      vertex   -5.832137e-02 1.409316e-02 1.785714e-01
      vertex   -5.905383e-02 1.061342e-02 1.785714e-01
    endloop
  endfacet
  facet normal 9.890402e-01 -1.476466e-01 0.000000e+00
    outer loop
      vertex   -5.905383e-02 1.061342e-02 1.071429e-01
      vertex   -5.905383e-02 1.061342e-02 1.785714e-01
      vertex   -5.957887e-02 7.096390e-03 1.071429e-01
    endloop
  endfacet
  facet normal 9.890402e-01 -1.476466e-01 7.171527e-18
    outer loop
      vertex   -5.957887e-02 7.096390e-03 1.071429e-01
      vertex   -5.905383e-02 1.061342e-02 1.785714e-01
      vertex   -5.957887e-02 7.096390e-03 1.785714e-01
    endloop
  endfacet
  facet normal 9.960498e-01 -8.879590e-02 4.313017e-18
    outer loop
      vertex   -5.957887e-02 7.096390e-03 1.071429e-01
      vertex   -5.957887e-02 7.096390e-03 1.785714e-01
      vertex   -5.989462e-02 3.554438e-03 1.071429e-01
    endloop
  endfacet
  facet normal 9.960498e-01 -8.879590e-02 4.852144e-18
    outer loop
      vertex   -5.989462e-02 3.554438e-03 1.071429e-01
      vertex   -5.957887e-02 7.096390e-03 1.785714e-01
      vertex   -5.989462e-02 3.554438e-03 1.785714e-01
    endloop
  endfacet
  facet normal 9.995608e-01 -2.963333e-02 1.619277e-18
    outer loop
      vertex   -5.989462e-02 3.554438e-03 1.071429e-01
      vertex   -5.989462e-02 3.554438e-03 1.785714e-01
      vertex   -6.000000e-02 0.000000e+00 1.071429e-01
    endloop
  endfacet
  facet normal 9.995608e-01 -2.963333e-02 0.000000e+00
    outer loop
      vertex   -6.000000e-02 0.000000e+00 1.071429e-01
      vertex   -5.989462e-02 3.554438e-03 1.785714e-01
      vertex   -6.000000e-02 0.000000e+00 1.785714e-01
    endloop
  endfacet
  facet normal 9.995608e-01 2.963333e-02 -0.000000e+00
    outer loop
      vertex   -6.000000e-02 0.000000e+00 1.071429e-01
      vertex   -6.000000e-02 0.000000e+00 1.785714e-01
      vertex   -5.989462e-02 -3.554438e-03 1.071429e-01
    endloop
  endfacet
  facet normal 9.995608e-01 2.963333e-02 -1.619277e-18
    outer loop
      vertex   -5.989462e-02 -3.554438e-03 1.071429e-01
      vertex   -6.000000e-02 0.000000e+00 1.785714e-01
      vertex   -5.989462e-02 -3.554438e-03 1.785714e-01
    endloop
  endfacet
  facet normal 9.960498e-01 8.879590e-02 -4.852144e-18
    outer loop
      vertex   -5.989462e-02 -3.554438e-03 1.071429e-01
      vertex   -5.989462e-02 -3.554438e-03 1.785714e-01
      vertex   -5.957887e-02 -7.096390e-03 1.071429e-01
    endloop
  endfacet
  facet normal 9.960498e-01 8.879590e-02 -4.313017e-18
    outer loop
      vertex   -5.957887e-02 -7.096390e-03 1.071429e-01
      vertex   -5.989462e-02 -3.554438e-03 1.785714e-01
      vertex   -5.957887e-02 -7.096390e-03 1.785714e-01
    endloop
  endfacet
  facet normal 9.890402e-01 1.476466e-01 -7.171527e-18
    outer loop
      vertex   -5.957887e-02 -7.096390e-03 1.071429e-01
      vertex   -5.957887e-02 -7.096390e-03 1.785714e-01
      vertex   -5.905383e-02 -1.061342e-02 1.071429e-01
    endloop
  endfacet
  facet normal 9.890402e-01 1.476466e-01 -0.000000e+00
    outer loop
      vertex   -5.905383e-02 -1.061342e-02 1.071429e-01
      vertex   -5.957887e-02 -7.096390e-03 1.785714e-01
      vertex   -5.905383e-02 -1.061342e-02 1.785714e-01
    endloop
  endfacet
  facet normal 9.785565e-01 2.059786e-01 -0.000000e+00
    outer loop
      vertex   -5.905383e-02 -1.061342e-02 1.071429e-01
      vertex   -5.905383e-02 -1.061342e-02 1.785714e-01
      vertex   -5.832137e-02 -1.409316e-02 1.071429e-01
    endloop
  endfacet
  facet normal 9.785565e-01 2.059786e-01 8.005413e-17
    outer loop
      vertex   -5.832137e-02 -1.409316e-02 1.071429e-01
      vertex   -5.905383e-02 -1.061342e-02 1.785714e-01
      vertex   -5.832137e-02 -1.409316e-02 1.785714e-01
    endloop
  endfacet
  facet normal 9.646356e-01 2.635872e-01 7.450452e-17
    outer loop
      vertex   -5.832137e-02 -1.409316e-02 1.071429e-01
      vertex   -5.832137e-02 -1.409316e-02 1.785714e-01
      vertex   -5.738406e-02 -1.752341e-02 1.071429e-01
    endloop
  endfacet
  facet normal 9.646356e-01 2.635872e-01 -0.000000e+00
    outer loop
      vertex   -5.738406e-02 -1.752341e-02 1.071429e-01
      vertex   -5.832137e-02 -1.409316e-02 1.785714e-01
      vertex   -5.738406e-02 -1.752341e-02 1.785714e-01
    endloop
  endfacet
  facet normal 9.473264e-01 3.202699e-01 -0.000000e+00
    outer loop
      vertex   -5.738406e-02 -1.752341e-02 1.071429e-01
      vertex   -5.738406e-02 -1.752341e-02 1.785714e-01
      vertex   -5.624518e-02 -2.089210e-02 1.071429e-01
    endloop
  endfacet
  facet normal 9.473264e-01 3.202699e-01 -0.000000e+00
    outer loop
      vertex   -5.624518e-02 -2.089210e-02 1.071429e-01
      vertex   -5.738406e-02 -1.752341e-02 1.785714e-01
      vertex   -5.624518e-02 -2.089210e-02 1.785714e-01
    endloop
  endfacet
  facet normal 9.266896e-01 3.758276e-01 -0.000000e+00
    outer loop
      vertex   -5.624518e-02 -2.089210e-02 1.071429e-01
      vertex   -5.624518e-02 -2.089210e-02 1.785714e-01
      vertex   -5.490874e-02 -2.418741e-02 1.071429e-01
    endloop
  endfacet
  facet normal 9.266896e-01 3.758276e-01 -1.825479e-17
    outer loop
      vertex   -5.490874e-02 -2.418741e-02 1.071429e-01
      vertex   -5.624518e-02 -2.089210e-02 1.785714e-01
      vertex   -5.490874e-02 -2.418741e-02 1.785714e-01
    endloop
  endfacet
  facet normal 9.027978e-01 4.300652e-01 -2.088924e-17
    outer loop
      vertex   -5.490874e-02 -2.418741e-02 1.071429e-01
      vertex   -5.490874e-02 -2.418741e-02 1.785714e-01
      vertex   -5.337943e-02 -2.739775e-02 1.071429e-01
    endloop
  endfacet
  facet normal 9.027978e-01 4.300652e-01 -0.000000e+00
    outer loop
      vertex   -5.337943e-02 -2.739775e-02 1.071429e-01
      vertex   -5.490874e-02 -2.418741e-02 1.785714e-01
      vertex   -5.337943e-02 -2.739775e-02 1.785714e-01
    endloop
  endfacet
  facet normal 8.757349e-01 4.827922e-01 -0.000000e+00
    outer loop
      vertex   -5.337943e-02 -2.739775e-02 1.071429e-01
      vertex   -5.337943e-02 -2.739775e-02 1.785714e-01
      vertex   -5.166262e-02 -3.051187e-02 1.071429e-01
    endloop
  endfacet
  facet normal 8.757349e-01 4.827922e-01 -0.000000e+00
    outer loop
      vertex   -5.166262e-02 -3.051187e-02 1.071429e-01
      vertex   -5.337943e-02 -2.739775e-02 1.785714e-01
      vertex   -5.166262e-02 -3.051187e-02 1.785714e-01
    endloop
  endfacet
  facet normal 8.455960e-01 5.338234e-01 -0.000000e+00
    outer loop
      vertex   -5.166262e-02 -3.051187e-02 1.071429e-01
      vertex   -5.166262e-02 -3.051187e-02 1.785714e-01
      vertex   -4.976434e-02 -3.351881e-02 1.071429e-01
    endloop
  endfacet
  facet normal 8.455960e-01 5.338234e-01 -0.000000e+00
    outer loop
      vertex   -4.976434e-02 -3.351881e-02 1.071429e-01
      vertex   -5.166262e-02 -3.051187e-02 1.785714e-01
      vertex   -4.976434e-02 -3.351881e-02 1.785714e-01
    endloop
  endfacet
  facet normal 8.124869e-01 5.829795e-01 -0.000000e+00
    outer loop
      vertex   -4.976434e-02 -3.351881e-02 1.071429e-01
      vertex   -4.976434e-02 -3.351881e-02 1.785714e-01
      vertex   -4.769127e-02 -3.640801e-02 1.071429e-01
    endloop
  endfacet
  facet normal 8.124869e-01 5.829795e-01 -0.000000e+00
    outer loop
      vertex   -4.769127e-02 -3.640801e-02 1.071429e-01
      vertex   -4.976434e-02 -3.351881e-02 1.785714e-01
      vertex   -4.769127e-02 -3.640801e-02 1.785714e-01
    endloop
  endfacet
  facet normal 7.765239e-01 6.300878e-01 -0.000000e+00
    outer loop
      vertex   -4.769127e-02 -3.640801e-02 1.071429e-01
      vertex   -4.769127e-02 -3.640801e-02 1.785714e-01
      vertex   -4.545067e-02 -3.916933e-02 1.071429e-01
    endloop
  endfacet
  facet normal 7.765239e-01 6.300878e-01 -0.000000e+00
    outer loop
      vertex   -4.545067e-02 -3.916933e-02 1.071429e-01
      vertex   -4.769127e-02 -3.640801e-02 1.785714e-01
      vertex   -4.545067e-02 -3.916933e-02 1.785714e-01
    endloop
  endfacet
  facet normal 7.378333e-01 6.749830e-01 -0.000000e+00
    outer loop
      vertex   -4.545067e-02 -3.916933e-02 1.071429e-01
      vertex   -4.545067e-02 -3.916933e-02 1.785714e-01
      vertex   -4.305044e-02 -4.179306e-02 1.071429e-01
    endloop
  endfacet
  facet normal 7.378333e-01 6.749830e-01 -0.000000e+00
    outer loop
      vertex   -4.305044e-02 -4.179306e-02 1.071429e-01
      vertex   -4.545067e-02 -3.916933e-02 1.785714e-01
      vertex   -4.305044e-02 -4.179306e-02 1.785714e-01
    endloop
  endfacet
  facet normal 6.965510e-01 7.175073e-01 -0.000000e+00
    outer loop
      vertex   -4.305044e-02 -4.179306e-02 1.071429e-01
      vertex   -4.305044e-02 -4.179306e-02 1.785714e-01
      vertex   -4.049898e-02 -4.427000e-02 1.071429e-01
    endloop
  endfacet
  facet normal 6.965510e-01 7.175073e-01 -0.000000e+00
    outer loop
      vertex   -4.049898e-02 -4.427000e-02 1.071429e-01
      vertex   -4.305044e-02 -4.179306e-02 1.785714e-01
      vertex   -4.049898e-02 -4.427000e-02 1.785714e-01
    endloop
  endfacet
  facet normal 6.528221e-01 7.575112e-01 -0.000000e+00
    outer loop
      vertex   -4.049898e-02 -4.427000e-02 1.071429e-01
      vertex   -4.049898e-02 -4.427000e-02 1.785714e-01
      vertex   -3.780527e-02 -4.659143e-02 1.071429e-01
    endloop
  endfacet
  facet normal 6.528221e-01 7.575112e-01 -0.000000e+00
    outer loop
      vertex   -3.780527e-02 -4.659143e-02 1.071429e-01
      vertex   -4.049898e-02 -4.427000e-02 1.785714e-01
      vertex   -3.780527e-02 -4.659143e-02 1.785714e-01
    endloop
  endfacet
  facet normal 6.068001e-01 7.948544e-01 -0.000000e+00
    outer loop
      vertex   -3.780527e-02 -4.659143e-02 1.071429e-01
      vertex   -3.780527e-02 -4.659143e-02 1.785714e-01
      vertex   -3.497877e-02 -4.874921e-02 1.071429e-01
    endloop
  endfacet
  facet normal 6.068001e-01 7.948544e-01 -0.000000e+00
    outer loop
      vertex   -3.497877e-02 -4.874921e-02 1.071429e-01
      vertex   -3.780527e-02 -4.659143e-02 1.785714e-01
      vertex   -3.497877e-02 -4.874921e-02 1.785714e-01
    endloop
  endfacet
  facet normal 5.586468e-01 8.294057e-01 -0.000000e+00
    outer loop
      vertex   -3.497877e-02 -4.874921e-02 1.071429e-01
      vertex   -3.497877e-02 -4.874921e-02 1.785714e-01
      vertex   -3.202940e-02 -5.073576e-02 1.071429e-01
    endloop
  endfacet
  facet normal 5.586468e-01 8.294057e-01 -0.000000e+00
    outer loop
      vertex   -3.202940e-02 -5.073576e-02 1.071429e-01
      vertex   -3.497877e-02 -4.874921e-02 1.785714e-01
      vertex   -3.202940e-02 -5.073576e-02 1.785714e-01
    endloop
  endfacet
  facet normal 5.085311e-01 8.610436e-01 -0.000000e+00
    outer loop
      vertex   -3.202940e-02 -5.073576e-02 1.071429e-01
      vertex   -3.202940e-02 -5.073576e-02 1.785714e-01
      vertex   -2.896753e-02 -5.254410e-02 1.071429e-01
    endloop
  endfacet
  facet normal 5.085311e-01 8.610436e-01 -0.000000e+00
    outer loop
      vertex   -2.896753e-02 -5.254410e-02 1.071429e-01
      vertex   -3.202940e-02 -5.073576e-02 1.785714e-01
      vertex   -2.896753e-02 -5.254410e-02 1.785714e-01
    endloop
  endfacet
  facet normal 4.566292e-01 8.896571e-01 -0.000000e+00
    outer loop
      vertex   -2.896753e-02 -5.254410e-02 1.071429e-01
      vertex   -2.896753e-02 -5.254410e-02 1.785714e-01
      vertex   -2.580391e-02 -5.416787e-02 1.071429e-01
    endloop
  endfacet
  facet normal 4.566292e-01 8.896571e-01 -0.000000e+00
    outer loop
      vertex   -2.580391e-02 -5.416787e-02 1.071429e-01
      vertex   -2.896753e-02 -5.254410e-02 1.785714e-01
      vertex   -2.580391e-02 -5.416787e-02 1.785714e-01
    endloop
  endfacet
  facet normal 4.031234e-01 9.151456e-01 -0.000000e+00
    outer loop
      vertex   -2.580391e-02 -5.416787e-02 1.071429e-01
      vertex   -2.580391e-02 -5.416787e-02 1.785714e-01
      vertex   -2.254965e-02 -5.560138e-02 1.071429e-01
    endloop
  endfacet
  facet normal 4.031234e-01 9.151456e-01 -0.000000e+00
    outer loop
      vertex   -2.254965e-02 -5.560138e-02 1.071429e-01
      vertex   -2.580391e-02 -5.416787e-02 1.785714e-01
      vertex   -2.254965e-02 -5.560138e-02 1.785714e-01
    endloop
  endfacet
  facet normal 3.482016e-01 9.374197e-01 -0.000000e+00
    outer loop
      vertex   -2.254965e-02 -5.560138e-02 1.071429e-01
      vertex   -2.254965e-02 -5.560138e-02 1.785714e-01
      vertex   -1.921619e-02 -5.683958e-02 1.071429e-01
    endloop
  endfacet
  facet normal 3.482016e-01 9.374197e-01 -0.000000e+00
    outer loop
      vertex   -1.921619e-02 -5.683958e-02 1.071429e-01
      vertex   -2.254965e-02 -5.560138e-02 1.785714e-01
      vertex   -1.921619e-02 -5.683958e-02 1.785714e-01
    endloop
  endfacet
  facet normal 2.920568e-01 9.564010e-01 -0.000000e+00
    outer loop
      vertex   -1.921619e-02 -5.683958e-02 1.071429e-01
      vertex   -1.921619e-02 -5.683958e-02 1.785714e-01
      vertex   -1.581523e-02 -5.787813e-02 1.071429e-01
    endloop
  endfacet
  facet normal 2.920568e-01 9.564010e-01 -0.000000e+00
    outer loop
      vertex   -1.581523e-02 -5.787813e-02 1.071429e-01
      vertex   -1.921619e-02 -5.683958e-02 1.785714e-01
      vertex   -1.581523e-02 -5.787813e-02 1.785714e-01
    endloop
  endfacet
  facet normal 2.348860e-01 9.720229e-01 -0.000000e+00
    outer loop
      vertex   -1.581523e-02 -5.787813e-02 1.071429e-01
      vertex   -1.581523e-02 -5.787813e-02 1.785714e-01
      vertex   -1.235872e-02 -5.871339e-02 1.071429e-01
    endloop
  endfacet
  facet normal 2.348860e-01 9.720229e-01 -0.000000e+00
    outer loop
      vertex   -1.235872e-02 -5.871339e-02 1.071429e-01
      vertex   -1.581523e-02 -5.787813e-02 1.785714e-01
      vertex   -1.235872e-02 -5.871339e-02 1.785714e-01
    endloop
  endfacet
  facet normal 1.768903e-01 9.842306e-01 -0.000000e+00
    outer loop
      vertex   -1.235872e-02 -5.871339e-02 1.071429e-01
      vertex   -1.235872e-02 -5.871339e-02 1.785714e-01
      vertex   -8.858794e-03 -5.934241e-02 1.071429e-01
    endloop
  endfacet
  facet normal 1.768903e-01 9.842306e-01 -0.000000e+00
    outer loop
      vertex   -8.858794e-03 -5.934241e-02 1.071429e-01
      vertex   -1.235872e-02 -5.871339e-02 1.785714e-01
      vertex   -8.858794e-03 -5.934241e-02 1.785714e-01
    endloop
  endfacet
  facet normal 1.182732e-01 9.929811e-01 -0.000000e+00
    outer loop
      vertex   -8.858794e-03 -5.934241e-02 1.071429e-01
      vertex   -8.858794e-03 -5.934241e-02 1.785714e-01
      vertex   -5.327754e-03 -5.976299e-02 1.071429e-01
    endloop
  endfacet
  facet normal 1.182732e-01 9.929811e-01 -0.000000e+00
    outer loop
      vertex   -5.327754e-03 -5.976299e-02 1.071429e-01
      vertex   -8.858794e-03 -5.934241e-02 1.785714e-01
      vertex   -5.327754e-03 -5.976299e-02 1.785714e-01
    endloop
  endfacet
  facet normal 5.924063e-02 9.982437e-01 -0.000000e+00
    outer loop
      vertex   -5.327754e-03 -5.976299e-02 1.071429e-01
      vertex   -5.327754e-03 -5.976299e-02 1.785714e-01
      vertex   -1.778000e-03 -5.997365e-02 1.071429e-01
    endloop
  endfacet
  facet normal 5.924063e-02 9.982437e-01 -0.000000e+00
    outer loop
      vertex   -1.778000e-03 -5.997365e-02 1.071429e-01
      vertex   -5.327754e-03 -5.976299e-02 1.785714e-01
      vertex   -1.778000e-03 -5.997365e-02 1.785714e-01
    endloop
  endfacet
  facet normal 0.000000e+00 1.000000e+00 0.000000e+00
    outer loop
      vertex   -1.778000e-03 -5.997365e-02 1.071429e-01
      vertex   -1.778000e-03 -5.997365e-02 1.785714e-01
      vertex   1.778000e-03 -5.997365e-02 1.071429e-01
    endloop
  endfacet
  facet normal 0.000000e+00 1.000000e+00 -0.000000e+00
    outer loop
      vertex   1.778000e-03 -5.997365e-02 1.071429e-01
      vertex   -1.778000e-03 -5.997365e-02 1.785714e-01
      vertex   1.778000e-03 -5.997365e-02 1.785714e-01
    endloop
  endfacet
  facet normal -5.924063e-02 9.982437e-01 0.000000e+00
    outer loop
      vertex   1.778000e-03 -5.997365e-02 1.071429e-01
      vertex   1.778000e-03 -5.997365e-02 1.785714e-01
      vertex   5.327754e-03 -5.976299e-02 1.071429e-01
    endloop
  endfacet
  facet normal -5.924063e-02 9.982437e-01 0.000000e+00
    outer loop
      vertex   5.327754e-03 -5.976299e-02 1.071429e-01
      vertex   1.778000e-03 -5.997365e-02 1.785714e-01
      vertex   5.327754e-03 -5.976299e-02 1.785714e-01
    endloop
  endfacet
  facet normal -1.182732e-01 9.929811e-01 0.000000e+00
    outer loop
      vertex   5.327754e-03 -5.976299e-02 1.071429e-01
      vertex   5.327754e-03 -5.976299e-02 1.785714e-01
      vertex   8.858794e-03 -5.934241e-02 1.071429e-01
    endloop
  endfacet
  facet normal -1.182732e-01 9.929811e-01 0.000000e+00
    outer loop
      vertex   8.858794e-03 -5.934241e-02 1.071429e-01
      vertex   5.327754e-03 -5.976299e-02 1.785714e-01
      vertex   8.858794e-03 -5.934241e-02 1.785714e-01
    endloop
  endfacet
  facet normal -1.768903e-01 9.842306e-01 0.000000e+00
    outer loop
      vertex   8.858794e-03 -5.934241e-02 1.071429e-01
      vertex   8.858794e-03 -5.934241e-02 1.785714e-01
      vertex   1.235872e-02 -5.871339e-02 1.071429e-01
    endloop
  endfacet
  facet normal -1.768903e-01 9.842306e-01 0.000000e+00
    outer loop
      vertex   1.235872e-02 -5.871339e-02 1.071429e-01
      vertex   8.858794e-03 -5.934241e-02 1.785714e-01
      vertex   1.235872e-02 -5.871339e-02 1.785714e-01
    endloop
  endfacet
  facet normal -2.348860e-01 9.720229e-01 0.000000e+00
    outer loop
      vertex   1.235872e-02 -5.871339e-02 1.071429e-01
      vertex   1.235872e-02 -5.871339e-02 1.785714e-01
      vertex   1.581523e-02 -5.787813e-02 1.071429e-01
    endloop
  endfacet
  facet normal -2.348860e-01 9.720229e-01 0.000000e+00
    outer loop
      vertex   1.581523e-02 -5.787813e-02 1.071429e-01
      vertex   1.235872e-02 -5.871339e-02 1.785714e-01
      vertex   1.581523e-02 -5.787813e-02 1.785714e-01
    endloop
  endfacet
  facet normal -2.920568e-01 9.564010e-01 0.000000e+00
    outer loop
      vertex   1.581523e-02 -5.787813e-02 1.071429e-01
      vertex   1.581523e-02 -5.787813e-02 1.785714e-01
      vertex   1.921619e-02 -5.683958e-02 1.071429e-01
    endloop
  endfacet
  facet normal -2.920568e-01 9.564010e-01 0.000000e+00
    outer loop
      vertex   1.921619e-02 -5.683958e-02 1.071429e-01
      vertex   1.581523e-02 -5.787813e-02 1.785714e-01
      vertex   1.921619e-02 -5.683958e-02 1.785714e-01
    endloop
  endfacet
  facet normal -3.482016e-01 9.374197e-01 0.000000e+00
    outer loop
      vertex   1.921619e-02 -5.683958e-02 1.071429e-01
      vertex   1.921619e-02 -5.683958e-02 1.785714e-01
      vertex   2.254965e-02 -5.560138e-02 1.071429e-01
    endloop
  endfacet
  facet normal -3.482016e-01 9.374197e-01 0.000000e+00
    outer loop
      vertex   2.254965e-02 -5.560138e-02 1.071429e-01
      vertex   1.921619e-02 -5.683958e-02 1.785714e-01
      vertex   2.254965e-02 -5.560138e-02 1.785714e-01
    endloop
  endfacet
  facet normal -4.031234e-01 9.151456e-01 0.000000e+00
    outer loop
      vertex   2.254965e-02 -5.560138e-02 1.071429e-01
      vertex   2.254965e-02 -5.560138e-02 1.785714e-01
      vertex   2.580391e-02 -5.416787e-02 1.071429e-01
    endloop
  endfacet
  facet normal -4.031234e-01 9.151456e-01 0.000000e+00
    outer loop
      vertex   2.580391e-02 -5.416787e-02 1.071429e-01
      vertex   2.254965e-02 -5.560138e-02 1.785714e-01
      vertex   2.580391e-02 -5.416787e-02 1.785714e-01
    endloop
  endfacet
  facet normal -4.566292e-01 8.896571e-01 0.000000e+00
    outer loop
      vertex   2.580391e-02 -5.416787e-02 1.071429e-01
      vertex   2.580391e-02 -5.416787e-02 1.785714e-01
      vertex   2.896753e-02 -5.254410e-02 1.071429e-01
    endloop
  endfacet
  facet normal -4.566292e-01 8.896571e-01 0.000000e+00
    outer loop
      vertex   2.896753e-02 -5.254410e-02 1.071429e-01
      vertex   2.580391e-02 -5.416787e-02 1.785714e-01
      vertex   2.896753e-02 -5.254410e-02 1.785714e-01
    endloop
  endfacet
  facet normal -5.085311e-01 8.610436e-01 0.000000e+00
    outer loop
      vertex   2.896753e-02 -5.254410e-02 1.071429e-01
      vertex   2.896753e-02 -5.254410e-02 1.785714e-01
      vertex   3.202940e-02 -5.073576e-02 1.071429e-01
    endloop
  endfacet
  facet normal -5.085311e-01 8.610436e-01 0.000000e+00
    outer loop
      vertex   3.202940e-02 -5.073576e-02 1.071429e-01
      vertex   2.896753e-02 -5.254410e-02 1.785714e-01
      vertex   3.202940e-02 -5.073576e-02 1.785714e-01
    endloop
  endfacet
  facet normal -5.586468e-01 8.294057e-01 0.000000e+00
    outer loop
      vertex   3.202940e-02 -5.073576e-02 1.071429e-01
      vertex   3.202940e-02 -5.073576e-02 1.785714e-01
      vertex   3.497877e-02 -4.874921e-02 1.071429e-01
    endloop
  endfacet
  facet normal -5.586468e-01 8.294057e-01 0.000000e+00
    outer loop
      vertex   3.497877e-02 -4.874921e-02 1.071429e-01
      vertex   3.202940e-02 -5.073576e-02 1.785714e-01
      vertex   3.497877e-02 -4.874921e-02 1.785714e-01
    endloop
  endfacet
  facet normal -6.068001e-01 7.948544e-01 0.000000e+00
    outer loop
      vertex   3.497877e-02 -4.874921e-02 1.071429e-01
      vertex   3.497877e-02 -4.874921e-02 1.785714e-01
      vertex   3.780527e-02 -4.659143e-02 1.071429e-01
    endloop
  endfacet
  facet normal -6.068001e-01 7.948544e-01 0.000000e+00
    outer loop
      vertex   3.780527e-02 -4.659143e-02 1.071429e-01
      vertex   3.497877e-02 -4.874921e-02 1.785714e-01
      vertex   3.780527e-02 -4.659143e-02 1.785714e-01
    endloop
  endfacet
  facet normal -6.528221e-01 7.575112e-01 0.000000e+00
    outer loop
      vertex   3.780527e-02 -4.659143e-02 1.071429e-01
      vertex   3.780527e-02 -4.659143e-02 1.785714e-01
      vertex   4.049898e-02 -4.427000e-02 1.071429e-01
    endloop
  endfacet
  facet normal -6.528221e-01 7.575112e-01 0.000000e+00
    outer loop
      vertex   4.049898e-02 -4.427000e-02 1.071429e-01
      vertex   3.780527e-02 -4.659143e-02 1.785714e-01
      vertex   4.049898e-02 -4.427000e-02 1.785714e-01
    endloop
  endfacet
  facet normal -6.965510e-01 7.175073e-01 0.000000e+00
    outer loop
      vertex   4.049898e-02 -4.427000e-02 1.071429e-01
      vertex   4.049898e-02 -4.427000e-02 1.785714e-01
      vertex   4.305044e-02 -4.179306e-02 1.071429e-01
    endloop
  endfacet
  facet normal -6.965510e-01 7.175073e-01 0.000000e+00
    outer loop
      vertex   4.305044e-02 -4.179306e-02 1.071429e-01
      vertex   4.049898e-02 -4.427000e-02 1.785714e-01
      vertex   4.305044e-02 -4.179306e-02 1.785714e-01
    endloop
  endfacet
  facet normal -7.378333e-01 6.749830e-01 0.000000e+00
    outer loop
      vertex   4.305044e-02 -4.179306e-02 1.071429e-01
      vertex   4.305044e-02 -4.179306e-02 1.785714e-01
      vertex   4.545067e-02 -3.916933e-02 1.071429e-01
    endloop
  endfacet
  facet normal -7.378333e-01 6.749830e-01 0.000000e+00
    outer loop
      vertex   4.545067e-02 -3.916933e-02 1.071429e-01
      vertex   4.305044e-02 -4.179306e-02 1.785714e-01
      vertex   4.545067e-02 -3.916933e-02 1.785714e-01
    endloop
  endfacet
  facet normal -7.765239e-01 6.300878e-01 0.000000e+00
    outer loop
      vertex   4.545067e-02 -3.916933e-02 1.071429e-01
      vertex   4.545067e-02 -3.916933e-02 1.785714e-01
      vertex   4.769127e-02 -3.640801e-02 1.071429e-01
    endloop
  endfacet
  facet normal -7.765239e-01 6.300878e-01 0.000000e+00
    outer loop
      vertex   4.769127e-02 -3.640801e-02 1.071429e-01
      vertex   4.545067e-02 -3.916933e-02 1.785714e-01
      vertex   4.769127e-02 -3.640801e-02 1.785714e-01
    endloop
  endfacet
  facet normal -8.124869e-01 5.829795e-01 0.000000e+00
    outer loop
      vertex   4.769127e-02 -3.640801e-02 1.071429e-01
      vertex   4.769127e-02 -3.640801e-02 1.785714e-01
      vertex   4.976434e-02 -3.351881e-02 1.071429e-01
    endloop
  endfacet
  facet normal -8.124869e-01 5.829795e-01 0.000000e+00
    outer loop
      vertex   4.976434e-02 -3.351881e-02 1.071429e-01
      vertex   4.769127e-02 -3.640801e-02 1.785714e-01
      vertex   4.976434e-02 -3.351881e-02 1.785714e-01
    endloop
  endfacet
  facet normal -8.455960e-01 5.338234e-01 0.000000e+00
    outer loop
      vertex   4.976434e-02 -3.351881e-02 1.071429e-01
      vertex   4.976434e-02 -3.351881e-02 1.785714e-01
      vertex   5.166262e-02 -3.051187e-02 1.071429e-01
    endloop
  endfacet
  facet normal -8.455960e-01 5.338234e-01 0.000000e+00
    outer loop
      vertex   5.166262e-02 -3.051187e-02 1.071429e-01
      vertex   4.976434e-02 -3.351881e-02 1.785714e-01
      vertex   5.166262e-02 -3.051187e-02 1.785714e-01
    endloop
  endfacet
  facet normal -8.757349e-01 4.827922e-01 0.000000e+00
    outer loop
      vertex   5.166262e-02 -3.051187e-02 1.071429e-01
      vertex   5.166262e-02 -3.051187e-02 1.785714e-01
      vertex   5.337943e-02 -2.739775e-02 1.071429e-01
    endloop
  endfacet
  facet normal -8.757349e-01 4.827922e-01 0.000000e+00
    outer loop
      vertex   5.337943e-02 -2.739775e-02 1.071429e-01
      vertex   5.166262e-02 -3.051187e-02 1.785714e-01
      vertex   5.337943e-02 -2.739775e-02 1.785714e-01
    endloop
  endfacet
  facet normal -9.027978e-01 4.300652e-01 0.000000e+00
    outer loop
      vertex   5.337943e-02 -2.739775e-02 1.071429e-01
      vertex   5.337943e-02 -2.739775e-02 1.785714e-01
      vertex   5.490874e-02 -2.418741e-02 1.071429e-01
    endloop
  endfacet
  facet normal -9.027978e-01 4.300652e-01 0.000000e+00
    outer loop
      vertex   5.490874e-02 -2.418741e-02 1.071429e-01
      vertex   5.337943e-02 -2.739775e-02 1.785714e-01
      vertex   5.490874e-02 -2.418741e-02 1.785714e-01
    endloop
  endfacet
  facet normal -9.266896e-01 3.758276e-01 0.000000e+00
    outer loop
      vertex   5.490874e-02 -2.418741e-02 1.071429e-01
      vertex   5.490874e-02 -2.418741e-02 1.785714e-01
      vertex   5.624518e-02 -2.089210e-02 1.071429e-01
    endloop
  endfacet
  facet normal -9.266896e-01 3.758276e-01 0.000000e+00
    outer loop
      vertex   5.624518e-02 -2.089210e-02 1.071429e-01
      vertex   5.490874e-02 -2.418741e-02 1.785714e-01
      vertex   5.624518e-02 -2.089210e-02 1.785714e-01
    endloop
  endfacet
  facet normal -9.473264e-01 3.202699e-01 0.000000e+00
    outer loop
      vertex   5.624518e-02 -2.089210e-02 1.071429e-01
      vertex   5.624518e-02 -2.089210e-02 1.785714e-01
      vertex   5.738406e-02 -1.752341e-02 1.071429e-01
    endloop
  endfacet
  facet normal -9.473264e-01 3.202699e-01 0.000000e+00
    outer loop
      vertex   5.738406e-02 -1.752341e-02 1.071429e-01
      vertex   5.624518e-02 -2.089210e-02 1.785714e-01
      vertex   5.738406e-02 -1.752341e-02 1.785714e-01
    endloop
  endfacet
  facet normal -9.646356e-01 2.635872e-01 0.000000e+00
    outer loop
      vertex   5.738406e-02 -1.752341e-02 1.071429e-01
      vertex   5.738406e-02 -1.752341e-02 1.785714e-01
      vertex   5.832137e-02 -1.409316e-02 1.071429e-01
    endloop
  endfacet
  facet normal -9.646356e-01 2.635872e-01 0.000000e+00
    outer loop
      vertex   5.832137e-02 -1.409316e-02 1.071429e-01
      vertex   5.738406e-02 -1.752341e-02 1.785714e-01
      vertex   5.832137e-02 -1.409316e-02 1.785714e-01
    endloop
  endfacet
  facet normal -9.785565e-01 2.059786e-01 0.000000e+00
    outer loop
      vertex   5.832137e-02 -1.409316e-02 1.071429e-01
      vertex   5.832137e-02 -1.409316e-02 1.785714e-01
      vertex   5.905383e-02 -1.061342e-02 1.071429e-01
    endloop
  endfacet
  facet normal -9.785565e-01 2.059786e-01 0.000000e+00
    outer loop
      vertex   5.905383e-02 -1.061342e-02 1.071429e-01
      vertex   5.832137e-02 -1.409316e-02 1.785714e-01
      vertex   5.905383e-02 -1.061342e-02 1.785714e-01
    endloop
  endfacet
  facet normal -9.890402e-01 1.476466e-01 0.000000e+00
    outer loop
      vertex   5.905383e-02 -1.061342e-02 1.071429e-01
      vertex   5.905383e-02 -1.061342e-02 1.785714e-01
      vertex   5.957887e-02 -7.096390e-03 1.071429e-01
    endloop
  endfacet
  facet normal -9.890402e-01 1.476466e-01 0.000000e+00
    outer loop
      vertex   5.957887e-02 -7.096390e-03 1.071429e-01
      vertex   5.905383e-02 -1.061342e-02 1.785714e-01
      vertex   5.957887e-02 -7.096390e-03 1.785714e-01
    endloop
  endfacet
  facet normal -9.960498e-01 8.879590e-02 0.000000e+00
    outer loop
      vertex   5.957887e-02 -7.096390e-03 1.071429e-01
      vertex   5.957887e-02 -7.096390e-03 1.785714e-01
      vertex   5.989462e-02 -3.554438e-03 1.071429e-01
    endloop
  endfacet
  facet normal -9.960498e-01 8.879590e-02 0.000000e+00
    outer loop
      vertex   5.989462e-02 -3.554438e-03 1.071429e-01
      vertex   5.957887e-02 -7.096390e-03 1.785714e-01
      vertex   5.989462e-02 -3.554438e-03 1.785714e-01
    endloop
  endfacet
  facet normal -9.995608e-01 2.963333e-02 0.000000e+00
    outer loop
      vertex   5.989462e-02 -3.554438e-03 1.071429e-01
      vertex   5.989462e-02 -3.554438e-03 1.785714e-01
      vertex   6.000000e-02 7.347881e-18 1.071429e-01
    endloop
  endfacet
  facet normal -9.995608e-01 2.963333e-02 0.000000e+00
    outer loop
      vertex   6.000000e-02 7.347881e-18 1.071429e-01
      vertex   5.989462e-02 -3.554438e-03 1.785714e-01
      vertex   6.000000e-02 7.347881e-18 1.785714e-01
    endloop
  endfacet
  facet normal -1.000000e+00 -1.067522e-16 -0.000000e+00
    outer loop
      vertex   -6.500000e-02 -6.500000e-02 2.500000e-01
      vertex   -6.500000e-02 6.500000e-02 2.500000e-01
      vertex   -6.500000e-02 -6.500000e-02 -2.500000e-01
    endloop
  endfacet
  facet normal -1.000000e+00 -1.067522e-16 0.000000e+00
    outer loop
      vertex   -6.500000e-02 -6.500000e-02 -2.500000e-01
      vertex   -6.500000e-02 6.500000e-02 2.500000e-01
      vertex   -6.500000e-02 6.500000e-02 -2.500000e-01
    endloop
  endfacet
  facet normal -0.000000e+00 1.000000e+00 0.000000e+00
    outer loop
      vertex   -6.500000e-02 6.500000e-02 2.500000e-01
      vertex   6.500000e-02 6.500000e-02 2.500000e-01
      vertex   -6.500000e-02 6.500000e-02 -2.500000e-01
    endloop
  endfacet
  facet normal 0.000000e+00 1.000000e+00 0.000000e+00
    outer loop
      vertex   -6.500000e-02 6.500000e-02 -2.500000e-01
      vertex   6.500000e-02 6.500000e-02 2.500000e-01
      vertex   6.500000e-02 6.500000e-02 -2.500000e-01
    endloop
  endfacet
  facet normal 1.000000e+00 0.000000e+00 0.000000e+00
    outer loop
      vertex   6.500000e-02 6.500000e-02 2.500000e-01
      vertex   6.500000e-02 -6.500000e-02 2.500000e-01
      vertex   6.500000e-02 6.500000e-02 -2.500000e-01
    endloop
  endfacet
  facet normal 1.000000e+00 0.000000e+00 0.000000e+00
    outer loop
      vertex   6.500000e-02 6.500000e-02 -2.500000e-01
      vertex   6.500000e-02 -6.500000e-02 2.500000e-01
      vertex   6.500000e-02 -6.500000e-02 -2.500000e-01
    endloop
  endfacet
  facet normal 2.135044e-16 -1.000000e+00 0.000000e+00
    outer loop
      vertex   6.500000e-02 -6.500000e-02 2.500000e-01
      vertex   -6.500000e-02 -6.500000e-02 2.500000e-01
      vertex   6.500000e-02 -6.500000e-02 -2.500000e-01
    endloop
  endfacet
  facet normal 2.135044e-16 -1.000000e+00 0.000000e+00
    outer loop
      vertex   6.500000e-02 -6.500000e-02 -2.500000e-01
      vertex   -6.500000e-02 -6.500000e-02 2.500000e-01
      vertex   -6.500000e-02 -6.500000e-02 -2.500000e-01
    endloop
  endfacet
  facet normal 0.000000e+00 0.000000e+00 1.000000e+00
    outer loop
      vertex   6.500000e-02 -6.500000e-02 2.500000e-01
      vertex   -1.778000e-03 -5.997365e-02 2.500000e-01
      vertex   -6.500000e-02 -6.500000e-02 2.500000e-01
    endloop
  endfacet
  facet normal 0.000000e+00 0.000000e+00 1.000000e+00
    outer loop
      vertex   -6.500000e-02 -6.500000e-02 2.500000e-01
      vertex   -1.778000e-03 -5.997365e-02 2.500000e-01
      vertex   -5.327754e-03 -5.976299e-02 2.500000e-01
    endloop
  endfacet
  facet normal 0.000000e+00 0.000000e+00 1.000000e+00
    outer loop
      vertex   -6.500000e-02 -6.500000e-02 2.500000e-01
      vertex   -5.327754e-03 -5.976299e-02 2.500000e-01
      vertex   -8.858794e-03 -5.934241e-02 2.500000e-01
    endloop
  endfacet
  facet normal 0.000000e+00 0.000000e+00 1.000000e+00
    outer loop
      vertex   6.500000e-02 6.500000e-02 2.500000e-01
      vertex   6.000000e-02 8.881784e-18 2.500000e-01
      vertex   6.500000e-02 -6.500000e-02 2.500000e-01
    endloop
  endfacet
  facet normal 0.000000e+00 0.000000e+00 1.000000e+00
    outer loop
      vertex   6.500000e-02 -6.500000e-02 2.500000e-01
      vertex   6.000000e-02 8.881784e-18 2.500000e-01
      vertex   5.989462e-02 -3.554438e-03 2.500000e-01
    endloop
  endfacet
  facet normal 0.000000e+00 0.000000e+00 1.000000e+00
    outer loop
      vertex   6.500000e-02 -6.500000e-02 2.500000e-01
      vertex   5.989462e-02 -3.554438e-03 2.500000e-01
      vertex   5.957887e-02 -7.096390e-03 2.500000e-01
    endloop
  endfacet
  facet normal -0.000000e+00 0.000000e+00 1.000000e+00
    outer loop
      vertex   -6.500000e-02 6.500000e-02 2.500000e-01
      vertex   1.778000e-03 5.997365e-02 2.500000e-01
      vertex   6.500000e-02 6.500000e-02 2.500000e-01
    endloop
  endfacet
  facet normal 0.000000e+00 0.000000e+00 1.000000e+00
    outer loop
      vertex   6.500000e-02 6.500000e-02 2.500000e-01
      vertex   1.778000e-03 5.997365e-02 2.500000e-01
      vertex   5.327754e-03 5.976299e-02 2.500000e-01
    endloop
  endfacet
  facet normal 0.000000e+00 0.000000e+00 1.000000e+00
    outer loop
      vertex   6.500000e-02 6.500000e-02 2.500000e-01
      vertex   5.327754e-03 5.976299e-02 2.500000e-01
      vertex   8.858794e-03 5.934241e-02 2.500000e-01
    endloop
  endfacet
  facet normal 0.000000e+00 -0.000000e+00 1.000000e+00
    outer loop
      vertex   -6.500000e-02 -6.500000e-02 2.500000e-01
      vertex   -6.000000e-02 0.000000e+00 2.500000e-01
      vertex   -6.500000e-02 6.500000e-02 2.500000e-01
    endloop
  endfacet
  facet normal 0.000000e+00 0.000000e+00 1.000000e+00
    outer loop
      vertex   -6.500000e-02 6.500000e-02 2.500000e-01
      vertex   -6.000000e-02 0.000000e+00 2.500000e-01
      vertex   -5.989462e-02 3.554438e-03 2.500000e-01
    endloop
  endfacet
  facet normal 0.000000e+00 0.000000e+00 1.000000e+00
    outer loop
      vertex   -6.500000e-02 6.500000e-02 2.500000e-01
      vertex   -5.989462e-02 3.554438e-03 2.500000e-01
      vertex   -5.957887e-02 7.096390e-03 2.500000e-01
    endloop
  endfacet
  facet normal 0.000000e+00 0.000000e+00 1.000000e+00
    outer loop
      vertex   5.957887e-02 -7.096390e-03 2.500000e-01
      vertex   5.905383e-02 -1.061342e-02 2.500000e-01
      vertex   6.500000e-02 -6.500000e-02 2.500000e-01
    endloop
  endfacet
  facet normal 0.000000e+00 0.000000e+00 1.000000e+00
    outer loop
      vertex   6.500000e-02 -6.500000e-02 2.500000e-01
      vertex   5.905383e-02 -1.061342e-02 2.500000e-01
      vertex   5.832137e-02 -1.409316e-02 2.500000e-01
    endloop
  endfacet
  facet normal 0.000000e+00 0.000000e+00 1.000000e+00
    outer loop
      vertex   6.500000e-02 -6.500000e-02 2.500000e-01
      vertex   5.832137e-02 -1.409316e-02 2.500000e-01
      vertex   5.738406e-02 -1.752341e-02 2.500000e-01
    endloop
  endfacet
  facet normal 0.000000e+00 0.000000e+00 1.000000e+00
    outer loop
      vertex   5.738406e-02 -1.752341e-02 2.500000e-01
      vertex   5.624518e-02 -2.089210e-02 2.500000e-01
      vertex   6.500000e-02 -6.500000e-02 2.500000e-01
    endloop
  endfacet
  facet normal 0.000000e+00 0.000000e+00 1.000000e+00
    outer loop
      vertex   6.500000e-02 -6.500000e-02 2.500000e-01
      vertex   5.624518e-02 -2.089210e-02 2.500000e-01
      vertex   5.490874e-02 -2.418741e-02 2.500000e-01
    endloop
  endfacet
  facet normal 0.000000e+00 0.000000e+00 1.000000e+00
    outer loop
      vertex   6.500000e-02 -6.500000e-02 2.500000e-01
      vertex   5.490874e-02 -2.418741e-02 2.500000e-01
      vertex   5.337943e-02 -2.739775e-02 2.500000e-01
    endloop
  endfacet
  facet normal 0.000000e+00 0.000000e+00 1.000000e+00
    outer loop
      vertex   5.337943e-02 -2.739775e-02 2.500000e-01
      vertex   5.166262e-02 -3.051187e-02 2.500000e-01
      vertex   6.500000e-02 -6.500000e-02 2.500000e-01
    endloop
  endfacet
  facet normal 0.000000e+00 0.000000e+00 1.000000e+00
    outer loop
      vertex   6.500000e-02 -6.500000e-02 2.500000e-01
      vertex   5.166262e-02 -3.051187e-02 2.500000e-01
      vertex   4.976434e-02 -3.351881e-02 2.500000e-01
    endloop
  endfacet
  facet normal 0.000000e+00 0.000000e+00 1.000000e+00
    outer loop
      vertex   6.500000e-02 -6.500000e-02 2.500000e-01
      vertex   4.976434e-02 -3.351881e-02 2.500000e-01
      vertex   4.769127e-02 -3.640801e-02 2.500000e-01
    endloop
  endfacet
  facet normal 0.000000e+00 0.000000e+00 1.000000e+00
    outer loop
      vertex   4.769127e-02 -3.640801e-02 2.500000e-01
      vertex   4.545067e-02 -3.916933e-02 2.500000e-01
      vertex   6.500000e-02 -6.500000e-02 2.500000e-01
    endloop
  endfacet
  facet normal 0.000000e+00 0.000000e+00 1.000000e+00
    outer loop
      vertex   6.500000e-02 -6.500000e-02 2.500000e-01
      vertex   4.545067e-02 -3.916933e-02 2.500000e-01
      vertex   4.305044e-02 -4.179306e-02 2.500000e-01
    endloop
  endfacet
  facet normal 0.000000e+00 0.000000e+00 1.000000e+00
    outer loop
      vertex   6.500000e-02 -6.500000e-02 2.500000e-01
      vertex   4.305044e-02 -4.179306e-02 2.500000e-01
      vertex   4.049898e-02 -4.427000e-02 2.500000e-01
    endloop
  endfacet
  facet normal 0.000000e+00 0.000000e+00 1.000000e+00
    outer loop
      vertex   4.049898e-02 -4.427000e-02 2.500000e-01
      vertex   3.780527e-02 -4.659143e-02 2.500000e-01
      vertex   6.500000e-02 -6.500000e-02 2.500000e-01
    endloop
  endfacet
  facet normal 0.000000e+00 0.000000e+00 1.000000e+00
    outer loop
      vertex   6.500000e-02 -6.500000e-02 2.500000e-01
      vertex   3.780527e-02 -4.659143e-02 2.500000e-01
      vertex   3.497877e-02 -4.874921e-02 2.500000e-01
    endloop
  endfacet
  facet normal 0.000000e+00 0.000000e+00 1.000000e+00
    outer loop
      vertex   6.500000e-02 -6.500000e-02 2.500000e-01
      vertex   3.497877e-02 -4.874921e-02 2.500000e-01
      vertex   3.202940e-02 -5.073576e-02 2.500000e-01
    endloop
  endfacet
  facet normal 0.000000e+00 0.000000e+00 1.000000e+00
    outer loop
      vertex   3.202940e-02 -5.073576e-02 2.500000e-01
      vertex   2.896753e-02 -5.254410e-02 2.500000e-01
      vertex   6.500000e-02 -6.500000e-02 2.500000e-01
    endloop
  endfacet
  facet normal 0.000000e+00 0.000000e+00 1.000000e+00
    outer loop
      vertex   6.500000e-02 -6.500000e-02 2.500000e-01
      vertex   2.896753e-02 -5.254410e-02 2.500000e-01
      vertex   2.580391e-02 -5.416787e-02 2.500000e-01
    endloop
  endfacet
  facet normal 0.000000e+00 0.000000e+00 1.000000e+00
    outer loop
      vertex   6.500000e-02 -6.500000e-02 2.500000e-01
      vertex   2.580391e-02 -5.416787e-02 2.500000e-01
      vertex   2.254965e-02 -5.560138e-02 2.500000e-01
    endloop
  endfacet
  facet normal 0.000000e+00 0.000000e+00 1.000000e+00
    outer loop
      vertex   2.254965e-02 -5.560138e-02 2.500000e-01
      vertex   1.921619e-02 -5.683958e-02 2.500000e-01
      vertex   6.500000e-02 -6.500000e-02 2.500000e-01
    endloop
  endfacet
  facet normal 0.000000e+00 0.000000e+00 1.000000e+00
    outer loop
      vertex   6.500000e-02 -6.500000e-02 2.500000e-01
      vertex   1.921619e-02 -5.683958e-02 2.500000e-01
      vertex   1.581523e-02 -5.787813e-02 2.500000e-01
    endloop
  endfacet
  facet normal 0.000000e+00 0.000000e+00 1.000000e+00
    outer loop
      vertex   6.500000e-02 -6.500000e-02 2.500000e-01
      vertex   1.581523e-02 -5.787813e-02 2.500000e-01
      vertex   1.235872e-02 -5.871339e-02 2.500000e-01
    endloop
  endfacet
  facet normal 0.000000e+00 0.000000e+00 1.000000e+00
    outer loop
      vertex   1.235872e-02 -5.871339e-02 2.500000e-01
      vertex   8.858794e-03 -5.934241e-02 2.500000e-01
      vertex   6.500000e-02 -6.500000e-02 2.500000e-01
    endloop
  endfacet
  facet normal 0.000000e+00 0.000000e+00 1.000000e+00
    outer loop
      vertex   6.500000e-02 -6.500000e-02 2.500000e-01
      vertex   8.858794e-03 -5.934241e-02 2.500000e-01
      vertex   5.327754e-03 -5.976299e-02 2.500000e-01
    endloop
  endfacet
  facet normal 0.000000e+00 0.000000e+00 1.000000e+00
    outer loop
      vertex   6.500000e-02 -6.500000e-02 2.500000e-01
      vertex   5.327754e-03 -5.976299e-02 2.500000e-01
      vertex   1.778000e-03 -5.997365e-02 2.500000e-01
    endloop
  endfacet
  facet normal 0.000000e+00 0.000000e+00 1.000000e+00
    outer loop
      vertex   1.778000e-03 -5.997365e-02 2.500000e-01
      vertex   -1.778000e-03 -5.997365e-02 2.500000e-01
      vertex   6.500000e-02 -6.500000e-02 2.500000e-01
    endloop
  endfacet
  facet normal 0.000000e+00 0.000000e+00 1.000000e+00
    outer loop
      vertex   -8.858794e-03 -5.934241e-02 2.500000e-01
      vertex   -1.235872e-02 -5.871339e-02 2.500000e-01
      vertex   -6.500000e-02 -6.500000e-02 2.500000e-01
    endloop
  endfacet
  facet normal 0.000000e+00 0.000000e+00 1.000000e+00
    outer loop
      vertex   -6.500000e-02 -6.500000e-02 2.500000e-01
      vertex   -1.235872e-02 -5.871339e-02 2.500000e-01
      vertex   -1.581523e-02 -5.787813e-02 2.500000e-01
    endloop
  endfacet
  facet normal 0.000000e+00 0.000000e+00 1.000000e+00
    outer loop
      vertex   -6.500000e-02 -6.500000e-02 2.500000e-01
      vertex   -1.581523e-02 -5.787813e-02 2.500000e-01
      vertex   -1.921619e-02 -5.683958e-02 2.500000e-01
    endloop
  endfacet
  facet normal 0.000000e+00 0.000000e+00 1.000000e+00
    outer loop
      vertex   -1.921619e-02 -5.683958e-02 2.500000e-01
      vertex   -2.254965e-02 -5.560138e-02 2.500000e-01
      vertex   -6.500000e-02 -6.500000e-02 2.500000e-01
    endloop
  endfacet
  facet normal 0.000000e+00 0.000000e+00 1.000000e+00
    outer loop
      vertex   -6.500000e-02 -6.500000e-02 2.500000e-01
      vertex   -2.254965e-02 -5.560138e-02 2.500000e-01
      vertex   -2.580391e-02 -5.416787e-02 2.500000e-01
    endloop
  endfacet
  facet normal 0.000000e+00 0.000000e+00 1.000000e+00
    outer loop
      vertex   -6.500000e-02 -6.500000e-02 2.500000e-01
      vertex   -2.580391e-02 -5.416787e-02 2.500000e-01
      vertex   -2.896753e-02 -5.254410e-02 2.500000e-01
    endloop
  endfacet
  facet normal 0.000000e+00 0.000000e+00 1.000000e+00
    outer loop
      vertex   -2.896753e-02 -5.254410e-02 2.500000e-01
      vertex   -3.202940e-02 -5.073576e-02 2.500000e-01
      vertex   -6.500000e-02 -6.500000e-02 2.500000e-01
    endloop
  endfacet
  facet normal 0.000000e+00 0.000000e+00 1.000000e+00
    outer loop
      vertex   -6.500000e-02 -6.500000e-02 2.500000e-01
      vertex   -3.202940e-02 -5.073576e-02 2.500000e-01
      vertex   -3.497877e-02 -4.874921e-02 2.500000e-01
    endloop
  endfacet
  facet normal 0.000000e+00 0.000000e+00 1.000000e+00
    outer loop
      vertex   -6.500000e-02 -6.500000e-02 2.500000e-01
      vertex   -3.497877e-02 -4.874921e-02 2.500000e-01
      vertex   -3.780527e-02 -4.659143e-02 2.500000e-01
    endloop
  endfacet
  facet normal 0.000000e+00 0.000000e+00 1.000000e+00
    outer loop
      vertex   -3.780527e-02 -4.659143e-02 2.500000e-01
      vertex   -4.049898e-02 -4.427000e-02 2.500000e-01
      vertex   -6.500000e-02 -6.500000e-02 2.500000e-01
    endloop
  endfacet
  facet normal 0.000000e+00 0.000000e+00 1.000000e+00
    outer loop
      vertex   -6.500000e-02 -6.500000e-02 2.500000e-01
      vertex   -4.049898e-02 -4.427000e-02 2.500000e-01
      vertex   -4.305044e-02 -4.179306e-02 2.500000e-01
    endloop
  endfacet
  facet normal 0.000000e+00 0.000000e+00 1.000000e+00
    outer loop
      vertex   -6.500000e-02 -6.500000e-02 2.500000e-01
      vertex   -4.305044e-02 -4.179306e-02 2.500000e-01
      vertex   -4.545067e-02 -3.916933e-02 2.500000e-01
    endloop
  endfacet
  facet normal 0.000000e+00 0.000000e+00 1.000000e+00
    outer loop
      vertex   -4.545067e-02 -3.916933e-02 2.500000e-01
      vertex   -4.769127e-02 -3.640801e-02 2.500000e-01
      vertex   -6.500000e-02 -6.500000e-02 2.500000e-01
    endloop
  endfacet
  facet normal 0.000000e+00 0.000000e+00 1.000000e+00
    outer loop
      vertex   -6.500000e-02 -6.500000e-02 2.500000e-01
      vertex   -4.769127e-02 -3.640801e-02 2.500000e-01
      vertex   -4.976434e-02 -3.351881e-02 2.500000e-01
    endloop
  endfacet
  facet normal 0.000000e+00 0.000000e+00 1.000000e+00
    outer loop
      vertex   -6.500000e-02 -6.500000e-02 2.500000e-01
      vertex   -4.976434e-02 -3.351881e-02 2.500000e-01
      vertex   -5.166262e-02 -3.051187e-02 2.500000e-01
    endloop
  endfacet
  facet normal 0.000000e+00 0.000000e+00 1.000000e+00
    outer loop
      vertex   -5.166262e-02 -3.051187e-02 2.500000e-01
      vertex   -5.337943e-02 -2.739775e-02 2.500000e-01
      vertex   -6.500000e-02 -6.500000e-02 2.500000e-01
    endloop
  endfacet
  facet normal 0.000000e+00 0.000000e+00 1.000000e+00
    outer loop
      vertex   -6.500000e-02 -6.500000e-02 2.500000e-01
      vertex   -5.337943e-02 -2.739775e-02 2.500000e-01
      vertex   -5.490874e-02 -2.418741e-02 2.500000e-01
    endloop
  endfacet
  facet normal 0.000000e+00 0.000000e+00 1.000000e+00
    outer loop
      vertex   -6.500000e-02 -6.500000e-02 2.500000e-01
      vertex   -5.490874e-02 -2.418741e-02 2.500000e-01
      vertex   -5.624518e-02 -2.089210e-02 2.500000e-01
    endloop
  endfacet
  facet normal 0.000000e+00 0.000000e+00 1.000000e+00
    outer loop
      vertex   -5.624518e-02 -2.089210e-02 2.500000e-01
      vertex   -5.738406e-02 -1.752341e-02 2.500000e-01
      vertex   -6.500000e-02 -6.500000e-02 2.500000e-01
    endloop
  endfacet
  facet normal 0.000000e+00 0.000000e+00 1.000000e+00
    outer loop
      vertex   -6.500000e-02 -6.500000e-02 2.500000e-01
      vertex   -5.738406e-02 -1.752341e-02 2.500000e-01
      vertex   -5.832137e-02 -1.409316e-02 2.500000e-01
    endloop
  endfacet
  facet normal 0.000000e+00 0.000000e+00 1.000000e+00
    outer loop
      vertex   -6.500000e-02 -6.500000e-02 2.500000e-01
      vertex   -5.832137e-02 -1.409316e-02 2.500000e-01
      vertex   -5.905383e-02 -1.061342e-02 2.500000e-01
    endloop
  endfacet
  facet normal 0.000000e+00 0.000000e+00 1.000000e+00
    outer loop
      vertex   -5.905383e-02 -1.061342e-02 2.500000e-01
      vertex   -5.957887e-02 -7.096390e-03 2.500000e-01
      vertex   -6.500000e-02 -6.500000e-02 2.500000e-01
    endloop
  endfacet
  facet normal 0.000000e+00 0.000000e+00 1.000000e+00
    outer loop
      vertex   -6.500000e-02 -6.500000e-02 2.500000e-01
      vertex   -5.957887e-02 -7.096390e-03 2.500000e-01
      vertex   -5.989462e-02 -3.554438e-03 2.500000e-01
    endloop
  endfacet
  facet normal 0.000000e+00 0.000000e+00 1.000000e+00
    outer loop
      vertex   -6.500000e-02 -6.500000e-02 2.500000e-01
      vertex   -5.989462e-02 -3.554438e-03 2.500000e-01
      vertex   -6.000000e-02 0.000000e+00 2.500000e-01
    endloop
  endfacet
  facet normal 0.000000e+00 -0.000000e+00 1.000000e+00
    outer loop
      vertex   -5.957887e-02 7.096390e-03 2.500000e-01
      vertex   -5.905383e-02 1.061342e-02 2.500000e-01
      vertex   -6.500000e-02 6.500000e-02 2.500000e-01
    endloop
  endfacet
  facet normal 0.000000e+00 0.000000e+00 1.000000e+00
    outer loop
      vertex   -6.500000e-02 6.500000e-02 2.500000e-01
      vertex   -5.905383e-02 1.061342e-02 2.500000e-01
      vertex   -5.832137e-02 1.409316e-02 2.500000e-01
    endloop
  endfacet
  facet normal 0.000000e+00 0.000000e+00 1.000000e+00
    outer loop
      vertex   -6.500000e-02 6.500000e-02 2.500000e-01
      vertex   -5.832137e-02 1.409316e-02 2.500000e-01
      vertex   -5.738406e-02 1.752341e-02 2.500000e-01
    endloop
  endfacet
  facet normal 0.000000e+00 -0.000000e+00 1.000000e+00
    outer loop
      vertex   -5.738406e-02 1.752341e-02 2.500000e-01
      vertex   -5.624518e-02 2.089210e-02 2.500000e-01
      vertex   -6.500000e-02 6.500000e-02 2.500000e-01
    endloop
  endfacet
  facet normal 0.000000e+00 0.000000e+00 1.000000e+00
    outer loop
      vertex   -6.500000e-02 6.500000e-02 2.500000e-01
      vertex   -5.624518e-02 2.089210e-02 2.500000e-01
      vertex   -5.490874e-02 2.418741e-02 2.500000e-01
    endloop
  endfacet
  facet normal 0.000000e+00 0.000000e+00 1.000000e+00
    outer loop
      vertex   -6.500000e-02 6.500000e-02 2.500000e-01
      vertex   -5.490874e-02 2.418741e-02 2.500000e-01
      vertex   -5.337943e-02 2.739775e-02 2.500000e-01
    endloop
  endfacet
  facet normal 0.000000e+00 -0.000000e+00 1.000000e+00
    outer loop
      vertex   -5.337943e-02 2.739775e-02 2.500000e-01
      vertex   -5.166262e-02 3.051187e-02 2.500000e-01
      vertex   -6.500000e-02 6.500000e-02 2.500000e-01
    endloop
  endfacet
  facet normal 0.000000e+00 0.000000e+00 1.000000e+00
    outer loop
      vertex   -6.500000e-02 6.500000e-02 2.500000e-01
      vertex   -5.166262e-02 3.051187e-02 2.500000e-01
      vertex   -4.976434e-02 3.351881e-02 2.500000e-01
    endloop
  endfacet
  facet normal 0.000000e+00 0.000000e+00 1.000000e+00
    outer loop
      vertex   -6.500000e-02 6.500000e-02 2.500000e-01
      vertex   -4.976434e-02 3.351881e-02 2.500000e-01
      vertex   -4.769127e-02 3.640801e-02 2.500000e-01
    endloop
  endfacet
  facet normal 0.000000e+00 -0.000000e+00 1.000000e+00
    outer loop
      vertex   -4.769127e-02 3.640801e-02 2.500000e-01
      vertex   -4.545067e-02 3.916933e-02 2.500000e-01
      vertex   -6.500000e-02 6.500000e-02 2.500000e-01
    endloop
  endfacet
  facet normal 0.000000e+00 0.000000e+00 1.000000e+00
    outer loop
      vertex   -6.500000e-02 6.500000e-02 2.500000e-01
      vertex   -4.545067e-02 3.916933e-02 2.500000e-01
      vertex   -4.305044e-02 4.179306e-02 2.500000e-01
    endloop
  endfacet
  facet normal 0.000000e+00 0.000000e+00 1.000000e+00
    outer loop
      vertex   -6.500000e-02 6.500000e-02 2.500000e-01
      vertex   -4.305044e-02 4.179306e-02 2.500000e-01
      vertex   -4.049898e-02 4.427000e-02 2.500000e-01
    endloop
  endfacet
  facet normal 0.000000e+00 -0.000000e+00 1.000000e+00
    outer loop
      vertex   -4.049898e-02 4.427000e-02 2.500000e-01
      vertex   -3.780527e-02 4.659143e-02 2.500000e-01
      vertex   -6.500000e-02 6.500000e-02 2.500000e-01
    endloop
  endfacet
  facet normal 0.000000e+00 0.000000e+00 1.000000e+00
    outer loop
      vertex   -6.500000e-02 6.500000e-02 2.500000e-01
      vertex   -3.780527e-02 4.659143e-02 2.500000e-01
      vertex   -3.497877e-02 4.874921e-02 2.500000e-01
    endloop
  endfacet
  facet normal 0.000000e+00 0.000000e+00 1.000000e+00
    outer loop
      vertex   -6.500000e-02 6.500000e-02 2.500000e-01
      vertex   -3.497877e-02 4.874921e-02 2.500000e-01
      vertex   -3.202940e-02 5.073576e-02 2.500000e-01
    endloop
  endfacet
  facet normal 0.000000e+00 -0.000000e+00 1.000000e+00
    outer loop
      vertex   -3.202940e-02 5.073576e-02 2.500000e-01
      vertex   -2.896753e-02 5.254410e-02 2.500000e-01
      vertex   -6.500000e-02 6.500000e-02 2.500000e-01
    endloop
  endfacet
  facet normal 0.000000e+00 0.000000e+00 1.000000e+00
    outer loop
      vertex   -6.500000e-02 6.500000e-02 2.500000e-01
      vertex   -2.896753e-02 5.254410e-02 2.500000e-01
      vertex   -2.580391e-02 5.416787e-02 2.500000e-01
    endloop
  endfacet
  facet normal 0.000000e+00 0.000000e+00 1.000000e+00
    outer loop
      vertex   -6.500000e-02 6.500000e-02 2.500000e-01
      vertex   -2.580391e-02 5.416787e-02 2.500000e-01
      vertex   -2.254965e-02 5.560138e-02 2.500000e-01
    endloop
  endfacet
  facet normal 0.000000e+00 -0.000000e+00 1.000000e+00
    outer loop
      vertex   -2.254965e-02 5.560138e-02 2.500000e-01
      vertex   -1.921619e-02 5.683958e-02 2.500000e-01
      vertex   -6.500000e-02 6.500000e-02 2.500000e-01
    endloop
  endfacet
  facet normal 0.000000e+00 0.000000e+00 1.000000e+00
    outer loop
      vertex   -6.500000e-02 6.500000e-02 2.500000e-01
      vertex   -1.921619e-02 5.683958e-02 2.500000e-01
      vertex   -1.581523e-02 5.787813e-02 2.500000e-01
    endloop
  endfacet
  facet normal 0.000000e+00 0.000000e+00 1.000000e+00
    outer loop
      vertex   -6.500000e-02 6.500000e-02 2.500000e-01
      vertex   -1.581523e-02 5.787813e-02 2.500000e-01
      vertex   -1.235872e-02 5.871339e-02 2.500000e-01
    endloop
  endfacet
  facet normal 0.000000e+00 -0.000000e+00 1.000000e+00
    outer loop
      vertex   -1.235872e-02 5.871339e-02 2.500000e-01
      vertex   -8.858794e-03 5.934241e-02 2.500000e-01
      vertex   -6.500000e-02 6.500000e-02 2.500000e-01
    endloop
  endfacet
  facet normal 0.000000e+00 0.000000e+00 1.000000e+00
    outer loop
      vertex   -6.500000e-02 6.500000e-02 2.500000e-01
      vertex   -8.858794e-03 5.934241e-02 2.500000e-01
      vertex   -5.327754e-03 5.976299e-02 2.500000e-01
    endloop
  endfacet
  facet normal 0.000000e+00 0.000000e+00 1.000000e+00
    outer loop
      vertex   -6.500000e-02 6.500000e-02 2.500000e-01
      vertex   -5.327754e-03 5.976299e-02 2.500000e-01
      vertex   -1.778000e-03 5.997365e-02 2.500000e-01
    endloop
  endfacet
  facet normal 0.000000e+00 -0.000000e+00 1.000000e+00
    outer loop
      vertex   -1.778000e-03 5.997365e-02 2.500000e-01
      vertex   1.778000e-03 5.997365e-02 2.500000e-01
      vertex   -6.500000e-02 6.500000e-02 2.500000e-01
    endloop
  endfacet
  facet normal -0.000000e+00 0.000000e+00 1.000000e+00
    outer loop
      vertex   8.858794e-03 5.934241e-02 2.500000e-01
      vertex   1.235872e-02 5.871339e-02 2.500000e-01
      vertex   6.500000e-02 6.500000e-02 2.500000e-01
    endloop
  endfacet
  facet normal 0.000000e+00 0.000000e+00 1.000000e+00
    outer loop
      vertex   6.500000e-02 6.500000e-02 2.500000e-01
      vertex   1.235872e-02 5.871339e-02 2.500000e-01
      vertex   1.581523e-02 5.787813e-02 2.500000e-01
    endloop
  endfacet
  facet normal 0.000000e+00 0.000000e+00 1.000000e+00
    outer loop
      vertex   6.500000e-02 6.500000e-02 2.500000e-01
      vertex   1.581523e-02 5.787813e-02 2.500000e-01
      vertex   1.921619e-02 5.683958e-02 2.500000e-01
    endloop
  endfacet
  facet normal -0.000000e+00 0.000000e+00 1.000000e+00
    outer loop
      vertex   1.921619e-02 5.683958e-02 2.500000e-01
      vertex   2.254965e-02 5.560138e-02 2.500000e-01
      vertex   6.500000e-02 6.500000e-02 2.500000e-01
    endloop
  endfacet
  facet normal 0.000000e+00 0.000000e+00 1.000000e+00
    outer loop
      vertex   6.500000e-02 6.500000e-02 2.500000e-01
      vertex   2.254965e-02 5.560138e-02 2.500000e-01
      vertex   2.580391e-02 5.416787e-02 2.500000e-01
    endloop
  endfacet
  facet normal 0.000000e+00 0.000000e+00 1.000000e+00
    outer loop
      vertex   6.500000e-02 6.500000e-02 2.500000e-01
      vertex   2.580391e-02 5.416787e-02 2.500000e-01
      vertex   2.896753e-02 5.254410e-02 2.500000e-01
    endloop
  endfacet
  facet normal -0.000000e+00 0.000000e+00 1.000000e+00
    outer loop
      vertex   2.896753e-02 5.254410e-02 2.500000e-01
      vertex   3.202940e-02 5.073576e-02 2.500000e-01
      vertex   6.500000e-02 6.500000e-02 2.500000e-01
    endloop
  endfacet
  facet normal 0.000000e+00 0.000000e+00 1.000000e+00
    outer loop
      vertex   6.500000e-02 6.500000e-02 2.500000e-01
      vertex   3.202940e-02 5.073576e-02 2.500000e-01
      vertex   3.497877e-02 4.874921e-02 2.500000e-01
    endloop
  endfacet
  facet normal 0.000000e+00 0.000000e+00 1.000000e+00
    outer loop
      vertex   6.500000e-02 6.500000e-02 2.500000e-01
      vertex   3.497877e-02 4.874921e-02 2.500000e-01
      vertex   3.780527e-02 4.659143e-02 2.500000e-01
    endloop
  endfacet
  facet normal -0.000000e+00 0.000000e+00 1.000000e+00
    outer loop
      vertex   3.780527e-02 4.659143e-02 2.500000e-01
      vertex   4.049898e-02 4.427000e-02 2.500000e-01
      vertex   6.500000e-02 6.500000e-02 2.500000e-01
    endloop
  endfacet
  facet normal 0.000000e+00 0.000000e+00 1.000000e+00
    outer loop
      vertex   6.500000e-02 6.500000e-02 2.500000e-01
      vertex   4.049898e-02 4.427000e-02 2.500000e-01
      vertex   4.305044e-02 4.179306e-02 2.500000e-01
    endloop
  endfacet
  facet normal 0.000000e+00 0.000000e+00 1.000000e+00
    outer loop
      vertex   6.500000e-02 6.500000e-02 2.500000e-01
      vertex   4.305044e-02 4.179306e-02 2.500000e-01
      vertex   4.545067e-02 3.916933e-02 2.500000e-01
    endloop
  endfacet
  facet normal -0.000000e+00 0.000000e+00 1.000000e+00
    outer loop
      vertex   4.545067e-02 3.916933e-02 2.500000e-01
      vertex   4.769127e-02 3.640801e-02 2.500000e-01
      vertex   6.500000e-02 6.500000e-02 2.500000e-01
    endloop
  endfacet
  facet normal 0.000000e+00 0.000000e+00 1.000000e+00
    outer loop
      vertex   6.500000e-02 6.500000e-02 2.500000e-01
      vertex   4.769127e-02 3.640801e-02 2.500000e-01
      vertex   4.976434e-02 3.351881e-02 2.500000e-01
    endloop
  endfacet
  facet normal 0.000000e+00 0.000000e+00 1.000000e+00
    outer loop
      vertex   6.500000e-02 6.500000e-02 2.500000e-01
      vertex   4.976434e-02 3.351881e-02 2.500000e-01
      vertex   5.166262e-02 3.051187e-02 2.500000e-01
    endloop
  endfacet
  facet normal -0.000000e+00 0.000000e+00 1.000000e+00
    outer loop
      vertex   5.166262e-02 3.051187e-02 2.500000e-01
      vertex   5.337943e-02 2.739775e-02 2.500000e-01
      vertex   6.500000e-02 6.500000e-02 2.500000e-01
    endloop
  endfacet
  facet normal 0.000000e+00 0.000000e+00 1.000000e+00
    outer loop
      vertex   6.500000e-02 6.500000e-02 2.500000e-01
      vertex   5.337943e-02 2.739775e-02 2.500000e-01
      vertex   5.490874e-02 2.418741e-02 2.500000e-01
    endloop
  endfacet
  facet normal 0.000000e+00 0.000000e+00 1.000000e+00
    outer loop
      vertex   6.500000e-02 6.500000e-02 2.500000e-01
      vertex   5.490874e-02 2.418741e-02 2.500000e-01
      vertex   5.624518e-02 2.089210e-02 2.500000e-01
    endloop
  endfacet
  facet normal -0.000000e+00 0.000000e+00 1.000000e+00
    outer loop
      vertex   5.624518e-02 2.089210e-02 2.500000e-01
      vertex   5.738406e-02 1.752341e-02 2.500000e-01
      vertex   6.500000e-02 6.500000e-02 2.500000e-01
    endloop
  endfacet
  facet normal 0.000000e+00 0.000000e+00 1.000000e+00
    outer loop
      vertex   6.500000e-02 6.500000e-02 2.500000e-01
      vertex   5.738406e-02 1.752341e-02 2.500000e-01
      vertex   5.832137e-02 1.409316e-02 2.500000e-01
    endloop
  endfacet
  facet normal 0.000000e+00 0.000000e+00 1.000000e+00
    outer loop
      vertex   6.500000e-02 6.500000e-02 2.500000e-01
      vertex   5.832137e-02 1.409316e-02 2.500000e-01
      vertex   5.905383e-02 1.061342e-02 2.500000e-01
    endloop
  endfacet
  facet normal -0.000000e+00 0.000000e+00 1.000000e+00
    outer loop
      vertex   5.905383e-02 1.061342e-02 2.500000e-01
      vertex   5.957887e-02 7.096390e-03 2.500000e-01
      vertex   6.500000e-02 6.500000e-02 2.500000e-01
    endloop
  endfacet
  facet normal 0.000000e+00 0.000000e+00 1.000000e+00
    outer loop
      vertex   6.500000e-02 6.500000e-02 2.500000e-01
      vertex   5.957887e-02 7.096390e-03 2.500000e-01
      vertex   5.989462e-02 3.554438e-03 2.500000e-01
    endloop
  endfacet
  facet normal 0.000000e+00 0.000000e+00 1.000000e+00
    outer loop
      vertex   6.500000e-02 6.500000e-02 2.500000e-01
      vertex   5.989462e-02 3.554438e-03 2.500000e-01
      vertex   6.000000e-02 8.881784e-18 2.500000e-01
    endloop
  endfacet
endsolid
